ISO-10303-21;
HEADER;
FILE_DESCRIPTION(('STEP AP242'),
    '1');
FILE_NAME('—борка',
    '',
    ('UNSPECIFIED'),
    ('UNSPECIFIED'),
    'C3D Converter',
    'C3D Toolkit',
    '');
FILE_SCHEMA(('AP242_MANAGED_MODEL_BASED_3D_ENGINEERING_MIM_LF { 1 0 10303 442 1 1 4 }'));
ENDSEC;

DATA;
#1=PRODUCT_DEFINITION('','UNSPECIFIED',#15,#18);
#2=SHAPE_DEFINITION_REPRESENTATION(#13,#3);
#3=SHAPE_REPRESENTATION('NONE',(#4,#40,#109,#177),#8);
#4=AXIS2_PLACEMENT_3D('',#5,#6,#7);
#5=CARTESIAN_POINT('',(0.,0.,0.));
#6=DIRECTION('',(0.,0.,1.));
#7=DIRECTION('',(1.,0.,0.));
#8=(GEOMETRIC_REPRESENTATION_CONTEXT(3)GLOBAL_UNCERTAINTY_ASSIGNED_CONTEXT((#10))
GLOBAL_UNIT_ASSIGNED_CONTEXT((#9,#11,#12))REPRESENTATION_CONTEXT('NONE','NONE'));
#9=(LENGTH_UNIT()NAMED_UNIT(*)SI_UNIT(.MILLI.,.METRE.));
#10=UNCERTAINTY_MEASURE_WITH_UNIT(LENGTH_MEASURE(1.E-5),#9,'NONE','NONE');
#11=(NAMED_UNIT(*)PLANE_ANGLE_UNIT()SI_UNIT($,.RADIAN.));
#12=(NAMED_UNIT(*)SI_UNIT($,.STERADIAN.)SOLID_ANGLE_UNIT());
#13=PRODUCT_DEFINITION_SHAPE('NONE','NONE',#1);
#14=MECHANICAL_CONTEXT('NONE',#19,'mechanical');
#15=PRODUCT_DEFINITION_FORMATION_WITH_SPECIFIED_SOURCE('ANY','UNSPECIFIED',#16,.NOT_KNOWN.);
#16=PRODUCT('','\X2\04210431043E0440043A0430\X0\','NONE',(#14));
#17=PRODUCT_RELATED_PRODUCT_CATEGORY('assembly','',(#16));
#18=DESIGN_CONTEXT('detailed design',#19,'design');
#19=APPLICATION_CONTEXT('configuration controlled 3d designs of mechanical parts and assemblies');
#20=APPLICATION_PROTOCOL_DEFINITION('international standard','config_control_design',
1994,#19);
#21=CC_DESIGN_DATE_AND_TIME_ASSIGNMENT(#22,#26,(#1));
#22=DATE_AND_TIME(#23,#24);
#23=CALENDAR_DATE(0,1,1);
#24=LOCAL_TIME(0,0,0.,#25);
#25=COORDINATED_UNIVERSAL_TIME_OFFSET(0,0,.AHEAD.);
#26=DATE_TIME_ROLE('creation_date');
#27=CC_DESIGN_APPROVAL(#28,(#1));
#28=APPROVAL(#29,'UNSPECIFIED');
#29=APPROVAL_STATUS('not_yet_approved');
#30=APPROVAL_DATE_TIME(#31,#28);
#31=DATE_AND_TIME(#32,#33);
#32=CALENDAR_DATE(0,1,1);
#33=LOCAL_TIME(0,0,0.,#34);
#34=COORDINATED_UNIVERSAL_TIME_OFFSET(0,0,.AHEAD.);
#35=PERSON('UNSPECIFIED','*','UNSPECIFIED',('UNSPECIFIED'),('UNSPECIFIED'),('UNSPECIFIED'));
#36=ORGANIZATION('UNSPECIFIED','UNSPECIFIED','UNSPECIFIED');
#37=PERSON_AND_ORGANIZATION(#35,#36);
#38=PERSON_AND_ORGANIZATION_ROLE('creator');
#39=CC_DESIGN_PERSON_AND_ORGANIZATION_ASSIGNMENT(#37,#38,(#15,#1));
#40=AXIS2_PLACEMENT_3D('',#41,#42,#43);
#41=CARTESIAN_POINT('',(0.,0.,0.));
#42=DIRECTION('',(4.06970822272413E-19,-6.12323399573671E-17,1.));
#43=DIRECTION('',(-1.,-1.26634813746307E-16,4.06970822272413E-19));
#44=PRODUCT_DEFINITION('','UNSPECIFIED',#62,#65);
#45=SHAPE_DEFINITION_REPRESENTATION(#60,#46);
#46=SHAPE_REPRESENTATION('NONE',(#4),#8);
#47=MANIFOLD_SOLID_BREP('',#48);
#48=CLOSED_SHELL('',(#245,#254,#263,#272,#281,#290,#299,#308,#317,#326,#335,#344,
#353,#362,#371,#380,#389,#398,#407));
#49=COLOUR_RGB('',0.564705882352941,0.564705882352941,0.564705882352941);
#50=FILL_AREA_STYLE_COLOUR('',#49);
#51=FILL_AREA_STYLE($,(#50));
#52=SURFACE_STYLE_FILL_AREA(#51);
#53=SURFACE_SIDE_STYLE('',(#52));
#54=SURFACE_STYLE_USAGE(.BOTH.,#53);
#55=PRESENTATION_STYLE_ASSIGNMENT((#54));
#56=MECHANICAL_DESIGN_GEOMETRIC_PRESENTATION_REPRESENTATION('NONE',(#57,#125,#193,
#253,#262,#271,#280,#289,#298,#307,#316,#325,#334,#343,#352,#361,#370,#379,#388,
#397,#406,#415,#424,#433,#442,#451,#460,#469,#478,#487,#496,#505,#514,#523,#532,
#541,#550,#559,#568,#577,#586,#595,#604,#613,#622,#631,#640,#649,#658,#667,#676,
#685,#694,#703,#712,#721,#730,#739,#748,#757,#766,#775,#784,#793,#802,#811,#820,
#829,#838,#847,#856,#865,#874,#883,#892,#901,#910,#919,#928,#937,#946,#955,#964,
#973,#982,#991,#1000,#1009,#1018,#1027,#1036,#1045,#1054,#1063,#1072,#1081,#1090,
#1099,#1108,#1117,#1126,#1135,#1144,#1153,#1162,#1171,#1180,#1189,#1198,#1207,#1216,
#1225,#1234,#1243,#1252,#1261,#1270,#1279,#1288,#1297,#1306,#1315,#1324,#1333,#1342,
#1351,#1360,#1369,#1378,#1387,#1396,#1405,#1414,#1423,#1432,#1441,#1450,#1459,#1468,
#1477,#1486,#1495,#1504,#1513,#1522,#1531,#1540,#1549,#1558,#1567,#1576,#1585,#1594,
#1603,#1612,#1621,#1630,#1639,#1648,#1657,#1666,#1675,#1684,#1693,#1702,#1711,#1720,
#1729,#1738,#1747,#1756,#1765,#1774,#1783,#1792,#1801,#1810,#1819,#1828,#1837,#1846,
#1855,#1864,#1873,#1882,#1891,#1900,#1909,#1918,#1927,#1936,#1945,#1954,#1963,#1972,
#1981,#1990,#1999,#2008,#2017,#2026,#2035,#2044,#2053,#2062,#2071,#2080,#2089,#2098,
#2107,#2116,#2125,#2134,#2143,#2152,#2161,#2170,#2179,#2188,#2197,#2206,#2215,#2224,
#2233,#2242,#2251,#2260,#2269,#2278,#2287,#2296,#2305,#2314,#2323,#2332,#2341,#2350,
#2359,#2368,#2377),#8);
#57=STYLED_ITEM('',(#55),#47);
#58=ADVANCED_BREP_SHAPE_REPRESENTATION('NONE',(#47),#8);
#59=SHAPE_REPRESENTATION_RELATIONSHIP('','',#46,#58);
#60=PRODUCT_DEFINITION_SHAPE('NONE','NONE',#44);
#61=MECHANICAL_CONTEXT('NONE',#66,'mechanical');
#62=PRODUCT_DEFINITION_FORMATION_WITH_SPECIFIED_SOURCE('ANY','UNSPECIFIED',#63,.NOT_KNOWN.);
#63=PRODUCT('\X2\041E0441043D043E04320430043D04380435\X0\','SSCNC','NONE',(#61));
#64=PRODUCT_RELATED_PRODUCT_CATEGORY('detail','',(#63));
#65=DESIGN_CONTEXT('detailed design',#66,'design');
#66=APPLICATION_CONTEXT('configuration controlled 3d designs of mechanical parts and assemblies');
#67=APPLICATION_PROTOCOL_DEFINITION('international standard','config_control_design',
1994,#66);
#68=CC_DESIGN_DATE_AND_TIME_ASSIGNMENT(#69,#73,(#44));
#69=DATE_AND_TIME(#70,#71);
#70=CALENDAR_DATE(0,1,1);
#71=LOCAL_TIME(0,0,0.,#72);
#72=COORDINATED_UNIVERSAL_TIME_OFFSET(0,0,.AHEAD.);
#73=DATE_TIME_ROLE('creation_date');
#74=CC_DESIGN_APPROVAL(#75,(#44));
#75=APPROVAL(#76,'UNSPECIFIED');
#76=APPROVAL_STATUS('not_yet_approved');
#77=APPROVAL_DATE_TIME(#78,#75);
#78=DATE_AND_TIME(#79,#80);
#79=CALENDAR_DATE(0,1,1);
#80=LOCAL_TIME(0,0,0.,#81);
#81=COORDINATED_UNIVERSAL_TIME_OFFSET(0,0,.AHEAD.);
#82=PERSON('UNSPECIFIED','*','UNSPECIFIED',('UNSPECIFIED'),('UNSPECIFIED'),('UNSPECIFIED'));
#83=ORGANIZATION('UNSPECIFIED','UNSPECIFIED','UNSPECIFIED');
#84=PERSON_AND_ORGANIZATION(#82,#83);
#85=PERSON_AND_ORGANIZATION_ROLE('creator');
#86=CC_DESIGN_PERSON_AND_ORGANIZATION_ASSIGNMENT(#84,#85,(#62,#44));
#87=ITEM_DEFINED_TRANSFORMATION('','',#4,#40);
#88=(REPRESENTATION_RELATIONSHIP('','',#46,#3)REPRESENTATION_RELATIONSHIP_WITH_TRANSFORMATION(
#87)SHAPE_REPRESENTATION_RELATIONSHIP());
#89=NEXT_ASSEMBLY_USAGE_OCCURRENCE('ANY','\X2\04210431043E0440043A0430\X0\','',#1,
#44,'');
#90=CC_DESIGN_SECURITY_CLASSIFICATION(#91,(#89));
#91=SECURITY_CLASSIFICATION('','',#92);
#92=SECURITY_CLASSIFICATION_LEVEL('unclassified');
#93=CC_DESIGN_DATE_AND_TIME_ASSIGNMENT(#94,#98,(#91));
#94=DATE_AND_TIME(#95,#96);
#95=CALENDAR_DATE(0,1,1);
#96=LOCAL_TIME(0,0,0.,#97);
#97=COORDINATED_UNIVERSAL_TIME_OFFSET(0,0,.AHEAD.);
#98=DATE_TIME_ROLE('classification_date');
#99=CC_DESIGN_APPROVAL(#100,(#91));
#100=APPROVAL(#101,'UNSPECIFIED');
#101=APPROVAL_STATUS('not_yet_approved');
#102=APPROVAL_DATE_TIME(#103,#100);
#103=DATE_AND_TIME(#104,#105);
#104=CALENDAR_DATE(0,1,1);
#105=LOCAL_TIME(0,0,0.,#106);
#106=COORDINATED_UNIVERSAL_TIME_OFFSET(0,0,.AHEAD.);
#107=PRODUCT_DEFINITION_SHAPE('NONE','NONE',#89);
#108=CONTEXT_DEPENDENT_SHAPE_REPRESENTATION(#88,#107);
#109=AXIS2_PLACEMENT_3D('',#110,#111,#112);
#110=CARTESIAN_POINT('',(-5.68640297242351E-14,-110.,340.));
#111=DIRECTION('',(0.,0.,1.));
#112=DIRECTION('',(1.,0.,0.));
#113=PRODUCT_DEFINITION('','UNSPECIFIED',#130,#133);
#114=SHAPE_DEFINITION_REPRESENTATION(#128,#115);
#115=SHAPE_REPRESENTATION('NONE',(#4),#8);
#116=MANIFOLD_SOLID_BREP('',#117);
#117=CLOSED_SHELL('',(#416,#425,#434,#443,#452,#461,#470,#479,#488,#497,#506,#515,
#524,#533,#542,#551,#560,#569,#578,#587,#596,#605,#614,#623,#632,#641,#650,#659,
#668,#677,#686,#695,#704,#713,#722,#731,#740,#749,#758,#767,#776,#785,#794,#803,
#812,#821,#830,#839,#848,#857,#866,#875,#884,#893,#902,#911,#920,#929,#938,#947,
#956,#965,#974,#983,#992,#1001,#1010,#1019,#1028,#1037,#1046,#1055,#1064,#1073,#1082,
#1091,#1100,#1109,#1118,#1127,#1136,#1145,#1154,#1163,#1172,#1181,#1190,#1199,#1208,
#1217,#1226,#1235,#1244,#1253,#1262,#1271,#1280,#1289,#1298,#1307,#1316,#1325,#1334,
#1343,#1352,#1361,#1370,#1379,#1388,#1397,#1406,#1415,#1424,#1433,#1442,#1451,#1460,
#1469,#1478,#1487,#1496,#1505,#1514,#1523,#1532,#1541,#1550,#1559,#1568,#1577,#1586,
#1595,#1604,#1613,#1622,#1631,#1640,#1649,#1658,#1667,#1676,#1685,#1694,#1703,#1712,
#1721,#1730,#1739,#1748,#1757,#1766,#1775,#1784,#1793,#1802,#1811,#1820,#1829,#1838,
#1847,#1856,#1865,#1874,#1883,#1892,#1901,#1910,#1919,#1928,#1937,#1946,#1955,#1964,
#1973,#1982,#1991,#2000,#2009,#2018,#2027,#2036,#2045,#2054,#2063,#2072,#2081,#2090,
#2099,#2108,#2117,#2126,#2135,#2144,#2153,#2162,#2171,#2180,#2189,#2198,#2207,#2216,
#2225,#2234,#2243,#2252,#2261,#2270,#2279,#2288,#2297,#2306,#2315,#2324,#2333));
#118=COLOUR_RGB('',0.564705882352941,0.564705882352941,0.564705882352941);
#119=FILL_AREA_STYLE_COLOUR('',#118);
#120=FILL_AREA_STYLE($,(#119));
#121=SURFACE_STYLE_FILL_AREA(#120);
#122=SURFACE_SIDE_STYLE('',(#121));
#123=SURFACE_STYLE_USAGE(.BOTH.,#122);
#124=PRESENTATION_STYLE_ASSIGNMENT((#123));
#125=STYLED_ITEM('',(#124),#116);
#126=ADVANCED_BREP_SHAPE_REPRESENTATION('NONE',(#116),#8);
#127=SHAPE_REPRESENTATION_RELATIONSHIP('','',#115,#126);
#128=PRODUCT_DEFINITION_SHAPE('NONE','NONE',#113);
#129=MECHANICAL_CONTEXT('NONE',#134,'mechanical');
#130=PRODUCT_DEFINITION_FORMATION_WITH_SPECIFIED_SOURCE('ANY','UNSPECIFIED',#131,
.NOT_KNOWN.);
#131=PRODUCT('SSCNC','\X2\04210442043E043B\X0\','NONE',(#129));
#132=PRODUCT_RELATED_PRODUCT_CATEGORY('detail','',(#131));
#133=DESIGN_CONTEXT('detailed design',#134,'design');
#134=APPLICATION_CONTEXT('configuration controlled 3d designs of mechanical parts and assemblies');
#135=APPLICATION_PROTOCOL_DEFINITION('international standard','config_control_design',
1994,#134);
#136=CC_DESIGN_DATE_AND_TIME_ASSIGNMENT(#137,#141,(#113));
#137=DATE_AND_TIME(#138,#139);
#138=CALENDAR_DATE(0,1,1);
#139=LOCAL_TIME(0,0,0.,#140);
#140=COORDINATED_UNIVERSAL_TIME_OFFSET(0,0,.AHEAD.);
#141=DATE_TIME_ROLE('creation_date');
#142=CC_DESIGN_APPROVAL(#143,(#113));
#143=APPROVAL(#144,'UNSPECIFIED');
#144=APPROVAL_STATUS('not_yet_approved');
#145=APPROVAL_DATE_TIME(#146,#143);
#146=DATE_AND_TIME(#147,#148);
#147=CALENDAR_DATE(0,1,1);
#148=LOCAL_TIME(0,0,0.,#149);
#149=COORDINATED_UNIVERSAL_TIME_OFFSET(0,0,.AHEAD.);
#150=PERSON('UNSPECIFIED','*','UNSPECIFIED',('UNSPECIFIED'),('UNSPECIFIED'),('UNSPECIFIED'));
#151=ORGANIZATION('UNSPECIFIED','UNSPECIFIED','UNSPECIFIED');
#152=PERSON_AND_ORGANIZATION(#150,#151);
#153=PERSON_AND_ORGANIZATION_ROLE('creator');
#154=CC_DESIGN_PERSON_AND_ORGANIZATION_ASSIGNMENT(#152,#153,(#130,#113));
#155=ITEM_DEFINED_TRANSFORMATION('','',#4,#109);
#156=(REPRESENTATION_RELATIONSHIP('','',#115,#3)REPRESENTATION_RELATIONSHIP_WITH_TRANSFORMATION(
#155)SHAPE_REPRESENTATION_RELATIONSHIP());
#157=NEXT_ASSEMBLY_USAGE_OCCURRENCE('ANY','\X2\04210431043E0440043A0430\X0\','',
#1,#113,'');
#158=CC_DESIGN_SECURITY_CLASSIFICATION(#159,(#157));
#159=SECURITY_CLASSIFICATION('','',#160);
#160=SECURITY_CLASSIFICATION_LEVEL('unclassified');
#161=CC_DESIGN_DATE_AND_TIME_ASSIGNMENT(#162,#166,(#159));
#162=DATE_AND_TIME(#163,#164);
#163=CALENDAR_DATE(0,1,1);
#164=LOCAL_TIME(0,0,0.,#165);
#165=COORDINATED_UNIVERSAL_TIME_OFFSET(0,0,.AHEAD.);
#166=DATE_TIME_ROLE('classification_date');
#167=CC_DESIGN_APPROVAL(#168,(#159));
#168=APPROVAL(#169,'UNSPECIFIED');
#169=APPROVAL_STATUS('not_yet_approved');
#170=APPROVAL_DATE_TIME(#171,#168);
#171=DATE_AND_TIME(#172,#173);
#172=CALENDAR_DATE(0,1,1);
#173=LOCAL_TIME(0,0,0.,#174);
#174=COORDINATED_UNIVERSAL_TIME_OFFSET(0,0,.AHEAD.);
#175=PRODUCT_DEFINITION_SHAPE('NONE','NONE',#157);
#176=CONTEXT_DEPENDENT_SHAPE_REPRESENTATION(#156,#175);
#177=AXIS2_PLACEMENT_3D('',#178,#179,#180);
#178=CARTESIAN_POINT('',(-5.68640297242351E-14,-110.,880.));
#179=DIRECTION('',(0.,0.,1.));
#180=DIRECTION('',(1.,0.,0.));
#181=PRODUCT_DEFINITION('','UNSPECIFIED',#198,#201);
#182=SHAPE_DEFINITION_REPRESENTATION(#196,#183);
#183=SHAPE_REPRESENTATION('NONE',(#4),#8);
#184=MANIFOLD_SOLID_BREP('',#185);
#185=CLOSED_SHELL('',(#2342,#2351,#2360,#2369));
#186=COLOUR_RGB('',0.564705882352941,0.564705882352941,0.564705882352941);
#187=FILL_AREA_STYLE_COLOUR('',#186);
#188=FILL_AREA_STYLE($,(#187));
#189=SURFACE_STYLE_FILL_AREA(#188);
#190=SURFACE_SIDE_STYLE('',(#189));
#191=SURFACE_STYLE_USAGE(.BOTH.,#190);
#192=PRESENTATION_STYLE_ASSIGNMENT((#191));
#193=STYLED_ITEM('',(#192),#184);
#194=ADVANCED_BREP_SHAPE_REPRESENTATION('NONE',(#184),#8);
#195=SHAPE_REPRESENTATION_RELATIONSHIP('','',#183,#194);
#196=PRODUCT_DEFINITION_SHAPE('NONE','NONE',#181);
#197=MECHANICAL_CONTEXT('NONE',#202,'mechanical');
#198=PRODUCT_DEFINITION_FORMATION_WITH_SPECIFIED_SOURCE('ANY','UNSPECIFIED',#199,
.NOT_KNOWN.);
#199=PRODUCT('SSCNC','\X2\0428043F0438043D04340435043B044C\X0\','NONE',(#197));
#200=PRODUCT_RELATED_PRODUCT_CATEGORY('detail','',(#199));
#201=DESIGN_CONTEXT('detailed design',#202,'design');
#202=APPLICATION_CONTEXT('configuration controlled 3d designs of mechanical parts and assemblies');
#203=APPLICATION_PROTOCOL_DEFINITION('international standard','config_control_design',
1994,#202);
#204=CC_DESIGN_DATE_AND_TIME_ASSIGNMENT(#205,#209,(#181));
#205=DATE_AND_TIME(#206,#207);
#206=CALENDAR_DATE(0,1,1);
#207=LOCAL_TIME(0,0,0.,#208);
#208=COORDINATED_UNIVERSAL_TIME_OFFSET(0,0,.AHEAD.);
#209=DATE_TIME_ROLE('creation_date');
#210=CC_DESIGN_APPROVAL(#211,(#181));
#211=APPROVAL(#212,'UNSPECIFIED');
#212=APPROVAL_STATUS('not_yet_approved');
#213=APPROVAL_DATE_TIME(#214,#211);
#214=DATE_AND_TIME(#215,#216);
#215=CALENDAR_DATE(0,1,1);
#216=LOCAL_TIME(0,0,0.,#217);
#217=COORDINATED_UNIVERSAL_TIME_OFFSET(0,0,.AHEAD.);
#218=PERSON('UNSPECIFIED','*','UNSPECIFIED',('UNSPECIFIED'),('UNSPECIFIED'),('UNSPECIFIED'));
#219=ORGANIZATION('UNSPECIFIED','UNSPECIFIED','UNSPECIFIED');
#220=PERSON_AND_ORGANIZATION(#218,#219);
#221=PERSON_AND_ORGANIZATION_ROLE('creator');
#222=CC_DESIGN_PERSON_AND_ORGANIZATION_ASSIGNMENT(#220,#221,(#198,#181));
#223=ITEM_DEFINED_TRANSFORMATION('','',#4,#177);
#224=(REPRESENTATION_RELATIONSHIP('','',#183,#3)REPRESENTATION_RELATIONSHIP_WITH_TRANSFORMATION(
#223)SHAPE_REPRESENTATION_RELATIONSHIP());
#225=NEXT_ASSEMBLY_USAGE_OCCURRENCE('ANY','\X2\04210431043E0440043A0430\X0\','',
#1,#181,'');
#226=CC_DESIGN_SECURITY_CLASSIFICATION(#227,(#225));
#227=SECURITY_CLASSIFICATION('','',#228);
#228=SECURITY_CLASSIFICATION_LEVEL('unclassified');
#229=CC_DESIGN_DATE_AND_TIME_ASSIGNMENT(#230,#234,(#227));
#230=DATE_AND_TIME(#231,#232);
#231=CALENDAR_DATE(0,1,1);
#232=LOCAL_TIME(0,0,0.,#233);
#233=COORDINATED_UNIVERSAL_TIME_OFFSET(0,0,.AHEAD.);
#234=DATE_TIME_ROLE('classification_date');
#235=CC_DESIGN_APPROVAL(#236,(#227));
#236=APPROVAL(#237,'UNSPECIFIED');
#237=APPROVAL_STATUS('not_yet_approved');
#238=APPROVAL_DATE_TIME(#239,#236);
#239=DATE_AND_TIME(#240,#241);
#240=CALENDAR_DATE(0,1,1);
#241=LOCAL_TIME(0,0,0.,#242);
#242=COORDINATED_UNIVERSAL_TIME_OFFSET(0,0,.AHEAD.);
#243=PRODUCT_DEFINITION_SHAPE('NONE','NONE',#225);
#244=CONTEXT_DEPENDENT_SHAPE_REPRESENTATION(#224,#243);
#245=ADVANCED_FACE('',(#2378),#2380,.F.);
#246=COLOUR_RGB('',0.564705882352941,0.564705882352941,0.564705882352941);
#247=FILL_AREA_STYLE_COLOUR('',#246);
#248=FILL_AREA_STYLE($,(#247));
#249=SURFACE_STYLE_FILL_AREA(#248);
#250=SURFACE_SIDE_STYLE('',(#249));
#251=SURFACE_STYLE_USAGE(.BOTH.,#250);
#252=PRESENTATION_STYLE_ASSIGNMENT((#251));
#253=STYLED_ITEM('',(#252),#245);
#254=ADVANCED_FACE('',(#2385,#2387),#2389,.T.);
#255=COLOUR_RGB('',0.564705882352941,0.564705882352941,0.564705882352941);
#256=FILL_AREA_STYLE_COLOUR('',#255);
#257=FILL_AREA_STYLE($,(#256));
#258=SURFACE_STYLE_FILL_AREA(#257);
#259=SURFACE_SIDE_STYLE('',(#258));
#260=SURFACE_STYLE_USAGE(.BOTH.,#259);
#261=PRESENTATION_STYLE_ASSIGNMENT((#260));
#262=STYLED_ITEM('',(#261),#254);
#263=ADVANCED_FACE('',(#2394),#2396,.T.);
#264=COLOUR_RGB('',0.564705882352941,0.564705882352941,0.564705882352941);
#265=FILL_AREA_STYLE_COLOUR('',#264);
#266=FILL_AREA_STYLE($,(#265));
#267=SURFACE_STYLE_FILL_AREA(#266);
#268=SURFACE_SIDE_STYLE('',(#267));
#269=SURFACE_STYLE_USAGE(.BOTH.,#268);
#270=PRESENTATION_STYLE_ASSIGNMENT((#269));
#271=STYLED_ITEM('',(#270),#263);
#272=ADVANCED_FACE('',(#2401),#2403,.T.);
#273=COLOUR_RGB('',0.564705882352941,0.564705882352941,0.564705882352941);
#274=FILL_AREA_STYLE_COLOUR('',#273);
#275=FILL_AREA_STYLE($,(#274));
#276=SURFACE_STYLE_FILL_AREA(#275);
#277=SURFACE_SIDE_STYLE('',(#276));
#278=SURFACE_STYLE_USAGE(.BOTH.,#277);
#279=PRESENTATION_STYLE_ASSIGNMENT((#278));
#280=STYLED_ITEM('',(#279),#272);
#281=ADVANCED_FACE('',(#2408),#2410,.T.);
#282=COLOUR_RGB('',0.564705882352941,0.564705882352941,0.564705882352941);
#283=FILL_AREA_STYLE_COLOUR('',#282);
#284=FILL_AREA_STYLE($,(#283));
#285=SURFACE_STYLE_FILL_AREA(#284);
#286=SURFACE_SIDE_STYLE('',(#285));
#287=SURFACE_STYLE_USAGE(.BOTH.,#286);
#288=PRESENTATION_STYLE_ASSIGNMENT((#287));
#289=STYLED_ITEM('',(#288),#281);
#290=ADVANCED_FACE('',(#2415),#2417,.T.);
#291=COLOUR_RGB('',0.564705882352941,0.564705882352941,0.564705882352941);
#292=FILL_AREA_STYLE_COLOUR('',#291);
#293=FILL_AREA_STYLE($,(#292));
#294=SURFACE_STYLE_FILL_AREA(#293);
#295=SURFACE_SIDE_STYLE('',(#294));
#296=SURFACE_STYLE_USAGE(.BOTH.,#295);
#297=PRESENTATION_STYLE_ASSIGNMENT((#296));
#298=STYLED_ITEM('',(#297),#290);
#299=ADVANCED_FACE('',(#2422),#2424,.T.);
#300=COLOUR_RGB('',0.564705882352941,0.564705882352941,0.564705882352941);
#301=FILL_AREA_STYLE_COLOUR('',#300);
#302=FILL_AREA_STYLE($,(#301));
#303=SURFACE_STYLE_FILL_AREA(#302);
#304=SURFACE_SIDE_STYLE('',(#303));
#305=SURFACE_STYLE_USAGE(.BOTH.,#304);
#306=PRESENTATION_STYLE_ASSIGNMENT((#305));
#307=STYLED_ITEM('',(#306),#299);
#308=ADVANCED_FACE('',(#2429),#2431,.T.);
#309=COLOUR_RGB('',0.564705882352941,0.564705882352941,0.564705882352941);
#310=FILL_AREA_STYLE_COLOUR('',#309);
#311=FILL_AREA_STYLE($,(#310));
#312=SURFACE_STYLE_FILL_AREA(#311);
#313=SURFACE_SIDE_STYLE('',(#312));
#314=SURFACE_STYLE_USAGE(.BOTH.,#313);
#315=PRESENTATION_STYLE_ASSIGNMENT((#314));
#316=STYLED_ITEM('',(#315),#308);
#317=ADVANCED_FACE('',(#2436,#2438),#2440,.T.);
#318=COLOUR_RGB('',0.564705882352941,0.564705882352941,0.564705882352941);
#319=FILL_AREA_STYLE_COLOUR('',#318);
#320=FILL_AREA_STYLE($,(#319));
#321=SURFACE_STYLE_FILL_AREA(#320);
#322=SURFACE_SIDE_STYLE('',(#321));
#323=SURFACE_STYLE_USAGE(.BOTH.,#322);
#324=PRESENTATION_STYLE_ASSIGNMENT((#323));
#325=STYLED_ITEM('',(#324),#317);
#326=ADVANCED_FACE('',(#2445),#2447,.T.);
#327=COLOUR_RGB('',0.564705882352941,0.564705882352941,0.564705882352941);
#328=FILL_AREA_STYLE_COLOUR('',#327);
#329=FILL_AREA_STYLE($,(#328));
#330=SURFACE_STYLE_FILL_AREA(#329);
#331=SURFACE_SIDE_STYLE('',(#330));
#332=SURFACE_STYLE_USAGE(.BOTH.,#331);
#333=PRESENTATION_STYLE_ASSIGNMENT((#332));
#334=STYLED_ITEM('',(#333),#326);
#335=ADVANCED_FACE('',(#2452),#2454,.T.);
#336=COLOUR_RGB('',0.564705882352941,0.564705882352941,0.564705882352941);
#337=FILL_AREA_STYLE_COLOUR('',#336);
#338=FILL_AREA_STYLE($,(#337));
#339=SURFACE_STYLE_FILL_AREA(#338);
#340=SURFACE_SIDE_STYLE('',(#339));
#341=SURFACE_STYLE_USAGE(.BOTH.,#340);
#342=PRESENTATION_STYLE_ASSIGNMENT((#341));
#343=STYLED_ITEM('',(#342),#335);
#344=ADVANCED_FACE('',(#2459),#2461,.T.);
#345=COLOUR_RGB('',0.564705882352941,0.564705882352941,0.564705882352941);
#346=FILL_AREA_STYLE_COLOUR('',#345);
#347=FILL_AREA_STYLE($,(#346));
#348=SURFACE_STYLE_FILL_AREA(#347);
#349=SURFACE_SIDE_STYLE('',(#348));
#350=SURFACE_STYLE_USAGE(.BOTH.,#349);
#351=PRESENTATION_STYLE_ASSIGNMENT((#350));
#352=STYLED_ITEM('',(#351),#344);
#353=ADVANCED_FACE('',(#2466),#2468,.T.);
#354=COLOUR_RGB('',0.564705882352941,0.564705882352941,0.564705882352941);
#355=FILL_AREA_STYLE_COLOUR('',#354);
#356=FILL_AREA_STYLE($,(#355));
#357=SURFACE_STYLE_FILL_AREA(#356);
#358=SURFACE_SIDE_STYLE('',(#357));
#359=SURFACE_STYLE_USAGE(.BOTH.,#358);
#360=PRESENTATION_STYLE_ASSIGNMENT((#359));
#361=STYLED_ITEM('',(#360),#353);
#362=ADVANCED_FACE('',(#2473),#2475,.T.);
#363=COLOUR_RGB('',0.564705882352941,0.564705882352941,0.564705882352941);
#364=FILL_AREA_STYLE_COLOUR('',#363);
#365=FILL_AREA_STYLE($,(#364));
#366=SURFACE_STYLE_FILL_AREA(#365);
#367=SURFACE_SIDE_STYLE('',(#366));
#368=SURFACE_STYLE_USAGE(.BOTH.,#367);
#369=PRESENTATION_STYLE_ASSIGNMENT((#368));
#370=STYLED_ITEM('',(#369),#362);
#371=ADVANCED_FACE('',(#2480),#2482,.T.);
#372=COLOUR_RGB('',0.564705882352941,0.564705882352941,0.564705882352941);
#373=FILL_AREA_STYLE_COLOUR('',#372);
#374=FILL_AREA_STYLE($,(#373));
#375=SURFACE_STYLE_FILL_AREA(#374);
#376=SURFACE_SIDE_STYLE('',(#375));
#377=SURFACE_STYLE_USAGE(.BOTH.,#376);
#378=PRESENTATION_STYLE_ASSIGNMENT((#377));
#379=STYLED_ITEM('',(#378),#371);
#380=ADVANCED_FACE('',(#2487),#2489,.T.);
#381=COLOUR_RGB('',0.564705882352941,0.564705882352941,0.564705882352941);
#382=FILL_AREA_STYLE_COLOUR('',#381);
#383=FILL_AREA_STYLE($,(#382));
#384=SURFACE_STYLE_FILL_AREA(#383);
#385=SURFACE_SIDE_STYLE('',(#384));
#386=SURFACE_STYLE_USAGE(.BOTH.,#385);
#387=PRESENTATION_STYLE_ASSIGNMENT((#386));
#388=STYLED_ITEM('',(#387),#380);
#389=ADVANCED_FACE('',(#2494),#2496,.T.);
#390=COLOUR_RGB('',0.564705882352941,0.564705882352941,0.564705882352941);
#391=FILL_AREA_STYLE_COLOUR('',#390);
#392=FILL_AREA_STYLE($,(#391));
#393=SURFACE_STYLE_FILL_AREA(#392);
#394=SURFACE_SIDE_STYLE('',(#393));
#395=SURFACE_STYLE_USAGE(.BOTH.,#394);
#396=PRESENTATION_STYLE_ASSIGNMENT((#395));
#397=STYLED_ITEM('',(#396),#389);
#398=ADVANCED_FACE('',(#2501),#2503,.F.);
#399=COLOUR_RGB('',0.564705882352941,0.564705882352941,0.564705882352941);
#400=FILL_AREA_STYLE_COLOUR('',#399);
#401=FILL_AREA_STYLE($,(#400));
#402=SURFACE_STYLE_FILL_AREA(#401);
#403=SURFACE_SIDE_STYLE('',(#402));
#404=SURFACE_STYLE_USAGE(.BOTH.,#403);
#405=PRESENTATION_STYLE_ASSIGNMENT((#404));
#406=STYLED_ITEM('',(#405),#398);
#407=ADVANCED_FACE('',(#2508),#2510,.T.);
#408=COLOUR_RGB('',0.564705882352941,0.564705882352941,0.564705882352941);
#409=FILL_AREA_STYLE_COLOUR('',#408);
#410=FILL_AREA_STYLE($,(#409));
#411=SURFACE_STYLE_FILL_AREA(#410);
#412=SURFACE_SIDE_STYLE('',(#411));
#413=SURFACE_STYLE_USAGE(.BOTH.,#412);
#414=PRESENTATION_STYLE_ASSIGNMENT((#413));
#415=STYLED_ITEM('',(#414),#407);
#416=ADVANCED_FACE('',(#2515),#2517,.T.);
#417=COLOUR_RGB('',0.564705882352941,0.564705882352941,0.564705882352941);
#418=FILL_AREA_STYLE_COLOUR('',#417);
#419=FILL_AREA_STYLE($,(#418));
#420=SURFACE_STYLE_FILL_AREA(#419);
#421=SURFACE_SIDE_STYLE('',(#420));
#422=SURFACE_STYLE_USAGE(.BOTH.,#421);
#423=PRESENTATION_STYLE_ASSIGNMENT((#422));
#424=STYLED_ITEM('',(#423),#416);
#425=ADVANCED_FACE('',(#2522),#2524,.T.);
#426=COLOUR_RGB('',0.564705882352941,0.564705882352941,0.564705882352941);
#427=FILL_AREA_STYLE_COLOUR('',#426);
#428=FILL_AREA_STYLE($,(#427));
#429=SURFACE_STYLE_FILL_AREA(#428);
#430=SURFACE_SIDE_STYLE('',(#429));
#431=SURFACE_STYLE_USAGE(.BOTH.,#430);
#432=PRESENTATION_STYLE_ASSIGNMENT((#431));
#433=STYLED_ITEM('',(#432),#425);
#434=ADVANCED_FACE('',(#2529),#2531,.T.);
#435=COLOUR_RGB('',0.564705882352941,0.564705882352941,0.564705882352941);
#436=FILL_AREA_STYLE_COLOUR('',#435);
#437=FILL_AREA_STYLE($,(#436));
#438=SURFACE_STYLE_FILL_AREA(#437);
#439=SURFACE_SIDE_STYLE('',(#438));
#440=SURFACE_STYLE_USAGE(.BOTH.,#439);
#441=PRESENTATION_STYLE_ASSIGNMENT((#440));
#442=STYLED_ITEM('',(#441),#434);
#443=ADVANCED_FACE('',(#2536),#2538,.T.);
#444=COLOUR_RGB('',0.564705882352941,0.564705882352941,0.564705882352941);
#445=FILL_AREA_STYLE_COLOUR('',#444);
#446=FILL_AREA_STYLE($,(#445));
#447=SURFACE_STYLE_FILL_AREA(#446);
#448=SURFACE_SIDE_STYLE('',(#447));
#449=SURFACE_STYLE_USAGE(.BOTH.,#448);
#450=PRESENTATION_STYLE_ASSIGNMENT((#449));
#451=STYLED_ITEM('',(#450),#443);
#452=ADVANCED_FACE('',(#2543),#2545,.T.);
#453=COLOUR_RGB('',0.564705882352941,0.564705882352941,0.564705882352941);
#454=FILL_AREA_STYLE_COLOUR('',#453);
#455=FILL_AREA_STYLE($,(#454));
#456=SURFACE_STYLE_FILL_AREA(#455);
#457=SURFACE_SIDE_STYLE('',(#456));
#458=SURFACE_STYLE_USAGE(.BOTH.,#457);
#459=PRESENTATION_STYLE_ASSIGNMENT((#458));
#460=STYLED_ITEM('',(#459),#452);
#461=ADVANCED_FACE('',(#2550),#2552,.T.);
#462=COLOUR_RGB('',0.564705882352941,0.564705882352941,0.564705882352941);
#463=FILL_AREA_STYLE_COLOUR('',#462);
#464=FILL_AREA_STYLE($,(#463));
#465=SURFACE_STYLE_FILL_AREA(#464);
#466=SURFACE_SIDE_STYLE('',(#465));
#467=SURFACE_STYLE_USAGE(.BOTH.,#466);
#468=PRESENTATION_STYLE_ASSIGNMENT((#467));
#469=STYLED_ITEM('',(#468),#461);
#470=ADVANCED_FACE('',(#2557),#2559,.T.);
#471=COLOUR_RGB('',0.564705882352941,0.564705882352941,0.564705882352941);
#472=FILL_AREA_STYLE_COLOUR('',#471);
#473=FILL_AREA_STYLE($,(#472));
#474=SURFACE_STYLE_FILL_AREA(#473);
#475=SURFACE_SIDE_STYLE('',(#474));
#476=SURFACE_STYLE_USAGE(.BOTH.,#475);
#477=PRESENTATION_STYLE_ASSIGNMENT((#476));
#478=STYLED_ITEM('',(#477),#470);
#479=ADVANCED_FACE('',(#2564),#2566,.T.);
#480=COLOUR_RGB('',0.564705882352941,0.564705882352941,0.564705882352941);
#481=FILL_AREA_STYLE_COLOUR('',#480);
#482=FILL_AREA_STYLE($,(#481));
#483=SURFACE_STYLE_FILL_AREA(#482);
#484=SURFACE_SIDE_STYLE('',(#483));
#485=SURFACE_STYLE_USAGE(.BOTH.,#484);
#486=PRESENTATION_STYLE_ASSIGNMENT((#485));
#487=STYLED_ITEM('',(#486),#479);
#488=ADVANCED_FACE('',(#2571),#2573,.T.);
#489=COLOUR_RGB('',0.564705882352941,0.564705882352941,0.564705882352941);
#490=FILL_AREA_STYLE_COLOUR('',#489);
#491=FILL_AREA_STYLE($,(#490));
#492=SURFACE_STYLE_FILL_AREA(#491);
#493=SURFACE_SIDE_STYLE('',(#492));
#494=SURFACE_STYLE_USAGE(.BOTH.,#493);
#495=PRESENTATION_STYLE_ASSIGNMENT((#494));
#496=STYLED_ITEM('',(#495),#488);
#497=ADVANCED_FACE('',(#2578),#2580,.T.);
#498=COLOUR_RGB('',0.564705882352941,0.564705882352941,0.564705882352941);
#499=FILL_AREA_STYLE_COLOUR('',#498);
#500=FILL_AREA_STYLE($,(#499));
#501=SURFACE_STYLE_FILL_AREA(#500);
#502=SURFACE_SIDE_STYLE('',(#501));
#503=SURFACE_STYLE_USAGE(.BOTH.,#502);
#504=PRESENTATION_STYLE_ASSIGNMENT((#503));
#505=STYLED_ITEM('',(#504),#497);
#506=ADVANCED_FACE('',(#2585),#2587,.T.);
#507=COLOUR_RGB('',0.564705882352941,0.564705882352941,0.564705882352941);
#508=FILL_AREA_STYLE_COLOUR('',#507);
#509=FILL_AREA_STYLE($,(#508));
#510=SURFACE_STYLE_FILL_AREA(#509);
#511=SURFACE_SIDE_STYLE('',(#510));
#512=SURFACE_STYLE_USAGE(.BOTH.,#511);
#513=PRESENTATION_STYLE_ASSIGNMENT((#512));
#514=STYLED_ITEM('',(#513),#506);
#515=ADVANCED_FACE('',(#2592),#2594,.T.);
#516=COLOUR_RGB('',0.564705882352941,0.564705882352941,0.564705882352941);
#517=FILL_AREA_STYLE_COLOUR('',#516);
#518=FILL_AREA_STYLE($,(#517));
#519=SURFACE_STYLE_FILL_AREA(#518);
#520=SURFACE_SIDE_STYLE('',(#519));
#521=SURFACE_STYLE_USAGE(.BOTH.,#520);
#522=PRESENTATION_STYLE_ASSIGNMENT((#521));
#523=STYLED_ITEM('',(#522),#515);
#524=ADVANCED_FACE('',(#2599),#2601,.T.);
#525=COLOUR_RGB('',0.564705882352941,0.564705882352941,0.564705882352941);
#526=FILL_AREA_STYLE_COLOUR('',#525);
#527=FILL_AREA_STYLE($,(#526));
#528=SURFACE_STYLE_FILL_AREA(#527);
#529=SURFACE_SIDE_STYLE('',(#528));
#530=SURFACE_STYLE_USAGE(.BOTH.,#529);
#531=PRESENTATION_STYLE_ASSIGNMENT((#530));
#532=STYLED_ITEM('',(#531),#524);
#533=ADVANCED_FACE('',(#2606),#2608,.T.);
#534=COLOUR_RGB('',0.564705882352941,0.564705882352941,0.564705882352941);
#535=FILL_AREA_STYLE_COLOUR('',#534);
#536=FILL_AREA_STYLE($,(#535));
#537=SURFACE_STYLE_FILL_AREA(#536);
#538=SURFACE_SIDE_STYLE('',(#537));
#539=SURFACE_STYLE_USAGE(.BOTH.,#538);
#540=PRESENTATION_STYLE_ASSIGNMENT((#539));
#541=STYLED_ITEM('',(#540),#533);
#542=ADVANCED_FACE('',(#2613),#2615,.T.);
#543=COLOUR_RGB('',0.564705882352941,0.564705882352941,0.564705882352941);
#544=FILL_AREA_STYLE_COLOUR('',#543);
#545=FILL_AREA_STYLE($,(#544));
#546=SURFACE_STYLE_FILL_AREA(#545);
#547=SURFACE_SIDE_STYLE('',(#546));
#548=SURFACE_STYLE_USAGE(.BOTH.,#547);
#549=PRESENTATION_STYLE_ASSIGNMENT((#548));
#550=STYLED_ITEM('',(#549),#542);
#551=ADVANCED_FACE('',(#2620),#2622,.T.);
#552=COLOUR_RGB('',0.564705882352941,0.564705882352941,0.564705882352941);
#553=FILL_AREA_STYLE_COLOUR('',#552);
#554=FILL_AREA_STYLE($,(#553));
#555=SURFACE_STYLE_FILL_AREA(#554);
#556=SURFACE_SIDE_STYLE('',(#555));
#557=SURFACE_STYLE_USAGE(.BOTH.,#556);
#558=PRESENTATION_STYLE_ASSIGNMENT((#557));
#559=STYLED_ITEM('',(#558),#551);
#560=ADVANCED_FACE('',(#2627),#2629,.T.);
#561=COLOUR_RGB('',0.564705882352941,0.564705882352941,0.564705882352941);
#562=FILL_AREA_STYLE_COLOUR('',#561);
#563=FILL_AREA_STYLE($,(#562));
#564=SURFACE_STYLE_FILL_AREA(#563);
#565=SURFACE_SIDE_STYLE('',(#564));
#566=SURFACE_STYLE_USAGE(.BOTH.,#565);
#567=PRESENTATION_STYLE_ASSIGNMENT((#566));
#568=STYLED_ITEM('',(#567),#560);
#569=ADVANCED_FACE('',(#2634),#2636,.T.);
#570=COLOUR_RGB('',0.564705882352941,0.564705882352941,0.564705882352941);
#571=FILL_AREA_STYLE_COLOUR('',#570);
#572=FILL_AREA_STYLE($,(#571));
#573=SURFACE_STYLE_FILL_AREA(#572);
#574=SURFACE_SIDE_STYLE('',(#573));
#575=SURFACE_STYLE_USAGE(.BOTH.,#574);
#576=PRESENTATION_STYLE_ASSIGNMENT((#575));
#577=STYLED_ITEM('',(#576),#569);
#578=ADVANCED_FACE('',(#2641),#2643,.T.);
#579=COLOUR_RGB('',0.564705882352941,0.564705882352941,0.564705882352941);
#580=FILL_AREA_STYLE_COLOUR('',#579);
#581=FILL_AREA_STYLE($,(#580));
#582=SURFACE_STYLE_FILL_AREA(#581);
#583=SURFACE_SIDE_STYLE('',(#582));
#584=SURFACE_STYLE_USAGE(.BOTH.,#583);
#585=PRESENTATION_STYLE_ASSIGNMENT((#584));
#586=STYLED_ITEM('',(#585),#578);
#587=ADVANCED_FACE('',(#2648),#2650,.T.);
#588=COLOUR_RGB('',0.564705882352941,0.564705882352941,0.564705882352941);
#589=FILL_AREA_STYLE_COLOUR('',#588);
#590=FILL_AREA_STYLE($,(#589));
#591=SURFACE_STYLE_FILL_AREA(#590);
#592=SURFACE_SIDE_STYLE('',(#591));
#593=SURFACE_STYLE_USAGE(.BOTH.,#592);
#594=PRESENTATION_STYLE_ASSIGNMENT((#593));
#595=STYLED_ITEM('',(#594),#587);
#596=ADVANCED_FACE('',(#2655),#2657,.T.);
#597=COLOUR_RGB('',0.564705882352941,0.564705882352941,0.564705882352941);
#598=FILL_AREA_STYLE_COLOUR('',#597);
#599=FILL_AREA_STYLE($,(#598));
#600=SURFACE_STYLE_FILL_AREA(#599);
#601=SURFACE_SIDE_STYLE('',(#600));
#602=SURFACE_STYLE_USAGE(.BOTH.,#601);
#603=PRESENTATION_STYLE_ASSIGNMENT((#602));
#604=STYLED_ITEM('',(#603),#596);
#605=ADVANCED_FACE('',(#2662),#2664,.T.);
#606=COLOUR_RGB('',0.564705882352941,0.564705882352941,0.564705882352941);
#607=FILL_AREA_STYLE_COLOUR('',#606);
#608=FILL_AREA_STYLE($,(#607));
#609=SURFACE_STYLE_FILL_AREA(#608);
#610=SURFACE_SIDE_STYLE('',(#609));
#611=SURFACE_STYLE_USAGE(.BOTH.,#610);
#612=PRESENTATION_STYLE_ASSIGNMENT((#611));
#613=STYLED_ITEM('',(#612),#605);
#614=ADVANCED_FACE('',(#2669),#2671,.T.);
#615=COLOUR_RGB('',0.564705882352941,0.564705882352941,0.564705882352941);
#616=FILL_AREA_STYLE_COLOUR('',#615);
#617=FILL_AREA_STYLE($,(#616));
#618=SURFACE_STYLE_FILL_AREA(#617);
#619=SURFACE_SIDE_STYLE('',(#618));
#620=SURFACE_STYLE_USAGE(.BOTH.,#619);
#621=PRESENTATION_STYLE_ASSIGNMENT((#620));
#622=STYLED_ITEM('',(#621),#614);
#623=ADVANCED_FACE('',(#2676),#2678,.T.);
#624=COLOUR_RGB('',0.564705882352941,0.564705882352941,0.564705882352941);
#625=FILL_AREA_STYLE_COLOUR('',#624);
#626=FILL_AREA_STYLE($,(#625));
#627=SURFACE_STYLE_FILL_AREA(#626);
#628=SURFACE_SIDE_STYLE('',(#627));
#629=SURFACE_STYLE_USAGE(.BOTH.,#628);
#630=PRESENTATION_STYLE_ASSIGNMENT((#629));
#631=STYLED_ITEM('',(#630),#623);
#632=ADVANCED_FACE('',(#2683),#2685,.T.);
#633=COLOUR_RGB('',0.564705882352941,0.564705882352941,0.564705882352941);
#634=FILL_AREA_STYLE_COLOUR('',#633);
#635=FILL_AREA_STYLE($,(#634));
#636=SURFACE_STYLE_FILL_AREA(#635);
#637=SURFACE_SIDE_STYLE('',(#636));
#638=SURFACE_STYLE_USAGE(.BOTH.,#637);
#639=PRESENTATION_STYLE_ASSIGNMENT((#638));
#640=STYLED_ITEM('',(#639),#632);
#641=ADVANCED_FACE('',(#2690),#2692,.T.);
#642=COLOUR_RGB('',0.564705882352941,0.564705882352941,0.564705882352941);
#643=FILL_AREA_STYLE_COLOUR('',#642);
#644=FILL_AREA_STYLE($,(#643));
#645=SURFACE_STYLE_FILL_AREA(#644);
#646=SURFACE_SIDE_STYLE('',(#645));
#647=SURFACE_STYLE_USAGE(.BOTH.,#646);
#648=PRESENTATION_STYLE_ASSIGNMENT((#647));
#649=STYLED_ITEM('',(#648),#641);
#650=ADVANCED_FACE('',(#2697),#2699,.T.);
#651=COLOUR_RGB('',0.564705882352941,0.564705882352941,0.564705882352941);
#652=FILL_AREA_STYLE_COLOUR('',#651);
#653=FILL_AREA_STYLE($,(#652));
#654=SURFACE_STYLE_FILL_AREA(#653);
#655=SURFACE_SIDE_STYLE('',(#654));
#656=SURFACE_STYLE_USAGE(.BOTH.,#655);
#657=PRESENTATION_STYLE_ASSIGNMENT((#656));
#658=STYLED_ITEM('',(#657),#650);
#659=ADVANCED_FACE('',(#2704),#2706,.T.);
#660=COLOUR_RGB('',0.564705882352941,0.564705882352941,0.564705882352941);
#661=FILL_AREA_STYLE_COLOUR('',#660);
#662=FILL_AREA_STYLE($,(#661));
#663=SURFACE_STYLE_FILL_AREA(#662);
#664=SURFACE_SIDE_STYLE('',(#663));
#665=SURFACE_STYLE_USAGE(.BOTH.,#664);
#666=PRESENTATION_STYLE_ASSIGNMENT((#665));
#667=STYLED_ITEM('',(#666),#659);
#668=ADVANCED_FACE('',(#2711),#2713,.F.);
#669=COLOUR_RGB('',0.564705882352941,0.564705882352941,0.564705882352941);
#670=FILL_AREA_STYLE_COLOUR('',#669);
#671=FILL_AREA_STYLE($,(#670));
#672=SURFACE_STYLE_FILL_AREA(#671);
#673=SURFACE_SIDE_STYLE('',(#672));
#674=SURFACE_STYLE_USAGE(.BOTH.,#673);
#675=PRESENTATION_STYLE_ASSIGNMENT((#674));
#676=STYLED_ITEM('',(#675),#668);
#677=ADVANCED_FACE('',(#2718),#2720,.F.);
#678=COLOUR_RGB('',0.564705882352941,0.564705882352941,0.564705882352941);
#679=FILL_AREA_STYLE_COLOUR('',#678);
#680=FILL_AREA_STYLE($,(#679));
#681=SURFACE_STYLE_FILL_AREA(#680);
#682=SURFACE_SIDE_STYLE('',(#681));
#683=SURFACE_STYLE_USAGE(.BOTH.,#682);
#684=PRESENTATION_STYLE_ASSIGNMENT((#683));
#685=STYLED_ITEM('',(#684),#677);
#686=ADVANCED_FACE('',(#2725),#2727,.F.);
#687=COLOUR_RGB('',0.564705882352941,0.564705882352941,0.564705882352941);
#688=FILL_AREA_STYLE_COLOUR('',#687);
#689=FILL_AREA_STYLE($,(#688));
#690=SURFACE_STYLE_FILL_AREA(#689);
#691=SURFACE_SIDE_STYLE('',(#690));
#692=SURFACE_STYLE_USAGE(.BOTH.,#691);
#693=PRESENTATION_STYLE_ASSIGNMENT((#692));
#694=STYLED_ITEM('',(#693),#686);
#695=ADVANCED_FACE('',(#2732),#2734,.F.);
#696=COLOUR_RGB('',0.564705882352941,0.564705882352941,0.564705882352941);
#697=FILL_AREA_STYLE_COLOUR('',#696);
#698=FILL_AREA_STYLE($,(#697));
#699=SURFACE_STYLE_FILL_AREA(#698);
#700=SURFACE_SIDE_STYLE('',(#699));
#701=SURFACE_STYLE_USAGE(.BOTH.,#700);
#702=PRESENTATION_STYLE_ASSIGNMENT((#701));
#703=STYLED_ITEM('',(#702),#695);
#704=ADVANCED_FACE('',(#2739),#2741,.F.);
#705=COLOUR_RGB('',0.564705882352941,0.564705882352941,0.564705882352941);
#706=FILL_AREA_STYLE_COLOUR('',#705);
#707=FILL_AREA_STYLE($,(#706));
#708=SURFACE_STYLE_FILL_AREA(#707);
#709=SURFACE_SIDE_STYLE('',(#708));
#710=SURFACE_STYLE_USAGE(.BOTH.,#709);
#711=PRESENTATION_STYLE_ASSIGNMENT((#710));
#712=STYLED_ITEM('',(#711),#704);
#713=ADVANCED_FACE('',(#2746),#2748,.F.);
#714=COLOUR_RGB('',0.564705882352941,0.564705882352941,0.564705882352941);
#715=FILL_AREA_STYLE_COLOUR('',#714);
#716=FILL_AREA_STYLE($,(#715));
#717=SURFACE_STYLE_FILL_AREA(#716);
#718=SURFACE_SIDE_STYLE('',(#717));
#719=SURFACE_STYLE_USAGE(.BOTH.,#718);
#720=PRESENTATION_STYLE_ASSIGNMENT((#719));
#721=STYLED_ITEM('',(#720),#713);
#722=ADVANCED_FACE('',(#2753),#2755,.F.);
#723=COLOUR_RGB('',0.564705882352941,0.564705882352941,0.564705882352941);
#724=FILL_AREA_STYLE_COLOUR('',#723);
#725=FILL_AREA_STYLE($,(#724));
#726=SURFACE_STYLE_FILL_AREA(#725);
#727=SURFACE_SIDE_STYLE('',(#726));
#728=SURFACE_STYLE_USAGE(.BOTH.,#727);
#729=PRESENTATION_STYLE_ASSIGNMENT((#728));
#730=STYLED_ITEM('',(#729),#722);
#731=ADVANCED_FACE('',(#2760),#2762,.F.);
#732=COLOUR_RGB('',0.564705882352941,0.564705882352941,0.564705882352941);
#733=FILL_AREA_STYLE_COLOUR('',#732);
#734=FILL_AREA_STYLE($,(#733));
#735=SURFACE_STYLE_FILL_AREA(#734);
#736=SURFACE_SIDE_STYLE('',(#735));
#737=SURFACE_STYLE_USAGE(.BOTH.,#736);
#738=PRESENTATION_STYLE_ASSIGNMENT((#737));
#739=STYLED_ITEM('',(#738),#731);
#740=ADVANCED_FACE('',(#2767),#2769,.F.);
#741=COLOUR_RGB('',0.564705882352941,0.564705882352941,0.564705882352941);
#742=FILL_AREA_STYLE_COLOUR('',#741);
#743=FILL_AREA_STYLE($,(#742));
#744=SURFACE_STYLE_FILL_AREA(#743);
#745=SURFACE_SIDE_STYLE('',(#744));
#746=SURFACE_STYLE_USAGE(.BOTH.,#745);
#747=PRESENTATION_STYLE_ASSIGNMENT((#746));
#748=STYLED_ITEM('',(#747),#740);
#749=ADVANCED_FACE('',(#2774),#2776,.F.);
#750=COLOUR_RGB('',0.564705882352941,0.564705882352941,0.564705882352941);
#751=FILL_AREA_STYLE_COLOUR('',#750);
#752=FILL_AREA_STYLE($,(#751));
#753=SURFACE_STYLE_FILL_AREA(#752);
#754=SURFACE_SIDE_STYLE('',(#753));
#755=SURFACE_STYLE_USAGE(.BOTH.,#754);
#756=PRESENTATION_STYLE_ASSIGNMENT((#755));
#757=STYLED_ITEM('',(#756),#749);
#758=ADVANCED_FACE('',(#2781),#2783,.F.);
#759=COLOUR_RGB('',0.564705882352941,0.564705882352941,0.564705882352941);
#760=FILL_AREA_STYLE_COLOUR('',#759);
#761=FILL_AREA_STYLE($,(#760));
#762=SURFACE_STYLE_FILL_AREA(#761);
#763=SURFACE_SIDE_STYLE('',(#762));
#764=SURFACE_STYLE_USAGE(.BOTH.,#763);
#765=PRESENTATION_STYLE_ASSIGNMENT((#764));
#766=STYLED_ITEM('',(#765),#758);
#767=ADVANCED_FACE('',(#2788),#2790,.F.);
#768=COLOUR_RGB('',0.564705882352941,0.564705882352941,0.564705882352941);
#769=FILL_AREA_STYLE_COLOUR('',#768);
#770=FILL_AREA_STYLE($,(#769));
#771=SURFACE_STYLE_FILL_AREA(#770);
#772=SURFACE_SIDE_STYLE('',(#771));
#773=SURFACE_STYLE_USAGE(.BOTH.,#772);
#774=PRESENTATION_STYLE_ASSIGNMENT((#773));
#775=STYLED_ITEM('',(#774),#767);
#776=ADVANCED_FACE('',(#2795),#2797,.F.);
#777=COLOUR_RGB('',0.564705882352941,0.564705882352941,0.564705882352941);
#778=FILL_AREA_STYLE_COLOUR('',#777);
#779=FILL_AREA_STYLE($,(#778));
#780=SURFACE_STYLE_FILL_AREA(#779);
#781=SURFACE_SIDE_STYLE('',(#780));
#782=SURFACE_STYLE_USAGE(.BOTH.,#781);
#783=PRESENTATION_STYLE_ASSIGNMENT((#782));
#784=STYLED_ITEM('',(#783),#776);
#785=ADVANCED_FACE('',(#2802),#2804,.F.);
#786=COLOUR_RGB('',0.564705882352941,0.564705882352941,0.564705882352941);
#787=FILL_AREA_STYLE_COLOUR('',#786);
#788=FILL_AREA_STYLE($,(#787));
#789=SURFACE_STYLE_FILL_AREA(#788);
#790=SURFACE_SIDE_STYLE('',(#789));
#791=SURFACE_STYLE_USAGE(.BOTH.,#790);
#792=PRESENTATION_STYLE_ASSIGNMENT((#791));
#793=STYLED_ITEM('',(#792),#785);
#794=ADVANCED_FACE('',(#2809),#2811,.F.);
#795=COLOUR_RGB('',0.564705882352941,0.564705882352941,0.564705882352941);
#796=FILL_AREA_STYLE_COLOUR('',#795);
#797=FILL_AREA_STYLE($,(#796));
#798=SURFACE_STYLE_FILL_AREA(#797);
#799=SURFACE_SIDE_STYLE('',(#798));
#800=SURFACE_STYLE_USAGE(.BOTH.,#799);
#801=PRESENTATION_STYLE_ASSIGNMENT((#800));
#802=STYLED_ITEM('',(#801),#794);
#803=ADVANCED_FACE('',(#2816),#2818,.F.);
#804=COLOUR_RGB('',0.564705882352941,0.564705882352941,0.564705882352941);
#805=FILL_AREA_STYLE_COLOUR('',#804);
#806=FILL_AREA_STYLE($,(#805));
#807=SURFACE_STYLE_FILL_AREA(#806);
#808=SURFACE_SIDE_STYLE('',(#807));
#809=SURFACE_STYLE_USAGE(.BOTH.,#808);
#810=PRESENTATION_STYLE_ASSIGNMENT((#809));
#811=STYLED_ITEM('',(#810),#803);
#812=ADVANCED_FACE('',(#2823),#2825,.F.);
#813=COLOUR_RGB('',0.564705882352941,0.564705882352941,0.564705882352941);
#814=FILL_AREA_STYLE_COLOUR('',#813);
#815=FILL_AREA_STYLE($,(#814));
#816=SURFACE_STYLE_FILL_AREA(#815);
#817=SURFACE_SIDE_STYLE('',(#816));
#818=SURFACE_STYLE_USAGE(.BOTH.,#817);
#819=PRESENTATION_STYLE_ASSIGNMENT((#818));
#820=STYLED_ITEM('',(#819),#812);
#821=ADVANCED_FACE('',(#2830),#2832,.F.);
#822=COLOUR_RGB('',0.564705882352941,0.564705882352941,0.564705882352941);
#823=FILL_AREA_STYLE_COLOUR('',#822);
#824=FILL_AREA_STYLE($,(#823));
#825=SURFACE_STYLE_FILL_AREA(#824);
#826=SURFACE_SIDE_STYLE('',(#825));
#827=SURFACE_STYLE_USAGE(.BOTH.,#826);
#828=PRESENTATION_STYLE_ASSIGNMENT((#827));
#829=STYLED_ITEM('',(#828),#821);
#830=ADVANCED_FACE('',(#2837),#2839,.F.);
#831=COLOUR_RGB('',0.564705882352941,0.564705882352941,0.564705882352941);
#832=FILL_AREA_STYLE_COLOUR('',#831);
#833=FILL_AREA_STYLE($,(#832));
#834=SURFACE_STYLE_FILL_AREA(#833);
#835=SURFACE_SIDE_STYLE('',(#834));
#836=SURFACE_STYLE_USAGE(.BOTH.,#835);
#837=PRESENTATION_STYLE_ASSIGNMENT((#836));
#838=STYLED_ITEM('',(#837),#830);
#839=ADVANCED_FACE('',(#2844),#2846,.F.);
#840=COLOUR_RGB('',0.564705882352941,0.564705882352941,0.564705882352941);
#841=FILL_AREA_STYLE_COLOUR('',#840);
#842=FILL_AREA_STYLE($,(#841));
#843=SURFACE_STYLE_FILL_AREA(#842);
#844=SURFACE_SIDE_STYLE('',(#843));
#845=SURFACE_STYLE_USAGE(.BOTH.,#844);
#846=PRESENTATION_STYLE_ASSIGNMENT((#845));
#847=STYLED_ITEM('',(#846),#839);
#848=ADVANCED_FACE('',(#2851),#2853,.F.);
#849=COLOUR_RGB('',0.564705882352941,0.564705882352941,0.564705882352941);
#850=FILL_AREA_STYLE_COLOUR('',#849);
#851=FILL_AREA_STYLE($,(#850));
#852=SURFACE_STYLE_FILL_AREA(#851);
#853=SURFACE_SIDE_STYLE('',(#852));
#854=SURFACE_STYLE_USAGE(.BOTH.,#853);
#855=PRESENTATION_STYLE_ASSIGNMENT((#854));
#856=STYLED_ITEM('',(#855),#848);
#857=ADVANCED_FACE('',(#2858),#2860,.F.);
#858=COLOUR_RGB('',0.564705882352941,0.564705882352941,0.564705882352941);
#859=FILL_AREA_STYLE_COLOUR('',#858);
#860=FILL_AREA_STYLE($,(#859));
#861=SURFACE_STYLE_FILL_AREA(#860);
#862=SURFACE_SIDE_STYLE('',(#861));
#863=SURFACE_STYLE_USAGE(.BOTH.,#862);
#864=PRESENTATION_STYLE_ASSIGNMENT((#863));
#865=STYLED_ITEM('',(#864),#857);
#866=ADVANCED_FACE('',(#2865),#2867,.F.);
#867=COLOUR_RGB('',0.564705882352941,0.564705882352941,0.564705882352941);
#868=FILL_AREA_STYLE_COLOUR('',#867);
#869=FILL_AREA_STYLE($,(#868));
#870=SURFACE_STYLE_FILL_AREA(#869);
#871=SURFACE_SIDE_STYLE('',(#870));
#872=SURFACE_STYLE_USAGE(.BOTH.,#871);
#873=PRESENTATION_STYLE_ASSIGNMENT((#872));
#874=STYLED_ITEM('',(#873),#866);
#875=ADVANCED_FACE('',(#2872),#2874,.F.);
#876=COLOUR_RGB('',0.564705882352941,0.564705882352941,0.564705882352941);
#877=FILL_AREA_STYLE_COLOUR('',#876);
#878=FILL_AREA_STYLE($,(#877));
#879=SURFACE_STYLE_FILL_AREA(#878);
#880=SURFACE_SIDE_STYLE('',(#879));
#881=SURFACE_STYLE_USAGE(.BOTH.,#880);
#882=PRESENTATION_STYLE_ASSIGNMENT((#881));
#883=STYLED_ITEM('',(#882),#875);
#884=ADVANCED_FACE('',(#2879),#2881,.F.);
#885=COLOUR_RGB('',0.564705882352941,0.564705882352941,0.564705882352941);
#886=FILL_AREA_STYLE_COLOUR('',#885);
#887=FILL_AREA_STYLE($,(#886));
#888=SURFACE_STYLE_FILL_AREA(#887);
#889=SURFACE_SIDE_STYLE('',(#888));
#890=SURFACE_STYLE_USAGE(.BOTH.,#889);
#891=PRESENTATION_STYLE_ASSIGNMENT((#890));
#892=STYLED_ITEM('',(#891),#884);
#893=ADVANCED_FACE('',(#2886),#2888,.F.);
#894=COLOUR_RGB('',0.564705882352941,0.564705882352941,0.564705882352941);
#895=FILL_AREA_STYLE_COLOUR('',#894);
#896=FILL_AREA_STYLE($,(#895));
#897=SURFACE_STYLE_FILL_AREA(#896);
#898=SURFACE_SIDE_STYLE('',(#897));
#899=SURFACE_STYLE_USAGE(.BOTH.,#898);
#900=PRESENTATION_STYLE_ASSIGNMENT((#899));
#901=STYLED_ITEM('',(#900),#893);
#902=ADVANCED_FACE('',(#2893),#2895,.F.);
#903=COLOUR_RGB('',0.564705882352941,0.564705882352941,0.564705882352941);
#904=FILL_AREA_STYLE_COLOUR('',#903);
#905=FILL_AREA_STYLE($,(#904));
#906=SURFACE_STYLE_FILL_AREA(#905);
#907=SURFACE_SIDE_STYLE('',(#906));
#908=SURFACE_STYLE_USAGE(.BOTH.,#907);
#909=PRESENTATION_STYLE_ASSIGNMENT((#908));
#910=STYLED_ITEM('',(#909),#902);
#911=ADVANCED_FACE('',(#2900),#2902,.F.);
#912=COLOUR_RGB('',0.564705882352941,0.564705882352941,0.564705882352941);
#913=FILL_AREA_STYLE_COLOUR('',#912);
#914=FILL_AREA_STYLE($,(#913));
#915=SURFACE_STYLE_FILL_AREA(#914);
#916=SURFACE_SIDE_STYLE('',(#915));
#917=SURFACE_STYLE_USAGE(.BOTH.,#916);
#918=PRESENTATION_STYLE_ASSIGNMENT((#917));
#919=STYLED_ITEM('',(#918),#911);
#920=ADVANCED_FACE('',(#2907),#2909,.F.);
#921=COLOUR_RGB('',0.564705882352941,0.564705882352941,0.564705882352941);
#922=FILL_AREA_STYLE_COLOUR('',#921);
#923=FILL_AREA_STYLE($,(#922));
#924=SURFACE_STYLE_FILL_AREA(#923);
#925=SURFACE_SIDE_STYLE('',(#924));
#926=SURFACE_STYLE_USAGE(.BOTH.,#925);
#927=PRESENTATION_STYLE_ASSIGNMENT((#926));
#928=STYLED_ITEM('',(#927),#920);
#929=ADVANCED_FACE('',(#2914),#2916,.F.);
#930=COLOUR_RGB('',0.564705882352941,0.564705882352941,0.564705882352941);
#931=FILL_AREA_STYLE_COLOUR('',#930);
#932=FILL_AREA_STYLE($,(#931));
#933=SURFACE_STYLE_FILL_AREA(#932);
#934=SURFACE_SIDE_STYLE('',(#933));
#935=SURFACE_STYLE_USAGE(.BOTH.,#934);
#936=PRESENTATION_STYLE_ASSIGNMENT((#935));
#937=STYLED_ITEM('',(#936),#929);
#938=ADVANCED_FACE('',(#2921),#2923,.F.);
#939=COLOUR_RGB('',0.564705882352941,0.564705882352941,0.564705882352941);
#940=FILL_AREA_STYLE_COLOUR('',#939);
#941=FILL_AREA_STYLE($,(#940));
#942=SURFACE_STYLE_FILL_AREA(#941);
#943=SURFACE_SIDE_STYLE('',(#942));
#944=SURFACE_STYLE_USAGE(.BOTH.,#943);
#945=PRESENTATION_STYLE_ASSIGNMENT((#944));
#946=STYLED_ITEM('',(#945),#938);
#947=ADVANCED_FACE('',(#2928),#2930,.F.);
#948=COLOUR_RGB('',0.564705882352941,0.564705882352941,0.564705882352941);
#949=FILL_AREA_STYLE_COLOUR('',#948);
#950=FILL_AREA_STYLE($,(#949));
#951=SURFACE_STYLE_FILL_AREA(#950);
#952=SURFACE_SIDE_STYLE('',(#951));
#953=SURFACE_STYLE_USAGE(.BOTH.,#952);
#954=PRESENTATION_STYLE_ASSIGNMENT((#953));
#955=STYLED_ITEM('',(#954),#947);
#956=ADVANCED_FACE('',(#2935),#2937,.F.);
#957=COLOUR_RGB('',0.564705882352941,0.564705882352941,0.564705882352941);
#958=FILL_AREA_STYLE_COLOUR('',#957);
#959=FILL_AREA_STYLE($,(#958));
#960=SURFACE_STYLE_FILL_AREA(#959);
#961=SURFACE_SIDE_STYLE('',(#960));
#962=SURFACE_STYLE_USAGE(.BOTH.,#961);
#963=PRESENTATION_STYLE_ASSIGNMENT((#962));
#964=STYLED_ITEM('',(#963),#956);
#965=ADVANCED_FACE('',(#2942),#2944,.F.);
#966=COLOUR_RGB('',0.564705882352941,0.564705882352941,0.564705882352941);
#967=FILL_AREA_STYLE_COLOUR('',#966);
#968=FILL_AREA_STYLE($,(#967));
#969=SURFACE_STYLE_FILL_AREA(#968);
#970=SURFACE_SIDE_STYLE('',(#969));
#971=SURFACE_STYLE_USAGE(.BOTH.,#970);
#972=PRESENTATION_STYLE_ASSIGNMENT((#971));
#973=STYLED_ITEM('',(#972),#965);
#974=ADVANCED_FACE('',(#2949),#2951,.F.);
#975=COLOUR_RGB('',0.564705882352941,0.564705882352941,0.564705882352941);
#976=FILL_AREA_STYLE_COLOUR('',#975);
#977=FILL_AREA_STYLE($,(#976));
#978=SURFACE_STYLE_FILL_AREA(#977);
#979=SURFACE_SIDE_STYLE('',(#978));
#980=SURFACE_STYLE_USAGE(.BOTH.,#979);
#981=PRESENTATION_STYLE_ASSIGNMENT((#980));
#982=STYLED_ITEM('',(#981),#974);
#983=ADVANCED_FACE('',(#2956),#2958,.F.);
#984=COLOUR_RGB('',0.564705882352941,0.564705882352941,0.564705882352941);
#985=FILL_AREA_STYLE_COLOUR('',#984);
#986=FILL_AREA_STYLE($,(#985));
#987=SURFACE_STYLE_FILL_AREA(#986);
#988=SURFACE_SIDE_STYLE('',(#987));
#989=SURFACE_STYLE_USAGE(.BOTH.,#988);
#990=PRESENTATION_STYLE_ASSIGNMENT((#989));
#991=STYLED_ITEM('',(#990),#983);
#992=ADVANCED_FACE('',(#2963),#2965,.F.);
#993=COLOUR_RGB('',0.564705882352941,0.564705882352941,0.564705882352941);
#994=FILL_AREA_STYLE_COLOUR('',#993);
#995=FILL_AREA_STYLE($,(#994));
#996=SURFACE_STYLE_FILL_AREA(#995);
#997=SURFACE_SIDE_STYLE('',(#996));
#998=SURFACE_STYLE_USAGE(.BOTH.,#997);
#999=PRESENTATION_STYLE_ASSIGNMENT((#998));
#1000=STYLED_ITEM('',(#999),#992);
#1001=ADVANCED_FACE('',(#2970),#2972,.F.);
#1002=COLOUR_RGB('',0.564705882352941,0.564705882352941,0.564705882352941);
#1003=FILL_AREA_STYLE_COLOUR('',#1002);
#1004=FILL_AREA_STYLE($,(#1003));
#1005=SURFACE_STYLE_FILL_AREA(#1004);
#1006=SURFACE_SIDE_STYLE('',(#1005));
#1007=SURFACE_STYLE_USAGE(.BOTH.,#1006);
#1008=PRESENTATION_STYLE_ASSIGNMENT((#1007));
#1009=STYLED_ITEM('',(#1008),#1001);
#1010=ADVANCED_FACE('',(#2977),#2979,.F.);
#1011=COLOUR_RGB('',0.564705882352941,0.564705882352941,0.564705882352941);
#1012=FILL_AREA_STYLE_COLOUR('',#1011);
#1013=FILL_AREA_STYLE($,(#1012));
#1014=SURFACE_STYLE_FILL_AREA(#1013);
#1015=SURFACE_SIDE_STYLE('',(#1014));
#1016=SURFACE_STYLE_USAGE(.BOTH.,#1015);
#1017=PRESENTATION_STYLE_ASSIGNMENT((#1016));
#1018=STYLED_ITEM('',(#1017),#1010);
#1019=ADVANCED_FACE('',(#2984),#2986,.F.);
#1020=COLOUR_RGB('',0.564705882352941,0.564705882352941,0.564705882352941);
#1021=FILL_AREA_STYLE_COLOUR('',#1020);
#1022=FILL_AREA_STYLE($,(#1021));
#1023=SURFACE_STYLE_FILL_AREA(#1022);
#1024=SURFACE_SIDE_STYLE('',(#1023));
#1025=SURFACE_STYLE_USAGE(.BOTH.,#1024);
#1026=PRESENTATION_STYLE_ASSIGNMENT((#1025));
#1027=STYLED_ITEM('',(#1026),#1019);
#1028=ADVANCED_FACE('',(#2991),#2993,.F.);
#1029=COLOUR_RGB('',0.564705882352941,0.564705882352941,0.564705882352941);
#1030=FILL_AREA_STYLE_COLOUR('',#1029);
#1031=FILL_AREA_STYLE($,(#1030));
#1032=SURFACE_STYLE_FILL_AREA(#1031);
#1033=SURFACE_SIDE_STYLE('',(#1032));
#1034=SURFACE_STYLE_USAGE(.BOTH.,#1033);
#1035=PRESENTATION_STYLE_ASSIGNMENT((#1034));
#1036=STYLED_ITEM('',(#1035),#1028);
#1037=ADVANCED_FACE('',(#2998),#3000,.F.);
#1038=COLOUR_RGB('',0.564705882352941,0.564705882352941,0.564705882352941);
#1039=FILL_AREA_STYLE_COLOUR('',#1038);
#1040=FILL_AREA_STYLE($,(#1039));
#1041=SURFACE_STYLE_FILL_AREA(#1040);
#1042=SURFACE_SIDE_STYLE('',(#1041));
#1043=SURFACE_STYLE_USAGE(.BOTH.,#1042);
#1044=PRESENTATION_STYLE_ASSIGNMENT((#1043));
#1045=STYLED_ITEM('',(#1044),#1037);
#1046=ADVANCED_FACE('',(#3005),#3007,.F.);
#1047=COLOUR_RGB('',0.564705882352941,0.564705882352941,0.564705882352941);
#1048=FILL_AREA_STYLE_COLOUR('',#1047);
#1049=FILL_AREA_STYLE($,(#1048));
#1050=SURFACE_STYLE_FILL_AREA(#1049);
#1051=SURFACE_SIDE_STYLE('',(#1050));
#1052=SURFACE_STYLE_USAGE(.BOTH.,#1051);
#1053=PRESENTATION_STYLE_ASSIGNMENT((#1052));
#1054=STYLED_ITEM('',(#1053),#1046);
#1055=ADVANCED_FACE('',(#3012),#3014,.F.);
#1056=COLOUR_RGB('',0.564705882352941,0.564705882352941,0.564705882352941);
#1057=FILL_AREA_STYLE_COLOUR('',#1056);
#1058=FILL_AREA_STYLE($,(#1057));
#1059=SURFACE_STYLE_FILL_AREA(#1058);
#1060=SURFACE_SIDE_STYLE('',(#1059));
#1061=SURFACE_STYLE_USAGE(.BOTH.,#1060);
#1062=PRESENTATION_STYLE_ASSIGNMENT((#1061));
#1063=STYLED_ITEM('',(#1062),#1055);
#1064=ADVANCED_FACE('',(#3019),#3021,.F.);
#1065=COLOUR_RGB('',0.564705882352941,0.564705882352941,0.564705882352941);
#1066=FILL_AREA_STYLE_COLOUR('',#1065);
#1067=FILL_AREA_STYLE($,(#1066));
#1068=SURFACE_STYLE_FILL_AREA(#1067);
#1069=SURFACE_SIDE_STYLE('',(#1068));
#1070=SURFACE_STYLE_USAGE(.BOTH.,#1069);
#1071=PRESENTATION_STYLE_ASSIGNMENT((#1070));
#1072=STYLED_ITEM('',(#1071),#1064);
#1073=ADVANCED_FACE('',(#3026),#3028,.F.);
#1074=COLOUR_RGB('',0.564705882352941,0.564705882352941,0.564705882352941);
#1075=FILL_AREA_STYLE_COLOUR('',#1074);
#1076=FILL_AREA_STYLE($,(#1075));
#1077=SURFACE_STYLE_FILL_AREA(#1076);
#1078=SURFACE_SIDE_STYLE('',(#1077));
#1079=SURFACE_STYLE_USAGE(.BOTH.,#1078);
#1080=PRESENTATION_STYLE_ASSIGNMENT((#1079));
#1081=STYLED_ITEM('',(#1080),#1073);
#1082=ADVANCED_FACE('',(#3033),#3035,.F.);
#1083=COLOUR_RGB('',0.564705882352941,0.564705882352941,0.564705882352941);
#1084=FILL_AREA_STYLE_COLOUR('',#1083);
#1085=FILL_AREA_STYLE($,(#1084));
#1086=SURFACE_STYLE_FILL_AREA(#1085);
#1087=SURFACE_SIDE_STYLE('',(#1086));
#1088=SURFACE_STYLE_USAGE(.BOTH.,#1087);
#1089=PRESENTATION_STYLE_ASSIGNMENT((#1088));
#1090=STYLED_ITEM('',(#1089),#1082);
#1091=ADVANCED_FACE('',(#3040),#3042,.F.);
#1092=COLOUR_RGB('',0.564705882352941,0.564705882352941,0.564705882352941);
#1093=FILL_AREA_STYLE_COLOUR('',#1092);
#1094=FILL_AREA_STYLE($,(#1093));
#1095=SURFACE_STYLE_FILL_AREA(#1094);
#1096=SURFACE_SIDE_STYLE('',(#1095));
#1097=SURFACE_STYLE_USAGE(.BOTH.,#1096);
#1098=PRESENTATION_STYLE_ASSIGNMENT((#1097));
#1099=STYLED_ITEM('',(#1098),#1091);
#1100=ADVANCED_FACE('',(#3047),#3049,.F.);
#1101=COLOUR_RGB('',0.564705882352941,0.564705882352941,0.564705882352941);
#1102=FILL_AREA_STYLE_COLOUR('',#1101);
#1103=FILL_AREA_STYLE($,(#1102));
#1104=SURFACE_STYLE_FILL_AREA(#1103);
#1105=SURFACE_SIDE_STYLE('',(#1104));
#1106=SURFACE_STYLE_USAGE(.BOTH.,#1105);
#1107=PRESENTATION_STYLE_ASSIGNMENT((#1106));
#1108=STYLED_ITEM('',(#1107),#1100);
#1109=ADVANCED_FACE('',(#3054),#3056,.F.);
#1110=COLOUR_RGB('',0.564705882352941,0.564705882352941,0.564705882352941);
#1111=FILL_AREA_STYLE_COLOUR('',#1110);
#1112=FILL_AREA_STYLE($,(#1111));
#1113=SURFACE_STYLE_FILL_AREA(#1112);
#1114=SURFACE_SIDE_STYLE('',(#1113));
#1115=SURFACE_STYLE_USAGE(.BOTH.,#1114);
#1116=PRESENTATION_STYLE_ASSIGNMENT((#1115));
#1117=STYLED_ITEM('',(#1116),#1109);
#1118=ADVANCED_FACE('',(#3061),#3063,.F.);
#1119=COLOUR_RGB('',0.564705882352941,0.564705882352941,0.564705882352941);
#1120=FILL_AREA_STYLE_COLOUR('',#1119);
#1121=FILL_AREA_STYLE($,(#1120));
#1122=SURFACE_STYLE_FILL_AREA(#1121);
#1123=SURFACE_SIDE_STYLE('',(#1122));
#1124=SURFACE_STYLE_USAGE(.BOTH.,#1123);
#1125=PRESENTATION_STYLE_ASSIGNMENT((#1124));
#1126=STYLED_ITEM('',(#1125),#1118);
#1127=ADVANCED_FACE('',(#3068),#3070,.F.);
#1128=COLOUR_RGB('',0.564705882352941,0.564705882352941,0.564705882352941);
#1129=FILL_AREA_STYLE_COLOUR('',#1128);
#1130=FILL_AREA_STYLE($,(#1129));
#1131=SURFACE_STYLE_FILL_AREA(#1130);
#1132=SURFACE_SIDE_STYLE('',(#1131));
#1133=SURFACE_STYLE_USAGE(.BOTH.,#1132);
#1134=PRESENTATION_STYLE_ASSIGNMENT((#1133));
#1135=STYLED_ITEM('',(#1134),#1127);
#1136=ADVANCED_FACE('',(#3075),#3077,.F.);
#1137=COLOUR_RGB('',0.564705882352941,0.564705882352941,0.564705882352941);
#1138=FILL_AREA_STYLE_COLOUR('',#1137);
#1139=FILL_AREA_STYLE($,(#1138));
#1140=SURFACE_STYLE_FILL_AREA(#1139);
#1141=SURFACE_SIDE_STYLE('',(#1140));
#1142=SURFACE_STYLE_USAGE(.BOTH.,#1141);
#1143=PRESENTATION_STYLE_ASSIGNMENT((#1142));
#1144=STYLED_ITEM('',(#1143),#1136);
#1145=ADVANCED_FACE('',(#3082),#3084,.F.);
#1146=COLOUR_RGB('',0.564705882352941,0.564705882352941,0.564705882352941);
#1147=FILL_AREA_STYLE_COLOUR('',#1146);
#1148=FILL_AREA_STYLE($,(#1147));
#1149=SURFACE_STYLE_FILL_AREA(#1148);
#1150=SURFACE_SIDE_STYLE('',(#1149));
#1151=SURFACE_STYLE_USAGE(.BOTH.,#1150);
#1152=PRESENTATION_STYLE_ASSIGNMENT((#1151));
#1153=STYLED_ITEM('',(#1152),#1145);
#1154=ADVANCED_FACE('',(#3089),#3091,.F.);
#1155=COLOUR_RGB('',0.564705882352941,0.564705882352941,0.564705882352941);
#1156=FILL_AREA_STYLE_COLOUR('',#1155);
#1157=FILL_AREA_STYLE($,(#1156));
#1158=SURFACE_STYLE_FILL_AREA(#1157);
#1159=SURFACE_SIDE_STYLE('',(#1158));
#1160=SURFACE_STYLE_USAGE(.BOTH.,#1159);
#1161=PRESENTATION_STYLE_ASSIGNMENT((#1160));
#1162=STYLED_ITEM('',(#1161),#1154);
#1163=ADVANCED_FACE('',(#3096),#3098,.F.);
#1164=COLOUR_RGB('',0.564705882352941,0.564705882352941,0.564705882352941);
#1165=FILL_AREA_STYLE_COLOUR('',#1164);
#1166=FILL_AREA_STYLE($,(#1165));
#1167=SURFACE_STYLE_FILL_AREA(#1166);
#1168=SURFACE_SIDE_STYLE('',(#1167));
#1169=SURFACE_STYLE_USAGE(.BOTH.,#1168);
#1170=PRESENTATION_STYLE_ASSIGNMENT((#1169));
#1171=STYLED_ITEM('',(#1170),#1163);
#1172=ADVANCED_FACE('',(#3103),#3105,.F.);
#1173=COLOUR_RGB('',0.564705882352941,0.564705882352941,0.564705882352941);
#1174=FILL_AREA_STYLE_COLOUR('',#1173);
#1175=FILL_AREA_STYLE($,(#1174));
#1176=SURFACE_STYLE_FILL_AREA(#1175);
#1177=SURFACE_SIDE_STYLE('',(#1176));
#1178=SURFACE_STYLE_USAGE(.BOTH.,#1177);
#1179=PRESENTATION_STYLE_ASSIGNMENT((#1178));
#1180=STYLED_ITEM('',(#1179),#1172);
#1181=ADVANCED_FACE('',(#3110),#3112,.F.);
#1182=COLOUR_RGB('',0.564705882352941,0.564705882352941,0.564705882352941);
#1183=FILL_AREA_STYLE_COLOUR('',#1182);
#1184=FILL_AREA_STYLE($,(#1183));
#1185=SURFACE_STYLE_FILL_AREA(#1184);
#1186=SURFACE_SIDE_STYLE('',(#1185));
#1187=SURFACE_STYLE_USAGE(.BOTH.,#1186);
#1188=PRESENTATION_STYLE_ASSIGNMENT((#1187));
#1189=STYLED_ITEM('',(#1188),#1181);
#1190=ADVANCED_FACE('',(#3117),#3119,.F.);
#1191=COLOUR_RGB('',0.564705882352941,0.564705882352941,0.564705882352941);
#1192=FILL_AREA_STYLE_COLOUR('',#1191);
#1193=FILL_AREA_STYLE($,(#1192));
#1194=SURFACE_STYLE_FILL_AREA(#1193);
#1195=SURFACE_SIDE_STYLE('',(#1194));
#1196=SURFACE_STYLE_USAGE(.BOTH.,#1195);
#1197=PRESENTATION_STYLE_ASSIGNMENT((#1196));
#1198=STYLED_ITEM('',(#1197),#1190);
#1199=ADVANCED_FACE('',(#3124),#3126,.F.);
#1200=COLOUR_RGB('',0.564705882352941,0.564705882352941,0.564705882352941);
#1201=FILL_AREA_STYLE_COLOUR('',#1200);
#1202=FILL_AREA_STYLE($,(#1201));
#1203=SURFACE_STYLE_FILL_AREA(#1202);
#1204=SURFACE_SIDE_STYLE('',(#1203));
#1205=SURFACE_STYLE_USAGE(.BOTH.,#1204);
#1206=PRESENTATION_STYLE_ASSIGNMENT((#1205));
#1207=STYLED_ITEM('',(#1206),#1199);
#1208=ADVANCED_FACE('',(#3131),#3133,.F.);
#1209=COLOUR_RGB('',0.564705882352941,0.564705882352941,0.564705882352941);
#1210=FILL_AREA_STYLE_COLOUR('',#1209);
#1211=FILL_AREA_STYLE($,(#1210));
#1212=SURFACE_STYLE_FILL_AREA(#1211);
#1213=SURFACE_SIDE_STYLE('',(#1212));
#1214=SURFACE_STYLE_USAGE(.BOTH.,#1213);
#1215=PRESENTATION_STYLE_ASSIGNMENT((#1214));
#1216=STYLED_ITEM('',(#1215),#1208);
#1217=ADVANCED_FACE('',(#3138),#3140,.F.);
#1218=COLOUR_RGB('',0.564705882352941,0.564705882352941,0.564705882352941);
#1219=FILL_AREA_STYLE_COLOUR('',#1218);
#1220=FILL_AREA_STYLE($,(#1219));
#1221=SURFACE_STYLE_FILL_AREA(#1220);
#1222=SURFACE_SIDE_STYLE('',(#1221));
#1223=SURFACE_STYLE_USAGE(.BOTH.,#1222);
#1224=PRESENTATION_STYLE_ASSIGNMENT((#1223));
#1225=STYLED_ITEM('',(#1224),#1217);
#1226=ADVANCED_FACE('',(#3145),#3147,.F.);
#1227=COLOUR_RGB('',0.564705882352941,0.564705882352941,0.564705882352941);
#1228=FILL_AREA_STYLE_COLOUR('',#1227);
#1229=FILL_AREA_STYLE($,(#1228));
#1230=SURFACE_STYLE_FILL_AREA(#1229);
#1231=SURFACE_SIDE_STYLE('',(#1230));
#1232=SURFACE_STYLE_USAGE(.BOTH.,#1231);
#1233=PRESENTATION_STYLE_ASSIGNMENT((#1232));
#1234=STYLED_ITEM('',(#1233),#1226);
#1235=ADVANCED_FACE('',(#3152),#3154,.F.);
#1236=COLOUR_RGB('',0.564705882352941,0.564705882352941,0.564705882352941);
#1237=FILL_AREA_STYLE_COLOUR('',#1236);
#1238=FILL_AREA_STYLE($,(#1237));
#1239=SURFACE_STYLE_FILL_AREA(#1238);
#1240=SURFACE_SIDE_STYLE('',(#1239));
#1241=SURFACE_STYLE_USAGE(.BOTH.,#1240);
#1242=PRESENTATION_STYLE_ASSIGNMENT((#1241));
#1243=STYLED_ITEM('',(#1242),#1235);
#1244=ADVANCED_FACE('',(#3159),#3161,.F.);
#1245=COLOUR_RGB('',0.564705882352941,0.564705882352941,0.564705882352941);
#1246=FILL_AREA_STYLE_COLOUR('',#1245);
#1247=FILL_AREA_STYLE($,(#1246));
#1248=SURFACE_STYLE_FILL_AREA(#1247);
#1249=SURFACE_SIDE_STYLE('',(#1248));
#1250=SURFACE_STYLE_USAGE(.BOTH.,#1249);
#1251=PRESENTATION_STYLE_ASSIGNMENT((#1250));
#1252=STYLED_ITEM('',(#1251),#1244);
#1253=ADVANCED_FACE('',(#3166),#3168,.F.);
#1254=COLOUR_RGB('',0.564705882352941,0.564705882352941,0.564705882352941);
#1255=FILL_AREA_STYLE_COLOUR('',#1254);
#1256=FILL_AREA_STYLE($,(#1255));
#1257=SURFACE_STYLE_FILL_AREA(#1256);
#1258=SURFACE_SIDE_STYLE('',(#1257));
#1259=SURFACE_STYLE_USAGE(.BOTH.,#1258);
#1260=PRESENTATION_STYLE_ASSIGNMENT((#1259));
#1261=STYLED_ITEM('',(#1260),#1253);
#1262=ADVANCED_FACE('',(#3173),#3175,.F.);
#1263=COLOUR_RGB('',0.564705882352941,0.564705882352941,0.564705882352941);
#1264=FILL_AREA_STYLE_COLOUR('',#1263);
#1265=FILL_AREA_STYLE($,(#1264));
#1266=SURFACE_STYLE_FILL_AREA(#1265);
#1267=SURFACE_SIDE_STYLE('',(#1266));
#1268=SURFACE_STYLE_USAGE(.BOTH.,#1267);
#1269=PRESENTATION_STYLE_ASSIGNMENT((#1268));
#1270=STYLED_ITEM('',(#1269),#1262);
#1271=ADVANCED_FACE('',(#3180),#3182,.F.);
#1272=COLOUR_RGB('',0.564705882352941,0.564705882352941,0.564705882352941);
#1273=FILL_AREA_STYLE_COLOUR('',#1272);
#1274=FILL_AREA_STYLE($,(#1273));
#1275=SURFACE_STYLE_FILL_AREA(#1274);
#1276=SURFACE_SIDE_STYLE('',(#1275));
#1277=SURFACE_STYLE_USAGE(.BOTH.,#1276);
#1278=PRESENTATION_STYLE_ASSIGNMENT((#1277));
#1279=STYLED_ITEM('',(#1278),#1271);
#1280=ADVANCED_FACE('',(#3187),#3189,.F.);
#1281=COLOUR_RGB('',0.564705882352941,0.564705882352941,0.564705882352941);
#1282=FILL_AREA_STYLE_COLOUR('',#1281);
#1283=FILL_AREA_STYLE($,(#1282));
#1284=SURFACE_STYLE_FILL_AREA(#1283);
#1285=SURFACE_SIDE_STYLE('',(#1284));
#1286=SURFACE_STYLE_USAGE(.BOTH.,#1285);
#1287=PRESENTATION_STYLE_ASSIGNMENT((#1286));
#1288=STYLED_ITEM('',(#1287),#1280);
#1289=ADVANCED_FACE('',(#3194),#3196,.F.);
#1290=COLOUR_RGB('',0.564705882352941,0.564705882352941,0.564705882352941);
#1291=FILL_AREA_STYLE_COLOUR('',#1290);
#1292=FILL_AREA_STYLE($,(#1291));
#1293=SURFACE_STYLE_FILL_AREA(#1292);
#1294=SURFACE_SIDE_STYLE('',(#1293));
#1295=SURFACE_STYLE_USAGE(.BOTH.,#1294);
#1296=PRESENTATION_STYLE_ASSIGNMENT((#1295));
#1297=STYLED_ITEM('',(#1296),#1289);
#1298=ADVANCED_FACE('',(#3201),#3203,.F.);
#1299=COLOUR_RGB('',0.564705882352941,0.564705882352941,0.564705882352941);
#1300=FILL_AREA_STYLE_COLOUR('',#1299);
#1301=FILL_AREA_STYLE($,(#1300));
#1302=SURFACE_STYLE_FILL_AREA(#1301);
#1303=SURFACE_SIDE_STYLE('',(#1302));
#1304=SURFACE_STYLE_USAGE(.BOTH.,#1303);
#1305=PRESENTATION_STYLE_ASSIGNMENT((#1304));
#1306=STYLED_ITEM('',(#1305),#1298);
#1307=ADVANCED_FACE('',(#3208),#3210,.F.);
#1308=COLOUR_RGB('',0.564705882352941,0.564705882352941,0.564705882352941);
#1309=FILL_AREA_STYLE_COLOUR('',#1308);
#1310=FILL_AREA_STYLE($,(#1309));
#1311=SURFACE_STYLE_FILL_AREA(#1310);
#1312=SURFACE_SIDE_STYLE('',(#1311));
#1313=SURFACE_STYLE_USAGE(.BOTH.,#1312);
#1314=PRESENTATION_STYLE_ASSIGNMENT((#1313));
#1315=STYLED_ITEM('',(#1314),#1307);
#1316=ADVANCED_FACE('',(#3215),#3217,.F.);
#1317=COLOUR_RGB('',0.564705882352941,0.564705882352941,0.564705882352941);
#1318=FILL_AREA_STYLE_COLOUR('',#1317);
#1319=FILL_AREA_STYLE($,(#1318));
#1320=SURFACE_STYLE_FILL_AREA(#1319);
#1321=SURFACE_SIDE_STYLE('',(#1320));
#1322=SURFACE_STYLE_USAGE(.BOTH.,#1321);
#1323=PRESENTATION_STYLE_ASSIGNMENT((#1322));
#1324=STYLED_ITEM('',(#1323),#1316);
#1325=ADVANCED_FACE('',(#3222),#3224,.F.);
#1326=COLOUR_RGB('',0.564705882352941,0.564705882352941,0.564705882352941);
#1327=FILL_AREA_STYLE_COLOUR('',#1326);
#1328=FILL_AREA_STYLE($,(#1327));
#1329=SURFACE_STYLE_FILL_AREA(#1328);
#1330=SURFACE_SIDE_STYLE('',(#1329));
#1331=SURFACE_STYLE_USAGE(.BOTH.,#1330);
#1332=PRESENTATION_STYLE_ASSIGNMENT((#1331));
#1333=STYLED_ITEM('',(#1332),#1325);
#1334=ADVANCED_FACE('',(#3229),#3231,.F.);
#1335=COLOUR_RGB('',0.564705882352941,0.564705882352941,0.564705882352941);
#1336=FILL_AREA_STYLE_COLOUR('',#1335);
#1337=FILL_AREA_STYLE($,(#1336));
#1338=SURFACE_STYLE_FILL_AREA(#1337);
#1339=SURFACE_SIDE_STYLE('',(#1338));
#1340=SURFACE_STYLE_USAGE(.BOTH.,#1339);
#1341=PRESENTATION_STYLE_ASSIGNMENT((#1340));
#1342=STYLED_ITEM('',(#1341),#1334);
#1343=ADVANCED_FACE('',(#3236),#3238,.F.);
#1344=COLOUR_RGB('',0.564705882352941,0.564705882352941,0.564705882352941);
#1345=FILL_AREA_STYLE_COLOUR('',#1344);
#1346=FILL_AREA_STYLE($,(#1345));
#1347=SURFACE_STYLE_FILL_AREA(#1346);
#1348=SURFACE_SIDE_STYLE('',(#1347));
#1349=SURFACE_STYLE_USAGE(.BOTH.,#1348);
#1350=PRESENTATION_STYLE_ASSIGNMENT((#1349));
#1351=STYLED_ITEM('',(#1350),#1343);
#1352=ADVANCED_FACE('',(#3243),#3245,.F.);
#1353=COLOUR_RGB('',0.564705882352941,0.564705882352941,0.564705882352941);
#1354=FILL_AREA_STYLE_COLOUR('',#1353);
#1355=FILL_AREA_STYLE($,(#1354));
#1356=SURFACE_STYLE_FILL_AREA(#1355);
#1357=SURFACE_SIDE_STYLE('',(#1356));
#1358=SURFACE_STYLE_USAGE(.BOTH.,#1357);
#1359=PRESENTATION_STYLE_ASSIGNMENT((#1358));
#1360=STYLED_ITEM('',(#1359),#1352);
#1361=ADVANCED_FACE('',(#3250),#3252,.F.);
#1362=COLOUR_RGB('',0.564705882352941,0.564705882352941,0.564705882352941);
#1363=FILL_AREA_STYLE_COLOUR('',#1362);
#1364=FILL_AREA_STYLE($,(#1363));
#1365=SURFACE_STYLE_FILL_AREA(#1364);
#1366=SURFACE_SIDE_STYLE('',(#1365));
#1367=SURFACE_STYLE_USAGE(.BOTH.,#1366);
#1368=PRESENTATION_STYLE_ASSIGNMENT((#1367));
#1369=STYLED_ITEM('',(#1368),#1361);
#1370=ADVANCED_FACE('',(#3257),#3259,.F.);
#1371=COLOUR_RGB('',0.564705882352941,0.564705882352941,0.564705882352941);
#1372=FILL_AREA_STYLE_COLOUR('',#1371);
#1373=FILL_AREA_STYLE($,(#1372));
#1374=SURFACE_STYLE_FILL_AREA(#1373);
#1375=SURFACE_SIDE_STYLE('',(#1374));
#1376=SURFACE_STYLE_USAGE(.BOTH.,#1375);
#1377=PRESENTATION_STYLE_ASSIGNMENT((#1376));
#1378=STYLED_ITEM('',(#1377),#1370);
#1379=ADVANCED_FACE('',(#3264),#3266,.F.);
#1380=COLOUR_RGB('',0.564705882352941,0.564705882352941,0.564705882352941);
#1381=FILL_AREA_STYLE_COLOUR('',#1380);
#1382=FILL_AREA_STYLE($,(#1381));
#1383=SURFACE_STYLE_FILL_AREA(#1382);
#1384=SURFACE_SIDE_STYLE('',(#1383));
#1385=SURFACE_STYLE_USAGE(.BOTH.,#1384);
#1386=PRESENTATION_STYLE_ASSIGNMENT((#1385));
#1387=STYLED_ITEM('',(#1386),#1379);
#1388=ADVANCED_FACE('',(#3271),#3273,.F.);
#1389=COLOUR_RGB('',0.564705882352941,0.564705882352941,0.564705882352941);
#1390=FILL_AREA_STYLE_COLOUR('',#1389);
#1391=FILL_AREA_STYLE($,(#1390));
#1392=SURFACE_STYLE_FILL_AREA(#1391);
#1393=SURFACE_SIDE_STYLE('',(#1392));
#1394=SURFACE_STYLE_USAGE(.BOTH.,#1393);
#1395=PRESENTATION_STYLE_ASSIGNMENT((#1394));
#1396=STYLED_ITEM('',(#1395),#1388);
#1397=ADVANCED_FACE('',(#3278),#3280,.F.);
#1398=COLOUR_RGB('',0.564705882352941,0.564705882352941,0.564705882352941);
#1399=FILL_AREA_STYLE_COLOUR('',#1398);
#1400=FILL_AREA_STYLE($,(#1399));
#1401=SURFACE_STYLE_FILL_AREA(#1400);
#1402=SURFACE_SIDE_STYLE('',(#1401));
#1403=SURFACE_STYLE_USAGE(.BOTH.,#1402);
#1404=PRESENTATION_STYLE_ASSIGNMENT((#1403));
#1405=STYLED_ITEM('',(#1404),#1397);
#1406=ADVANCED_FACE('',(#3285),#3287,.F.);
#1407=COLOUR_RGB('',0.564705882352941,0.564705882352941,0.564705882352941);
#1408=FILL_AREA_STYLE_COLOUR('',#1407);
#1409=FILL_AREA_STYLE($,(#1408));
#1410=SURFACE_STYLE_FILL_AREA(#1409);
#1411=SURFACE_SIDE_STYLE('',(#1410));
#1412=SURFACE_STYLE_USAGE(.BOTH.,#1411);
#1413=PRESENTATION_STYLE_ASSIGNMENT((#1412));
#1414=STYLED_ITEM('',(#1413),#1406);
#1415=ADVANCED_FACE('',(#3292),#3294,.F.);
#1416=COLOUR_RGB('',0.564705882352941,0.564705882352941,0.564705882352941);
#1417=FILL_AREA_STYLE_COLOUR('',#1416);
#1418=FILL_AREA_STYLE($,(#1417));
#1419=SURFACE_STYLE_FILL_AREA(#1418);
#1420=SURFACE_SIDE_STYLE('',(#1419));
#1421=SURFACE_STYLE_USAGE(.BOTH.,#1420);
#1422=PRESENTATION_STYLE_ASSIGNMENT((#1421));
#1423=STYLED_ITEM('',(#1422),#1415);
#1424=ADVANCED_FACE('',(#3299),#3301,.F.);
#1425=COLOUR_RGB('',0.564705882352941,0.564705882352941,0.564705882352941);
#1426=FILL_AREA_STYLE_COLOUR('',#1425);
#1427=FILL_AREA_STYLE($,(#1426));
#1428=SURFACE_STYLE_FILL_AREA(#1427);
#1429=SURFACE_SIDE_STYLE('',(#1428));
#1430=SURFACE_STYLE_USAGE(.BOTH.,#1429);
#1431=PRESENTATION_STYLE_ASSIGNMENT((#1430));
#1432=STYLED_ITEM('',(#1431),#1424);
#1433=ADVANCED_FACE('',(#3306),#3308,.F.);
#1434=COLOUR_RGB('',0.564705882352941,0.564705882352941,0.564705882352941);
#1435=FILL_AREA_STYLE_COLOUR('',#1434);
#1436=FILL_AREA_STYLE($,(#1435));
#1437=SURFACE_STYLE_FILL_AREA(#1436);
#1438=SURFACE_SIDE_STYLE('',(#1437));
#1439=SURFACE_STYLE_USAGE(.BOTH.,#1438);
#1440=PRESENTATION_STYLE_ASSIGNMENT((#1439));
#1441=STYLED_ITEM('',(#1440),#1433);
#1442=ADVANCED_FACE('',(#3313),#3315,.F.);
#1443=COLOUR_RGB('',0.564705882352941,0.564705882352941,0.564705882352941);
#1444=FILL_AREA_STYLE_COLOUR('',#1443);
#1445=FILL_AREA_STYLE($,(#1444));
#1446=SURFACE_STYLE_FILL_AREA(#1445);
#1447=SURFACE_SIDE_STYLE('',(#1446));
#1448=SURFACE_STYLE_USAGE(.BOTH.,#1447);
#1449=PRESENTATION_STYLE_ASSIGNMENT((#1448));
#1450=STYLED_ITEM('',(#1449),#1442);
#1451=ADVANCED_FACE('',(#3320),#3322,.F.);
#1452=COLOUR_RGB('',0.564705882352941,0.564705882352941,0.564705882352941);
#1453=FILL_AREA_STYLE_COLOUR('',#1452);
#1454=FILL_AREA_STYLE($,(#1453));
#1455=SURFACE_STYLE_FILL_AREA(#1454);
#1456=SURFACE_SIDE_STYLE('',(#1455));
#1457=SURFACE_STYLE_USAGE(.BOTH.,#1456);
#1458=PRESENTATION_STYLE_ASSIGNMENT((#1457));
#1459=STYLED_ITEM('',(#1458),#1451);
#1460=ADVANCED_FACE('',(#3327),#3329,.F.);
#1461=COLOUR_RGB('',0.564705882352941,0.564705882352941,0.564705882352941);
#1462=FILL_AREA_STYLE_COLOUR('',#1461);
#1463=FILL_AREA_STYLE($,(#1462));
#1464=SURFACE_STYLE_FILL_AREA(#1463);
#1465=SURFACE_SIDE_STYLE('',(#1464));
#1466=SURFACE_STYLE_USAGE(.BOTH.,#1465);
#1467=PRESENTATION_STYLE_ASSIGNMENT((#1466));
#1468=STYLED_ITEM('',(#1467),#1460);
#1469=ADVANCED_FACE('',(#3334),#3336,.F.);
#1470=COLOUR_RGB('',0.564705882352941,0.564705882352941,0.564705882352941);
#1471=FILL_AREA_STYLE_COLOUR('',#1470);
#1472=FILL_AREA_STYLE($,(#1471));
#1473=SURFACE_STYLE_FILL_AREA(#1472);
#1474=SURFACE_SIDE_STYLE('',(#1473));
#1475=SURFACE_STYLE_USAGE(.BOTH.,#1474);
#1476=PRESENTATION_STYLE_ASSIGNMENT((#1475));
#1477=STYLED_ITEM('',(#1476),#1469);
#1478=ADVANCED_FACE('',(#3341),#3343,.F.);
#1479=COLOUR_RGB('',0.564705882352941,0.564705882352941,0.564705882352941);
#1480=FILL_AREA_STYLE_COLOUR('',#1479);
#1481=FILL_AREA_STYLE($,(#1480));
#1482=SURFACE_STYLE_FILL_AREA(#1481);
#1483=SURFACE_SIDE_STYLE('',(#1482));
#1484=SURFACE_STYLE_USAGE(.BOTH.,#1483);
#1485=PRESENTATION_STYLE_ASSIGNMENT((#1484));
#1486=STYLED_ITEM('',(#1485),#1478);
#1487=ADVANCED_FACE('',(#3348),#3350,.F.);
#1488=COLOUR_RGB('',0.564705882352941,0.564705882352941,0.564705882352941);
#1489=FILL_AREA_STYLE_COLOUR('',#1488);
#1490=FILL_AREA_STYLE($,(#1489));
#1491=SURFACE_STYLE_FILL_AREA(#1490);
#1492=SURFACE_SIDE_STYLE('',(#1491));
#1493=SURFACE_STYLE_USAGE(.BOTH.,#1492);
#1494=PRESENTATION_STYLE_ASSIGNMENT((#1493));
#1495=STYLED_ITEM('',(#1494),#1487);
#1496=ADVANCED_FACE('',(#3355),#3357,.F.);
#1497=COLOUR_RGB('',0.564705882352941,0.564705882352941,0.564705882352941);
#1498=FILL_AREA_STYLE_COLOUR('',#1497);
#1499=FILL_AREA_STYLE($,(#1498));
#1500=SURFACE_STYLE_FILL_AREA(#1499);
#1501=SURFACE_SIDE_STYLE('',(#1500));
#1502=SURFACE_STYLE_USAGE(.BOTH.,#1501);
#1503=PRESENTATION_STYLE_ASSIGNMENT((#1502));
#1504=STYLED_ITEM('',(#1503),#1496);
#1505=ADVANCED_FACE('',(#3362),#3364,.F.);
#1506=COLOUR_RGB('',0.564705882352941,0.564705882352941,0.564705882352941);
#1507=FILL_AREA_STYLE_COLOUR('',#1506);
#1508=FILL_AREA_STYLE($,(#1507));
#1509=SURFACE_STYLE_FILL_AREA(#1508);
#1510=SURFACE_SIDE_STYLE('',(#1509));
#1511=SURFACE_STYLE_USAGE(.BOTH.,#1510);
#1512=PRESENTATION_STYLE_ASSIGNMENT((#1511));
#1513=STYLED_ITEM('',(#1512),#1505);
#1514=ADVANCED_FACE('',(#3369),#3371,.F.);
#1515=COLOUR_RGB('',0.564705882352941,0.564705882352941,0.564705882352941);
#1516=FILL_AREA_STYLE_COLOUR('',#1515);
#1517=FILL_AREA_STYLE($,(#1516));
#1518=SURFACE_STYLE_FILL_AREA(#1517);
#1519=SURFACE_SIDE_STYLE('',(#1518));
#1520=SURFACE_STYLE_USAGE(.BOTH.,#1519);
#1521=PRESENTATION_STYLE_ASSIGNMENT((#1520));
#1522=STYLED_ITEM('',(#1521),#1514);
#1523=ADVANCED_FACE('',(#3376),#3378,.F.);
#1524=COLOUR_RGB('',0.564705882352941,0.564705882352941,0.564705882352941);
#1525=FILL_AREA_STYLE_COLOUR('',#1524);
#1526=FILL_AREA_STYLE($,(#1525));
#1527=SURFACE_STYLE_FILL_AREA(#1526);
#1528=SURFACE_SIDE_STYLE('',(#1527));
#1529=SURFACE_STYLE_USAGE(.BOTH.,#1528);
#1530=PRESENTATION_STYLE_ASSIGNMENT((#1529));
#1531=STYLED_ITEM('',(#1530),#1523);
#1532=ADVANCED_FACE('',(#3383),#3385,.F.);
#1533=COLOUR_RGB('',0.564705882352941,0.564705882352941,0.564705882352941);
#1534=FILL_AREA_STYLE_COLOUR('',#1533);
#1535=FILL_AREA_STYLE($,(#1534));
#1536=SURFACE_STYLE_FILL_AREA(#1535);
#1537=SURFACE_SIDE_STYLE('',(#1536));
#1538=SURFACE_STYLE_USAGE(.BOTH.,#1537);
#1539=PRESENTATION_STYLE_ASSIGNMENT((#1538));
#1540=STYLED_ITEM('',(#1539),#1532);
#1541=ADVANCED_FACE('',(#3390),#3392,.F.);
#1542=COLOUR_RGB('',0.564705882352941,0.564705882352941,0.564705882352941);
#1543=FILL_AREA_STYLE_COLOUR('',#1542);
#1544=FILL_AREA_STYLE($,(#1543));
#1545=SURFACE_STYLE_FILL_AREA(#1544);
#1546=SURFACE_SIDE_STYLE('',(#1545));
#1547=SURFACE_STYLE_USAGE(.BOTH.,#1546);
#1548=PRESENTATION_STYLE_ASSIGNMENT((#1547));
#1549=STYLED_ITEM('',(#1548),#1541);
#1550=ADVANCED_FACE('',(#3397),#3399,.F.);
#1551=COLOUR_RGB('',0.564705882352941,0.564705882352941,0.564705882352941);
#1552=FILL_AREA_STYLE_COLOUR('',#1551);
#1553=FILL_AREA_STYLE($,(#1552));
#1554=SURFACE_STYLE_FILL_AREA(#1553);
#1555=SURFACE_SIDE_STYLE('',(#1554));
#1556=SURFACE_STYLE_USAGE(.BOTH.,#1555);
#1557=PRESENTATION_STYLE_ASSIGNMENT((#1556));
#1558=STYLED_ITEM('',(#1557),#1550);
#1559=ADVANCED_FACE('',(#3404),#3406,.F.);
#1560=COLOUR_RGB('',0.564705882352941,0.564705882352941,0.564705882352941);
#1561=FILL_AREA_STYLE_COLOUR('',#1560);
#1562=FILL_AREA_STYLE($,(#1561));
#1563=SURFACE_STYLE_FILL_AREA(#1562);
#1564=SURFACE_SIDE_STYLE('',(#1563));
#1565=SURFACE_STYLE_USAGE(.BOTH.,#1564);
#1566=PRESENTATION_STYLE_ASSIGNMENT((#1565));
#1567=STYLED_ITEM('',(#1566),#1559);
#1568=ADVANCED_FACE('',(#3411),#3413,.F.);
#1569=COLOUR_RGB('',0.564705882352941,0.564705882352941,0.564705882352941);
#1570=FILL_AREA_STYLE_COLOUR('',#1569);
#1571=FILL_AREA_STYLE($,(#1570));
#1572=SURFACE_STYLE_FILL_AREA(#1571);
#1573=SURFACE_SIDE_STYLE('',(#1572));
#1574=SURFACE_STYLE_USAGE(.BOTH.,#1573);
#1575=PRESENTATION_STYLE_ASSIGNMENT((#1574));
#1576=STYLED_ITEM('',(#1575),#1568);
#1577=ADVANCED_FACE('',(#3418),#3420,.F.);
#1578=COLOUR_RGB('',0.564705882352941,0.564705882352941,0.564705882352941);
#1579=FILL_AREA_STYLE_COLOUR('',#1578);
#1580=FILL_AREA_STYLE($,(#1579));
#1581=SURFACE_STYLE_FILL_AREA(#1580);
#1582=SURFACE_SIDE_STYLE('',(#1581));
#1583=SURFACE_STYLE_USAGE(.BOTH.,#1582);
#1584=PRESENTATION_STYLE_ASSIGNMENT((#1583));
#1585=STYLED_ITEM('',(#1584),#1577);
#1586=ADVANCED_FACE('',(#3425),#3427,.F.);
#1587=COLOUR_RGB('',0.564705882352941,0.564705882352941,0.564705882352941);
#1588=FILL_AREA_STYLE_COLOUR('',#1587);
#1589=FILL_AREA_STYLE($,(#1588));
#1590=SURFACE_STYLE_FILL_AREA(#1589);
#1591=SURFACE_SIDE_STYLE('',(#1590));
#1592=SURFACE_STYLE_USAGE(.BOTH.,#1591);
#1593=PRESENTATION_STYLE_ASSIGNMENT((#1592));
#1594=STYLED_ITEM('',(#1593),#1586);
#1595=ADVANCED_FACE('',(#3432),#3434,.F.);
#1596=COLOUR_RGB('',0.564705882352941,0.564705882352941,0.564705882352941);
#1597=FILL_AREA_STYLE_COLOUR('',#1596);
#1598=FILL_AREA_STYLE($,(#1597));
#1599=SURFACE_STYLE_FILL_AREA(#1598);
#1600=SURFACE_SIDE_STYLE('',(#1599));
#1601=SURFACE_STYLE_USAGE(.BOTH.,#1600);
#1602=PRESENTATION_STYLE_ASSIGNMENT((#1601));
#1603=STYLED_ITEM('',(#1602),#1595);
#1604=ADVANCED_FACE('',(#3439),#3441,.F.);
#1605=COLOUR_RGB('',0.564705882352941,0.564705882352941,0.564705882352941);
#1606=FILL_AREA_STYLE_COLOUR('',#1605);
#1607=FILL_AREA_STYLE($,(#1606));
#1608=SURFACE_STYLE_FILL_AREA(#1607);
#1609=SURFACE_SIDE_STYLE('',(#1608));
#1610=SURFACE_STYLE_USAGE(.BOTH.,#1609);
#1611=PRESENTATION_STYLE_ASSIGNMENT((#1610));
#1612=STYLED_ITEM('',(#1611),#1604);
#1613=ADVANCED_FACE('',(#3446),#3448,.F.);
#1614=COLOUR_RGB('',0.564705882352941,0.564705882352941,0.564705882352941);
#1615=FILL_AREA_STYLE_COLOUR('',#1614);
#1616=FILL_AREA_STYLE($,(#1615));
#1617=SURFACE_STYLE_FILL_AREA(#1616);
#1618=SURFACE_SIDE_STYLE('',(#1617));
#1619=SURFACE_STYLE_USAGE(.BOTH.,#1618);
#1620=PRESENTATION_STYLE_ASSIGNMENT((#1619));
#1621=STYLED_ITEM('',(#1620),#1613);
#1622=ADVANCED_FACE('',(#3453),#3455,.F.);
#1623=COLOUR_RGB('',0.564705882352941,0.564705882352941,0.564705882352941);
#1624=FILL_AREA_STYLE_COLOUR('',#1623);
#1625=FILL_AREA_STYLE($,(#1624));
#1626=SURFACE_STYLE_FILL_AREA(#1625);
#1627=SURFACE_SIDE_STYLE('',(#1626));
#1628=SURFACE_STYLE_USAGE(.BOTH.,#1627);
#1629=PRESENTATION_STYLE_ASSIGNMENT((#1628));
#1630=STYLED_ITEM('',(#1629),#1622);
#1631=ADVANCED_FACE('',(#3460),#3462,.F.);
#1632=COLOUR_RGB('',0.564705882352941,0.564705882352941,0.564705882352941);
#1633=FILL_AREA_STYLE_COLOUR('',#1632);
#1634=FILL_AREA_STYLE($,(#1633));
#1635=SURFACE_STYLE_FILL_AREA(#1634);
#1636=SURFACE_SIDE_STYLE('',(#1635));
#1637=SURFACE_STYLE_USAGE(.BOTH.,#1636);
#1638=PRESENTATION_STYLE_ASSIGNMENT((#1637));
#1639=STYLED_ITEM('',(#1638),#1631);
#1640=ADVANCED_FACE('',(#3467),#3469,.F.);
#1641=COLOUR_RGB('',0.564705882352941,0.564705882352941,0.564705882352941);
#1642=FILL_AREA_STYLE_COLOUR('',#1641);
#1643=FILL_AREA_STYLE($,(#1642));
#1644=SURFACE_STYLE_FILL_AREA(#1643);
#1645=SURFACE_SIDE_STYLE('',(#1644));
#1646=SURFACE_STYLE_USAGE(.BOTH.,#1645);
#1647=PRESENTATION_STYLE_ASSIGNMENT((#1646));
#1648=STYLED_ITEM('',(#1647),#1640);
#1649=ADVANCED_FACE('',(#3474),#3476,.F.);
#1650=COLOUR_RGB('',0.564705882352941,0.564705882352941,0.564705882352941);
#1651=FILL_AREA_STYLE_COLOUR('',#1650);
#1652=FILL_AREA_STYLE($,(#1651));
#1653=SURFACE_STYLE_FILL_AREA(#1652);
#1654=SURFACE_SIDE_STYLE('',(#1653));
#1655=SURFACE_STYLE_USAGE(.BOTH.,#1654);
#1656=PRESENTATION_STYLE_ASSIGNMENT((#1655));
#1657=STYLED_ITEM('',(#1656),#1649);
#1658=ADVANCED_FACE('',(#3481),#3483,.F.);
#1659=COLOUR_RGB('',0.564705882352941,0.564705882352941,0.564705882352941);
#1660=FILL_AREA_STYLE_COLOUR('',#1659);
#1661=FILL_AREA_STYLE($,(#1660));
#1662=SURFACE_STYLE_FILL_AREA(#1661);
#1663=SURFACE_SIDE_STYLE('',(#1662));
#1664=SURFACE_STYLE_USAGE(.BOTH.,#1663);
#1665=PRESENTATION_STYLE_ASSIGNMENT((#1664));
#1666=STYLED_ITEM('',(#1665),#1658);
#1667=ADVANCED_FACE('',(#3488),#3490,.F.);
#1668=COLOUR_RGB('',0.564705882352941,0.564705882352941,0.564705882352941);
#1669=FILL_AREA_STYLE_COLOUR('',#1668);
#1670=FILL_AREA_STYLE($,(#1669));
#1671=SURFACE_STYLE_FILL_AREA(#1670);
#1672=SURFACE_SIDE_STYLE('',(#1671));
#1673=SURFACE_STYLE_USAGE(.BOTH.,#1672);
#1674=PRESENTATION_STYLE_ASSIGNMENT((#1673));
#1675=STYLED_ITEM('',(#1674),#1667);
#1676=ADVANCED_FACE('',(#3495),#3497,.F.);
#1677=COLOUR_RGB('',0.564705882352941,0.564705882352941,0.564705882352941);
#1678=FILL_AREA_STYLE_COLOUR('',#1677);
#1679=FILL_AREA_STYLE($,(#1678));
#1680=SURFACE_STYLE_FILL_AREA(#1679);
#1681=SURFACE_SIDE_STYLE('',(#1680));
#1682=SURFACE_STYLE_USAGE(.BOTH.,#1681);
#1683=PRESENTATION_STYLE_ASSIGNMENT((#1682));
#1684=STYLED_ITEM('',(#1683),#1676);
#1685=ADVANCED_FACE('',(#3502),#3504,.F.);
#1686=COLOUR_RGB('',0.564705882352941,0.564705882352941,0.564705882352941);
#1687=FILL_AREA_STYLE_COLOUR('',#1686);
#1688=FILL_AREA_STYLE($,(#1687));
#1689=SURFACE_STYLE_FILL_AREA(#1688);
#1690=SURFACE_SIDE_STYLE('',(#1689));
#1691=SURFACE_STYLE_USAGE(.BOTH.,#1690);
#1692=PRESENTATION_STYLE_ASSIGNMENT((#1691));
#1693=STYLED_ITEM('',(#1692),#1685);
#1694=ADVANCED_FACE('',(#3509),#3511,.F.);
#1695=COLOUR_RGB('',0.564705882352941,0.564705882352941,0.564705882352941);
#1696=FILL_AREA_STYLE_COLOUR('',#1695);
#1697=FILL_AREA_STYLE($,(#1696));
#1698=SURFACE_STYLE_FILL_AREA(#1697);
#1699=SURFACE_SIDE_STYLE('',(#1698));
#1700=SURFACE_STYLE_USAGE(.BOTH.,#1699);
#1701=PRESENTATION_STYLE_ASSIGNMENT((#1700));
#1702=STYLED_ITEM('',(#1701),#1694);
#1703=ADVANCED_FACE('',(#3516),#3518,.F.);
#1704=COLOUR_RGB('',0.564705882352941,0.564705882352941,0.564705882352941);
#1705=FILL_AREA_STYLE_COLOUR('',#1704);
#1706=FILL_AREA_STYLE($,(#1705));
#1707=SURFACE_STYLE_FILL_AREA(#1706);
#1708=SURFACE_SIDE_STYLE('',(#1707));
#1709=SURFACE_STYLE_USAGE(.BOTH.,#1708);
#1710=PRESENTATION_STYLE_ASSIGNMENT((#1709));
#1711=STYLED_ITEM('',(#1710),#1703);
#1712=ADVANCED_FACE('',(#3523),#3525,.F.);
#1713=COLOUR_RGB('',0.564705882352941,0.564705882352941,0.564705882352941);
#1714=FILL_AREA_STYLE_COLOUR('',#1713);
#1715=FILL_AREA_STYLE($,(#1714));
#1716=SURFACE_STYLE_FILL_AREA(#1715);
#1717=SURFACE_SIDE_STYLE('',(#1716));
#1718=SURFACE_STYLE_USAGE(.BOTH.,#1717);
#1719=PRESENTATION_STYLE_ASSIGNMENT((#1718));
#1720=STYLED_ITEM('',(#1719),#1712);
#1721=ADVANCED_FACE('',(#3530),#3532,.F.);
#1722=COLOUR_RGB('',0.564705882352941,0.564705882352941,0.564705882352941);
#1723=FILL_AREA_STYLE_COLOUR('',#1722);
#1724=FILL_AREA_STYLE($,(#1723));
#1725=SURFACE_STYLE_FILL_AREA(#1724);
#1726=SURFACE_SIDE_STYLE('',(#1725));
#1727=SURFACE_STYLE_USAGE(.BOTH.,#1726);
#1728=PRESENTATION_STYLE_ASSIGNMENT((#1727));
#1729=STYLED_ITEM('',(#1728),#1721);
#1730=ADVANCED_FACE('',(#3537),#3539,.F.);
#1731=COLOUR_RGB('',0.564705882352941,0.564705882352941,0.564705882352941);
#1732=FILL_AREA_STYLE_COLOUR('',#1731);
#1733=FILL_AREA_STYLE($,(#1732));
#1734=SURFACE_STYLE_FILL_AREA(#1733);
#1735=SURFACE_SIDE_STYLE('',(#1734));
#1736=SURFACE_STYLE_USAGE(.BOTH.,#1735);
#1737=PRESENTATION_STYLE_ASSIGNMENT((#1736));
#1738=STYLED_ITEM('',(#1737),#1730);
#1739=ADVANCED_FACE('',(#3544),#3546,.F.);
#1740=COLOUR_RGB('',0.564705882352941,0.564705882352941,0.564705882352941);
#1741=FILL_AREA_STYLE_COLOUR('',#1740);
#1742=FILL_AREA_STYLE($,(#1741));
#1743=SURFACE_STYLE_FILL_AREA(#1742);
#1744=SURFACE_SIDE_STYLE('',(#1743));
#1745=SURFACE_STYLE_USAGE(.BOTH.,#1744);
#1746=PRESENTATION_STYLE_ASSIGNMENT((#1745));
#1747=STYLED_ITEM('',(#1746),#1739);
#1748=ADVANCED_FACE('',(#3551),#3553,.F.);
#1749=COLOUR_RGB('',0.564705882352941,0.564705882352941,0.564705882352941);
#1750=FILL_AREA_STYLE_COLOUR('',#1749);
#1751=FILL_AREA_STYLE($,(#1750));
#1752=SURFACE_STYLE_FILL_AREA(#1751);
#1753=SURFACE_SIDE_STYLE('',(#1752));
#1754=SURFACE_STYLE_USAGE(.BOTH.,#1753);
#1755=PRESENTATION_STYLE_ASSIGNMENT((#1754));
#1756=STYLED_ITEM('',(#1755),#1748);
#1757=ADVANCED_FACE('',(#3558),#3560,.F.);
#1758=COLOUR_RGB('',0.564705882352941,0.564705882352941,0.564705882352941);
#1759=FILL_AREA_STYLE_COLOUR('',#1758);
#1760=FILL_AREA_STYLE($,(#1759));
#1761=SURFACE_STYLE_FILL_AREA(#1760);
#1762=SURFACE_SIDE_STYLE('',(#1761));
#1763=SURFACE_STYLE_USAGE(.BOTH.,#1762);
#1764=PRESENTATION_STYLE_ASSIGNMENT((#1763));
#1765=STYLED_ITEM('',(#1764),#1757);
#1766=ADVANCED_FACE('',(#3565),#3567,.F.);
#1767=COLOUR_RGB('',0.564705882352941,0.564705882352941,0.564705882352941);
#1768=FILL_AREA_STYLE_COLOUR('',#1767);
#1769=FILL_AREA_STYLE($,(#1768));
#1770=SURFACE_STYLE_FILL_AREA(#1769);
#1771=SURFACE_SIDE_STYLE('',(#1770));
#1772=SURFACE_STYLE_USAGE(.BOTH.,#1771);
#1773=PRESENTATION_STYLE_ASSIGNMENT((#1772));
#1774=STYLED_ITEM('',(#1773),#1766);
#1775=ADVANCED_FACE('',(#3572),#3574,.F.);
#1776=COLOUR_RGB('',0.564705882352941,0.564705882352941,0.564705882352941);
#1777=FILL_AREA_STYLE_COLOUR('',#1776);
#1778=FILL_AREA_STYLE($,(#1777));
#1779=SURFACE_STYLE_FILL_AREA(#1778);
#1780=SURFACE_SIDE_STYLE('',(#1779));
#1781=SURFACE_STYLE_USAGE(.BOTH.,#1780);
#1782=PRESENTATION_STYLE_ASSIGNMENT((#1781));
#1783=STYLED_ITEM('',(#1782),#1775);
#1784=ADVANCED_FACE('',(#3579),#3581,.F.);
#1785=COLOUR_RGB('',0.564705882352941,0.564705882352941,0.564705882352941);
#1786=FILL_AREA_STYLE_COLOUR('',#1785);
#1787=FILL_AREA_STYLE($,(#1786));
#1788=SURFACE_STYLE_FILL_AREA(#1787);
#1789=SURFACE_SIDE_STYLE('',(#1788));
#1790=SURFACE_STYLE_USAGE(.BOTH.,#1789);
#1791=PRESENTATION_STYLE_ASSIGNMENT((#1790));
#1792=STYLED_ITEM('',(#1791),#1784);
#1793=ADVANCED_FACE('',(#3586),#3588,.F.);
#1794=COLOUR_RGB('',0.564705882352941,0.564705882352941,0.564705882352941);
#1795=FILL_AREA_STYLE_COLOUR('',#1794);
#1796=FILL_AREA_STYLE($,(#1795));
#1797=SURFACE_STYLE_FILL_AREA(#1796);
#1798=SURFACE_SIDE_STYLE('',(#1797));
#1799=SURFACE_STYLE_USAGE(.BOTH.,#1798);
#1800=PRESENTATION_STYLE_ASSIGNMENT((#1799));
#1801=STYLED_ITEM('',(#1800),#1793);
#1802=ADVANCED_FACE('',(#3593),#3595,.F.);
#1803=COLOUR_RGB('',0.564705882352941,0.564705882352941,0.564705882352941);
#1804=FILL_AREA_STYLE_COLOUR('',#1803);
#1805=FILL_AREA_STYLE($,(#1804));
#1806=SURFACE_STYLE_FILL_AREA(#1805);
#1807=SURFACE_SIDE_STYLE('',(#1806));
#1808=SURFACE_STYLE_USAGE(.BOTH.,#1807);
#1809=PRESENTATION_STYLE_ASSIGNMENT((#1808));
#1810=STYLED_ITEM('',(#1809),#1802);
#1811=ADVANCED_FACE('',(#3600),#3602,.F.);
#1812=COLOUR_RGB('',0.564705882352941,0.564705882352941,0.564705882352941);
#1813=FILL_AREA_STYLE_COLOUR('',#1812);
#1814=FILL_AREA_STYLE($,(#1813));
#1815=SURFACE_STYLE_FILL_AREA(#1814);
#1816=SURFACE_SIDE_STYLE('',(#1815));
#1817=SURFACE_STYLE_USAGE(.BOTH.,#1816);
#1818=PRESENTATION_STYLE_ASSIGNMENT((#1817));
#1819=STYLED_ITEM('',(#1818),#1811);
#1820=ADVANCED_FACE('',(#3607),#3609,.F.);
#1821=COLOUR_RGB('',0.564705882352941,0.564705882352941,0.564705882352941);
#1822=FILL_AREA_STYLE_COLOUR('',#1821);
#1823=FILL_AREA_STYLE($,(#1822));
#1824=SURFACE_STYLE_FILL_AREA(#1823);
#1825=SURFACE_SIDE_STYLE('',(#1824));
#1826=SURFACE_STYLE_USAGE(.BOTH.,#1825);
#1827=PRESENTATION_STYLE_ASSIGNMENT((#1826));
#1828=STYLED_ITEM('',(#1827),#1820);
#1829=ADVANCED_FACE('',(#3614),#3616,.F.);
#1830=COLOUR_RGB('',0.564705882352941,0.564705882352941,0.564705882352941);
#1831=FILL_AREA_STYLE_COLOUR('',#1830);
#1832=FILL_AREA_STYLE($,(#1831));
#1833=SURFACE_STYLE_FILL_AREA(#1832);
#1834=SURFACE_SIDE_STYLE('',(#1833));
#1835=SURFACE_STYLE_USAGE(.BOTH.,#1834);
#1836=PRESENTATION_STYLE_ASSIGNMENT((#1835));
#1837=STYLED_ITEM('',(#1836),#1829);
#1838=ADVANCED_FACE('',(#3621),#3623,.F.);
#1839=COLOUR_RGB('',0.564705882352941,0.564705882352941,0.564705882352941);
#1840=FILL_AREA_STYLE_COLOUR('',#1839);
#1841=FILL_AREA_STYLE($,(#1840));
#1842=SURFACE_STYLE_FILL_AREA(#1841);
#1843=SURFACE_SIDE_STYLE('',(#1842));
#1844=SURFACE_STYLE_USAGE(.BOTH.,#1843);
#1845=PRESENTATION_STYLE_ASSIGNMENT((#1844));
#1846=STYLED_ITEM('',(#1845),#1838);
#1847=ADVANCED_FACE('',(#3628),#3630,.F.);
#1848=COLOUR_RGB('',0.564705882352941,0.564705882352941,0.564705882352941);
#1849=FILL_AREA_STYLE_COLOUR('',#1848);
#1850=FILL_AREA_STYLE($,(#1849));
#1851=SURFACE_STYLE_FILL_AREA(#1850);
#1852=SURFACE_SIDE_STYLE('',(#1851));
#1853=SURFACE_STYLE_USAGE(.BOTH.,#1852);
#1854=PRESENTATION_STYLE_ASSIGNMENT((#1853));
#1855=STYLED_ITEM('',(#1854),#1847);
#1856=ADVANCED_FACE('',(#3635),#3637,.F.);
#1857=COLOUR_RGB('',0.564705882352941,0.564705882352941,0.564705882352941);
#1858=FILL_AREA_STYLE_COLOUR('',#1857);
#1859=FILL_AREA_STYLE($,(#1858));
#1860=SURFACE_STYLE_FILL_AREA(#1859);
#1861=SURFACE_SIDE_STYLE('',(#1860));
#1862=SURFACE_STYLE_USAGE(.BOTH.,#1861);
#1863=PRESENTATION_STYLE_ASSIGNMENT((#1862));
#1864=STYLED_ITEM('',(#1863),#1856);
#1865=ADVANCED_FACE('',(#3642),#3644,.F.);
#1866=COLOUR_RGB('',0.564705882352941,0.564705882352941,0.564705882352941);
#1867=FILL_AREA_STYLE_COLOUR('',#1866);
#1868=FILL_AREA_STYLE($,(#1867));
#1869=SURFACE_STYLE_FILL_AREA(#1868);
#1870=SURFACE_SIDE_STYLE('',(#1869));
#1871=SURFACE_STYLE_USAGE(.BOTH.,#1870);
#1872=PRESENTATION_STYLE_ASSIGNMENT((#1871));
#1873=STYLED_ITEM('',(#1872),#1865);
#1874=ADVANCED_FACE('',(#3649),#3651,.F.);
#1875=COLOUR_RGB('',0.564705882352941,0.564705882352941,0.564705882352941);
#1876=FILL_AREA_STYLE_COLOUR('',#1875);
#1877=FILL_AREA_STYLE($,(#1876));
#1878=SURFACE_STYLE_FILL_AREA(#1877);
#1879=SURFACE_SIDE_STYLE('',(#1878));
#1880=SURFACE_STYLE_USAGE(.BOTH.,#1879);
#1881=PRESENTATION_STYLE_ASSIGNMENT((#1880));
#1882=STYLED_ITEM('',(#1881),#1874);
#1883=ADVANCED_FACE('',(#3656),#3658,.F.);
#1884=COLOUR_RGB('',0.564705882352941,0.564705882352941,0.564705882352941);
#1885=FILL_AREA_STYLE_COLOUR('',#1884);
#1886=FILL_AREA_STYLE($,(#1885));
#1887=SURFACE_STYLE_FILL_AREA(#1886);
#1888=SURFACE_SIDE_STYLE('',(#1887));
#1889=SURFACE_STYLE_USAGE(.BOTH.,#1888);
#1890=PRESENTATION_STYLE_ASSIGNMENT((#1889));
#1891=STYLED_ITEM('',(#1890),#1883);
#1892=ADVANCED_FACE('',(#3663),#3665,.F.);
#1893=COLOUR_RGB('',0.564705882352941,0.564705882352941,0.564705882352941);
#1894=FILL_AREA_STYLE_COLOUR('',#1893);
#1895=FILL_AREA_STYLE($,(#1894));
#1896=SURFACE_STYLE_FILL_AREA(#1895);
#1897=SURFACE_SIDE_STYLE('',(#1896));
#1898=SURFACE_STYLE_USAGE(.BOTH.,#1897);
#1899=PRESENTATION_STYLE_ASSIGNMENT((#1898));
#1900=STYLED_ITEM('',(#1899),#1892);
#1901=ADVANCED_FACE('',(#3670),#3672,.F.);
#1902=COLOUR_RGB('',0.564705882352941,0.564705882352941,0.564705882352941);
#1903=FILL_AREA_STYLE_COLOUR('',#1902);
#1904=FILL_AREA_STYLE($,(#1903));
#1905=SURFACE_STYLE_FILL_AREA(#1904);
#1906=SURFACE_SIDE_STYLE('',(#1905));
#1907=SURFACE_STYLE_USAGE(.BOTH.,#1906);
#1908=PRESENTATION_STYLE_ASSIGNMENT((#1907));
#1909=STYLED_ITEM('',(#1908),#1901);
#1910=ADVANCED_FACE('',(#3677),#3679,.F.);
#1911=COLOUR_RGB('',0.564705882352941,0.564705882352941,0.564705882352941);
#1912=FILL_AREA_STYLE_COLOUR('',#1911);
#1913=FILL_AREA_STYLE($,(#1912));
#1914=SURFACE_STYLE_FILL_AREA(#1913);
#1915=SURFACE_SIDE_STYLE('',(#1914));
#1916=SURFACE_STYLE_USAGE(.BOTH.,#1915);
#1917=PRESENTATION_STYLE_ASSIGNMENT((#1916));
#1918=STYLED_ITEM('',(#1917),#1910);
#1919=ADVANCED_FACE('',(#3684),#3686,.F.);
#1920=COLOUR_RGB('',0.564705882352941,0.564705882352941,0.564705882352941);
#1921=FILL_AREA_STYLE_COLOUR('',#1920);
#1922=FILL_AREA_STYLE($,(#1921));
#1923=SURFACE_STYLE_FILL_AREA(#1922);
#1924=SURFACE_SIDE_STYLE('',(#1923));
#1925=SURFACE_STYLE_USAGE(.BOTH.,#1924);
#1926=PRESENTATION_STYLE_ASSIGNMENT((#1925));
#1927=STYLED_ITEM('',(#1926),#1919);
#1928=ADVANCED_FACE('',(#3691),#3693,.F.);
#1929=COLOUR_RGB('',0.564705882352941,0.564705882352941,0.564705882352941);
#1930=FILL_AREA_STYLE_COLOUR('',#1929);
#1931=FILL_AREA_STYLE($,(#1930));
#1932=SURFACE_STYLE_FILL_AREA(#1931);
#1933=SURFACE_SIDE_STYLE('',(#1932));
#1934=SURFACE_STYLE_USAGE(.BOTH.,#1933);
#1935=PRESENTATION_STYLE_ASSIGNMENT((#1934));
#1936=STYLED_ITEM('',(#1935),#1928);
#1937=ADVANCED_FACE('',(#3698),#3700,.F.);
#1938=COLOUR_RGB('',0.564705882352941,0.564705882352941,0.564705882352941);
#1939=FILL_AREA_STYLE_COLOUR('',#1938);
#1940=FILL_AREA_STYLE($,(#1939));
#1941=SURFACE_STYLE_FILL_AREA(#1940);
#1942=SURFACE_SIDE_STYLE('',(#1941));
#1943=SURFACE_STYLE_USAGE(.BOTH.,#1942);
#1944=PRESENTATION_STYLE_ASSIGNMENT((#1943));
#1945=STYLED_ITEM('',(#1944),#1937);
#1946=ADVANCED_FACE('',(#3705),#3707,.F.);
#1947=COLOUR_RGB('',0.564705882352941,0.564705882352941,0.564705882352941);
#1948=FILL_AREA_STYLE_COLOUR('',#1947);
#1949=FILL_AREA_STYLE($,(#1948));
#1950=SURFACE_STYLE_FILL_AREA(#1949);
#1951=SURFACE_SIDE_STYLE('',(#1950));
#1952=SURFACE_STYLE_USAGE(.BOTH.,#1951);
#1953=PRESENTATION_STYLE_ASSIGNMENT((#1952));
#1954=STYLED_ITEM('',(#1953),#1946);
#1955=ADVANCED_FACE('',(#3712),#3714,.F.);
#1956=COLOUR_RGB('',0.564705882352941,0.564705882352941,0.564705882352941);
#1957=FILL_AREA_STYLE_COLOUR('',#1956);
#1958=FILL_AREA_STYLE($,(#1957));
#1959=SURFACE_STYLE_FILL_AREA(#1958);
#1960=SURFACE_SIDE_STYLE('',(#1959));
#1961=SURFACE_STYLE_USAGE(.BOTH.,#1960);
#1962=PRESENTATION_STYLE_ASSIGNMENT((#1961));
#1963=STYLED_ITEM('',(#1962),#1955);
#1964=ADVANCED_FACE('',(#3719),#3721,.F.);
#1965=COLOUR_RGB('',0.564705882352941,0.564705882352941,0.564705882352941);
#1966=FILL_AREA_STYLE_COLOUR('',#1965);
#1967=FILL_AREA_STYLE($,(#1966));
#1968=SURFACE_STYLE_FILL_AREA(#1967);
#1969=SURFACE_SIDE_STYLE('',(#1968));
#1970=SURFACE_STYLE_USAGE(.BOTH.,#1969);
#1971=PRESENTATION_STYLE_ASSIGNMENT((#1970));
#1972=STYLED_ITEM('',(#1971),#1964);
#1973=ADVANCED_FACE('',(#3726),#3728,.F.);
#1974=COLOUR_RGB('',0.564705882352941,0.564705882352941,0.564705882352941);
#1975=FILL_AREA_STYLE_COLOUR('',#1974);
#1976=FILL_AREA_STYLE($,(#1975));
#1977=SURFACE_STYLE_FILL_AREA(#1976);
#1978=SURFACE_SIDE_STYLE('',(#1977));
#1979=SURFACE_STYLE_USAGE(.BOTH.,#1978);
#1980=PRESENTATION_STYLE_ASSIGNMENT((#1979));
#1981=STYLED_ITEM('',(#1980),#1973);
#1982=ADVANCED_FACE('',(#3733),#3735,.F.);
#1983=COLOUR_RGB('',0.564705882352941,0.564705882352941,0.564705882352941);
#1984=FILL_AREA_STYLE_COLOUR('',#1983);
#1985=FILL_AREA_STYLE($,(#1984));
#1986=SURFACE_STYLE_FILL_AREA(#1985);
#1987=SURFACE_SIDE_STYLE('',(#1986));
#1988=SURFACE_STYLE_USAGE(.BOTH.,#1987);
#1989=PRESENTATION_STYLE_ASSIGNMENT((#1988));
#1990=STYLED_ITEM('',(#1989),#1982);
#1991=ADVANCED_FACE('',(#3740),#3742,.F.);
#1992=COLOUR_RGB('',0.564705882352941,0.564705882352941,0.564705882352941);
#1993=FILL_AREA_STYLE_COLOUR('',#1992);
#1994=FILL_AREA_STYLE($,(#1993));
#1995=SURFACE_STYLE_FILL_AREA(#1994);
#1996=SURFACE_SIDE_STYLE('',(#1995));
#1997=SURFACE_STYLE_USAGE(.BOTH.,#1996);
#1998=PRESENTATION_STYLE_ASSIGNMENT((#1997));
#1999=STYLED_ITEM('',(#1998),#1991);
#2000=ADVANCED_FACE('',(#3747),#3749,.F.);
#2001=COLOUR_RGB('',0.564705882352941,0.564705882352941,0.564705882352941);
#2002=FILL_AREA_STYLE_COLOUR('',#2001);
#2003=FILL_AREA_STYLE($,(#2002));
#2004=SURFACE_STYLE_FILL_AREA(#2003);
#2005=SURFACE_SIDE_STYLE('',(#2004));
#2006=SURFACE_STYLE_USAGE(.BOTH.,#2005);
#2007=PRESENTATION_STYLE_ASSIGNMENT((#2006));
#2008=STYLED_ITEM('',(#2007),#2000);
#2009=ADVANCED_FACE('',(#3754),#3756,.F.);
#2010=COLOUR_RGB('',0.564705882352941,0.564705882352941,0.564705882352941);
#2011=FILL_AREA_STYLE_COLOUR('',#2010);
#2012=FILL_AREA_STYLE($,(#2011));
#2013=SURFACE_STYLE_FILL_AREA(#2012);
#2014=SURFACE_SIDE_STYLE('',(#2013));
#2015=SURFACE_STYLE_USAGE(.BOTH.,#2014);
#2016=PRESENTATION_STYLE_ASSIGNMENT((#2015));
#2017=STYLED_ITEM('',(#2016),#2009);
#2018=ADVANCED_FACE('',(#3761),#3763,.F.);
#2019=COLOUR_RGB('',0.564705882352941,0.564705882352941,0.564705882352941);
#2020=FILL_AREA_STYLE_COLOUR('',#2019);
#2021=FILL_AREA_STYLE($,(#2020));
#2022=SURFACE_STYLE_FILL_AREA(#2021);
#2023=SURFACE_SIDE_STYLE('',(#2022));
#2024=SURFACE_STYLE_USAGE(.BOTH.,#2023);
#2025=PRESENTATION_STYLE_ASSIGNMENT((#2024));
#2026=STYLED_ITEM('',(#2025),#2018);
#2027=ADVANCED_FACE('',(#3768),#3770,.F.);
#2028=COLOUR_RGB('',0.564705882352941,0.564705882352941,0.564705882352941);
#2029=FILL_AREA_STYLE_COLOUR('',#2028);
#2030=FILL_AREA_STYLE($,(#2029));
#2031=SURFACE_STYLE_FILL_AREA(#2030);
#2032=SURFACE_SIDE_STYLE('',(#2031));
#2033=SURFACE_STYLE_USAGE(.BOTH.,#2032);
#2034=PRESENTATION_STYLE_ASSIGNMENT((#2033));
#2035=STYLED_ITEM('',(#2034),#2027);
#2036=ADVANCED_FACE('',(#3775),#3777,.F.);
#2037=COLOUR_RGB('',0.564705882352941,0.564705882352941,0.564705882352941);
#2038=FILL_AREA_STYLE_COLOUR('',#2037);
#2039=FILL_AREA_STYLE($,(#2038));
#2040=SURFACE_STYLE_FILL_AREA(#2039);
#2041=SURFACE_SIDE_STYLE('',(#2040));
#2042=SURFACE_STYLE_USAGE(.BOTH.,#2041);
#2043=PRESENTATION_STYLE_ASSIGNMENT((#2042));
#2044=STYLED_ITEM('',(#2043),#2036);
#2045=ADVANCED_FACE('',(#3782),#3784,.F.);
#2046=COLOUR_RGB('',0.564705882352941,0.564705882352941,0.564705882352941);
#2047=FILL_AREA_STYLE_COLOUR('',#2046);
#2048=FILL_AREA_STYLE($,(#2047));
#2049=SURFACE_STYLE_FILL_AREA(#2048);
#2050=SURFACE_SIDE_STYLE('',(#2049));
#2051=SURFACE_STYLE_USAGE(.BOTH.,#2050);
#2052=PRESENTATION_STYLE_ASSIGNMENT((#2051));
#2053=STYLED_ITEM('',(#2052),#2045);
#2054=ADVANCED_FACE('',(#3789),#3791,.F.);
#2055=COLOUR_RGB('',0.564705882352941,0.564705882352941,0.564705882352941);
#2056=FILL_AREA_STYLE_COLOUR('',#2055);
#2057=FILL_AREA_STYLE($,(#2056));
#2058=SURFACE_STYLE_FILL_AREA(#2057);
#2059=SURFACE_SIDE_STYLE('',(#2058));
#2060=SURFACE_STYLE_USAGE(.BOTH.,#2059);
#2061=PRESENTATION_STYLE_ASSIGNMENT((#2060));
#2062=STYLED_ITEM('',(#2061),#2054);
#2063=ADVANCED_FACE('',(#3796),#3798,.F.);
#2064=COLOUR_RGB('',0.564705882352941,0.564705882352941,0.564705882352941);
#2065=FILL_AREA_STYLE_COLOUR('',#2064);
#2066=FILL_AREA_STYLE($,(#2065));
#2067=SURFACE_STYLE_FILL_AREA(#2066);
#2068=SURFACE_SIDE_STYLE('',(#2067));
#2069=SURFACE_STYLE_USAGE(.BOTH.,#2068);
#2070=PRESENTATION_STYLE_ASSIGNMENT((#2069));
#2071=STYLED_ITEM('',(#2070),#2063);
#2072=ADVANCED_FACE('',(#3803),#3805,.F.);
#2073=COLOUR_RGB('',0.564705882352941,0.564705882352941,0.564705882352941);
#2074=FILL_AREA_STYLE_COLOUR('',#2073);
#2075=FILL_AREA_STYLE($,(#2074));
#2076=SURFACE_STYLE_FILL_AREA(#2075);
#2077=SURFACE_SIDE_STYLE('',(#2076));
#2078=SURFACE_STYLE_USAGE(.BOTH.,#2077);
#2079=PRESENTATION_STYLE_ASSIGNMENT((#2078));
#2080=STYLED_ITEM('',(#2079),#2072);
#2081=ADVANCED_FACE('',(#3810),#3812,.F.);
#2082=COLOUR_RGB('',0.564705882352941,0.564705882352941,0.564705882352941);
#2083=FILL_AREA_STYLE_COLOUR('',#2082);
#2084=FILL_AREA_STYLE($,(#2083));
#2085=SURFACE_STYLE_FILL_AREA(#2084);
#2086=SURFACE_SIDE_STYLE('',(#2085));
#2087=SURFACE_STYLE_USAGE(.BOTH.,#2086);
#2088=PRESENTATION_STYLE_ASSIGNMENT((#2087));
#2089=STYLED_ITEM('',(#2088),#2081);
#2090=ADVANCED_FACE('',(#3817),#3819,.F.);
#2091=COLOUR_RGB('',0.564705882352941,0.564705882352941,0.564705882352941);
#2092=FILL_AREA_STYLE_COLOUR('',#2091);
#2093=FILL_AREA_STYLE($,(#2092));
#2094=SURFACE_STYLE_FILL_AREA(#2093);
#2095=SURFACE_SIDE_STYLE('',(#2094));
#2096=SURFACE_STYLE_USAGE(.BOTH.,#2095);
#2097=PRESENTATION_STYLE_ASSIGNMENT((#2096));
#2098=STYLED_ITEM('',(#2097),#2090);
#2099=ADVANCED_FACE('',(#3824),#3826,.F.);
#2100=COLOUR_RGB('',0.564705882352941,0.564705882352941,0.564705882352941);
#2101=FILL_AREA_STYLE_COLOUR('',#2100);
#2102=FILL_AREA_STYLE($,(#2101));
#2103=SURFACE_STYLE_FILL_AREA(#2102);
#2104=SURFACE_SIDE_STYLE('',(#2103));
#2105=SURFACE_STYLE_USAGE(.BOTH.,#2104);
#2106=PRESENTATION_STYLE_ASSIGNMENT((#2105));
#2107=STYLED_ITEM('',(#2106),#2099);
#2108=ADVANCED_FACE('',(#3831),#3833,.F.);
#2109=COLOUR_RGB('',0.564705882352941,0.564705882352941,0.564705882352941);
#2110=FILL_AREA_STYLE_COLOUR('',#2109);
#2111=FILL_AREA_STYLE($,(#2110));
#2112=SURFACE_STYLE_FILL_AREA(#2111);
#2113=SURFACE_SIDE_STYLE('',(#2112));
#2114=SURFACE_STYLE_USAGE(.BOTH.,#2113);
#2115=PRESENTATION_STYLE_ASSIGNMENT((#2114));
#2116=STYLED_ITEM('',(#2115),#2108);
#2117=ADVANCED_FACE('',(#3838),#3840,.F.);
#2118=COLOUR_RGB('',0.564705882352941,0.564705882352941,0.564705882352941);
#2119=FILL_AREA_STYLE_COLOUR('',#2118);
#2120=FILL_AREA_STYLE($,(#2119));
#2121=SURFACE_STYLE_FILL_AREA(#2120);
#2122=SURFACE_SIDE_STYLE('',(#2121));
#2123=SURFACE_STYLE_USAGE(.BOTH.,#2122);
#2124=PRESENTATION_STYLE_ASSIGNMENT((#2123));
#2125=STYLED_ITEM('',(#2124),#2117);
#2126=ADVANCED_FACE('',(#3845),#3847,.F.);
#2127=COLOUR_RGB('',0.564705882352941,0.564705882352941,0.564705882352941);
#2128=FILL_AREA_STYLE_COLOUR('',#2127);
#2129=FILL_AREA_STYLE($,(#2128));
#2130=SURFACE_STYLE_FILL_AREA(#2129);
#2131=SURFACE_SIDE_STYLE('',(#2130));
#2132=SURFACE_STYLE_USAGE(.BOTH.,#2131);
#2133=PRESENTATION_STYLE_ASSIGNMENT((#2132));
#2134=STYLED_ITEM('',(#2133),#2126);
#2135=ADVANCED_FACE('',(#3852),#3854,.F.);
#2136=COLOUR_RGB('',0.564705882352941,0.564705882352941,0.564705882352941);
#2137=FILL_AREA_STYLE_COLOUR('',#2136);
#2138=FILL_AREA_STYLE($,(#2137));
#2139=SURFACE_STYLE_FILL_AREA(#2138);
#2140=SURFACE_SIDE_STYLE('',(#2139));
#2141=SURFACE_STYLE_USAGE(.BOTH.,#2140);
#2142=PRESENTATION_STYLE_ASSIGNMENT((#2141));
#2143=STYLED_ITEM('',(#2142),#2135);
#2144=ADVANCED_FACE('',(#3859),#3861,.F.);
#2145=COLOUR_RGB('',0.564705882352941,0.564705882352941,0.564705882352941);
#2146=FILL_AREA_STYLE_COLOUR('',#2145);
#2147=FILL_AREA_STYLE($,(#2146));
#2148=SURFACE_STYLE_FILL_AREA(#2147);
#2149=SURFACE_SIDE_STYLE('',(#2148));
#2150=SURFACE_STYLE_USAGE(.BOTH.,#2149);
#2151=PRESENTATION_STYLE_ASSIGNMENT((#2150));
#2152=STYLED_ITEM('',(#2151),#2144);
#2153=ADVANCED_FACE('',(#3866),#3868,.F.);
#2154=COLOUR_RGB('',0.564705882352941,0.564705882352941,0.564705882352941);
#2155=FILL_AREA_STYLE_COLOUR('',#2154);
#2156=FILL_AREA_STYLE($,(#2155));
#2157=SURFACE_STYLE_FILL_AREA(#2156);
#2158=SURFACE_SIDE_STYLE('',(#2157));
#2159=SURFACE_STYLE_USAGE(.BOTH.,#2158);
#2160=PRESENTATION_STYLE_ASSIGNMENT((#2159));
#2161=STYLED_ITEM('',(#2160),#2153);
#2162=ADVANCED_FACE('',(#3873),#3875,.F.);
#2163=COLOUR_RGB('',0.564705882352941,0.564705882352941,0.564705882352941);
#2164=FILL_AREA_STYLE_COLOUR('',#2163);
#2165=FILL_AREA_STYLE($,(#2164));
#2166=SURFACE_STYLE_FILL_AREA(#2165);
#2167=SURFACE_SIDE_STYLE('',(#2166));
#2168=SURFACE_STYLE_USAGE(.BOTH.,#2167);
#2169=PRESENTATION_STYLE_ASSIGNMENT((#2168));
#2170=STYLED_ITEM('',(#2169),#2162);
#2171=ADVANCED_FACE('',(#3880),#3882,.F.);
#2172=COLOUR_RGB('',0.564705882352941,0.564705882352941,0.564705882352941);
#2173=FILL_AREA_STYLE_COLOUR('',#2172);
#2174=FILL_AREA_STYLE($,(#2173));
#2175=SURFACE_STYLE_FILL_AREA(#2174);
#2176=SURFACE_SIDE_STYLE('',(#2175));
#2177=SURFACE_STYLE_USAGE(.BOTH.,#2176);
#2178=PRESENTATION_STYLE_ASSIGNMENT((#2177));
#2179=STYLED_ITEM('',(#2178),#2171);
#2180=ADVANCED_FACE('',(#3887),#3889,.F.);
#2181=COLOUR_RGB('',0.564705882352941,0.564705882352941,0.564705882352941);
#2182=FILL_AREA_STYLE_COLOUR('',#2181);
#2183=FILL_AREA_STYLE($,(#2182));
#2184=SURFACE_STYLE_FILL_AREA(#2183);
#2185=SURFACE_SIDE_STYLE('',(#2184));
#2186=SURFACE_STYLE_USAGE(.BOTH.,#2185);
#2187=PRESENTATION_STYLE_ASSIGNMENT((#2186));
#2188=STYLED_ITEM('',(#2187),#2180);
#2189=ADVANCED_FACE('',(#3894),#3896,.F.);
#2190=COLOUR_RGB('',0.564705882352941,0.564705882352941,0.564705882352941);
#2191=FILL_AREA_STYLE_COLOUR('',#2190);
#2192=FILL_AREA_STYLE($,(#2191));
#2193=SURFACE_STYLE_FILL_AREA(#2192);
#2194=SURFACE_SIDE_STYLE('',(#2193));
#2195=SURFACE_STYLE_USAGE(.BOTH.,#2194);
#2196=PRESENTATION_STYLE_ASSIGNMENT((#2195));
#2197=STYLED_ITEM('',(#2196),#2189);
#2198=ADVANCED_FACE('',(#3901),#3903,.F.);
#2199=COLOUR_RGB('',0.564705882352941,0.564705882352941,0.564705882352941);
#2200=FILL_AREA_STYLE_COLOUR('',#2199);
#2201=FILL_AREA_STYLE($,(#2200));
#2202=SURFACE_STYLE_FILL_AREA(#2201);
#2203=SURFACE_SIDE_STYLE('',(#2202));
#2204=SURFACE_STYLE_USAGE(.BOTH.,#2203);
#2205=PRESENTATION_STYLE_ASSIGNMENT((#2204));
#2206=STYLED_ITEM('',(#2205),#2198);
#2207=ADVANCED_FACE('',(#3908),#3910,.F.);
#2208=COLOUR_RGB('',0.564705882352941,0.564705882352941,0.564705882352941);
#2209=FILL_AREA_STYLE_COLOUR('',#2208);
#2210=FILL_AREA_STYLE($,(#2209));
#2211=SURFACE_STYLE_FILL_AREA(#2210);
#2212=SURFACE_SIDE_STYLE('',(#2211));
#2213=SURFACE_STYLE_USAGE(.BOTH.,#2212);
#2214=PRESENTATION_STYLE_ASSIGNMENT((#2213));
#2215=STYLED_ITEM('',(#2214),#2207);
#2216=ADVANCED_FACE('',(#3915),#3917,.F.);
#2217=COLOUR_RGB('',0.564705882352941,0.564705882352941,0.564705882352941);
#2218=FILL_AREA_STYLE_COLOUR('',#2217);
#2219=FILL_AREA_STYLE($,(#2218));
#2220=SURFACE_STYLE_FILL_AREA(#2219);
#2221=SURFACE_SIDE_STYLE('',(#2220));
#2222=SURFACE_STYLE_USAGE(.BOTH.,#2221);
#2223=PRESENTATION_STYLE_ASSIGNMENT((#2222));
#2224=STYLED_ITEM('',(#2223),#2216);
#2225=ADVANCED_FACE('',(#3922),#3924,.F.);
#2226=COLOUR_RGB('',0.564705882352941,0.564705882352941,0.564705882352941);
#2227=FILL_AREA_STYLE_COLOUR('',#2226);
#2228=FILL_AREA_STYLE($,(#2227));
#2229=SURFACE_STYLE_FILL_AREA(#2228);
#2230=SURFACE_SIDE_STYLE('',(#2229));
#2231=SURFACE_STYLE_USAGE(.BOTH.,#2230);
#2232=PRESENTATION_STYLE_ASSIGNMENT((#2231));
#2233=STYLED_ITEM('',(#2232),#2225);
#2234=ADVANCED_FACE('',(#3929),#3931,.F.);
#2235=COLOUR_RGB('',0.564705882352941,0.564705882352941,0.564705882352941);
#2236=FILL_AREA_STYLE_COLOUR('',#2235);
#2237=FILL_AREA_STYLE($,(#2236));
#2238=SURFACE_STYLE_FILL_AREA(#2237);
#2239=SURFACE_SIDE_STYLE('',(#2238));
#2240=SURFACE_STYLE_USAGE(.BOTH.,#2239);
#2241=PRESENTATION_STYLE_ASSIGNMENT((#2240));
#2242=STYLED_ITEM('',(#2241),#2234);
#2243=ADVANCED_FACE('',(#3936),#3938,.T.);
#2244=COLOUR_RGB('',0.564705882352941,0.564705882352941,0.564705882352941);
#2245=FILL_AREA_STYLE_COLOUR('',#2244);
#2246=FILL_AREA_STYLE($,(#2245));
#2247=SURFACE_STYLE_FILL_AREA(#2246);
#2248=SURFACE_SIDE_STYLE('',(#2247));
#2249=SURFACE_STYLE_USAGE(.BOTH.,#2248);
#2250=PRESENTATION_STYLE_ASSIGNMENT((#2249));
#2251=STYLED_ITEM('',(#2250),#2243);
#2252=ADVANCED_FACE('',(#3943),#3945,.F.);
#2253=COLOUR_RGB('',0.564705882352941,0.564705882352941,0.564705882352941);
#2254=FILL_AREA_STYLE_COLOUR('',#2253);
#2255=FILL_AREA_STYLE($,(#2254));
#2256=SURFACE_STYLE_FILL_AREA(#2255);
#2257=SURFACE_SIDE_STYLE('',(#2256));
#2258=SURFACE_STYLE_USAGE(.BOTH.,#2257);
#2259=PRESENTATION_STYLE_ASSIGNMENT((#2258));
#2260=STYLED_ITEM('',(#2259),#2252);
#2261=ADVANCED_FACE('',(#3950),#3952,.T.);
#2262=COLOUR_RGB('',0.564705882352941,0.564705882352941,0.564705882352941);
#2263=FILL_AREA_STYLE_COLOUR('',#2262);
#2264=FILL_AREA_STYLE($,(#2263));
#2265=SURFACE_STYLE_FILL_AREA(#2264);
#2266=SURFACE_SIDE_STYLE('',(#2265));
#2267=SURFACE_STYLE_USAGE(.BOTH.,#2266);
#2268=PRESENTATION_STYLE_ASSIGNMENT((#2267));
#2269=STYLED_ITEM('',(#2268),#2261);
#2270=ADVANCED_FACE('',(#3957),#3959,.T.);
#2271=COLOUR_RGB('',0.564705882352941,0.564705882352941,0.564705882352941);
#2272=FILL_AREA_STYLE_COLOUR('',#2271);
#2273=FILL_AREA_STYLE($,(#2272));
#2274=SURFACE_STYLE_FILL_AREA(#2273);
#2275=SURFACE_SIDE_STYLE('',(#2274));
#2276=SURFACE_STYLE_USAGE(.BOTH.,#2275);
#2277=PRESENTATION_STYLE_ASSIGNMENT((#2276));
#2278=STYLED_ITEM('',(#2277),#2270);
#2279=ADVANCED_FACE('',(#3964),#3966,.F.);
#2280=COLOUR_RGB('',0.564705882352941,0.564705882352941,0.564705882352941);
#2281=FILL_AREA_STYLE_COLOUR('',#2280);
#2282=FILL_AREA_STYLE($,(#2281));
#2283=SURFACE_STYLE_FILL_AREA(#2282);
#2284=SURFACE_SIDE_STYLE('',(#2283));
#2285=SURFACE_STYLE_USAGE(.BOTH.,#2284);
#2286=PRESENTATION_STYLE_ASSIGNMENT((#2285));
#2287=STYLED_ITEM('',(#2286),#2279);
#2288=ADVANCED_FACE('',(#3971),#3973,.F.);
#2289=COLOUR_RGB('',0.564705882352941,0.564705882352941,0.564705882352941);
#2290=FILL_AREA_STYLE_COLOUR('',#2289);
#2291=FILL_AREA_STYLE($,(#2290));
#2292=SURFACE_STYLE_FILL_AREA(#2291);
#2293=SURFACE_SIDE_STYLE('',(#2292));
#2294=SURFACE_STYLE_USAGE(.BOTH.,#2293);
#2295=PRESENTATION_STYLE_ASSIGNMENT((#2294));
#2296=STYLED_ITEM('',(#2295),#2288);
#2297=ADVANCED_FACE('',(#3978),#3980,.F.);
#2298=COLOUR_RGB('',0.564705882352941,0.564705882352941,0.564705882352941);
#2299=FILL_AREA_STYLE_COLOUR('',#2298);
#2300=FILL_AREA_STYLE($,(#2299));
#2301=SURFACE_STYLE_FILL_AREA(#2300);
#2302=SURFACE_SIDE_STYLE('',(#2301));
#2303=SURFACE_STYLE_USAGE(.BOTH.,#2302);
#2304=PRESENTATION_STYLE_ASSIGNMENT((#2303));
#2305=STYLED_ITEM('',(#2304),#2297);
#2306=ADVANCED_FACE('',(#3985),#3987,.F.);
#2307=COLOUR_RGB('',0.564705882352941,0.564705882352941,0.564705882352941);
#2308=FILL_AREA_STYLE_COLOUR('',#2307);
#2309=FILL_AREA_STYLE($,(#2308));
#2310=SURFACE_STYLE_FILL_AREA(#2309);
#2311=SURFACE_SIDE_STYLE('',(#2310));
#2312=SURFACE_STYLE_USAGE(.BOTH.,#2311);
#2313=PRESENTATION_STYLE_ASSIGNMENT((#2312));
#2314=STYLED_ITEM('',(#2313),#2306);
#2315=ADVANCED_FACE('',(#3992),#3994,.F.);
#2316=COLOUR_RGB('',0.564705882352941,0.564705882352941,0.564705882352941);
#2317=FILL_AREA_STYLE_COLOUR('',#2316);
#2318=FILL_AREA_STYLE($,(#2317));
#2319=SURFACE_STYLE_FILL_AREA(#2318);
#2320=SURFACE_SIDE_STYLE('',(#2319));
#2321=SURFACE_STYLE_USAGE(.BOTH.,#2320);
#2322=PRESENTATION_STYLE_ASSIGNMENT((#2321));
#2323=STYLED_ITEM('',(#2322),#2315);
#2324=ADVANCED_FACE('',(#3999),#4001,.F.);
#2325=COLOUR_RGB('',0.564705882352941,0.564705882352941,0.564705882352941);
#2326=FILL_AREA_STYLE_COLOUR('',#2325);
#2327=FILL_AREA_STYLE($,(#2326));
#2328=SURFACE_STYLE_FILL_AREA(#2327);
#2329=SURFACE_SIDE_STYLE('',(#2328));
#2330=SURFACE_STYLE_USAGE(.BOTH.,#2329);
#2331=PRESENTATION_STYLE_ASSIGNMENT((#2330));
#2332=STYLED_ITEM('',(#2331),#2324);
#2333=ADVANCED_FACE('',(#4006),#4008,.F.);
#2334=COLOUR_RGB('',0.564705882352941,0.564705882352941,0.564705882352941);
#2335=FILL_AREA_STYLE_COLOUR('',#2334);
#2336=FILL_AREA_STYLE($,(#2335));
#2337=SURFACE_STYLE_FILL_AREA(#2336);
#2338=SURFACE_SIDE_STYLE('',(#2337));
#2339=SURFACE_STYLE_USAGE(.BOTH.,#2338);
#2340=PRESENTATION_STYLE_ASSIGNMENT((#2339));
#2341=STYLED_ITEM('',(#2340),#2333);
#2342=ADVANCED_FACE('',(#4013),#4015,.T.);
#2343=COLOUR_RGB('',0.564705882352941,0.564705882352941,0.564705882352941);
#2344=FILL_AREA_STYLE_COLOUR('',#2343);
#2345=FILL_AREA_STYLE($,(#2344));
#2346=SURFACE_STYLE_FILL_AREA(#2345);
#2347=SURFACE_SIDE_STYLE('',(#2346));
#2348=SURFACE_STYLE_USAGE(.BOTH.,#2347);
#2349=PRESENTATION_STYLE_ASSIGNMENT((#2348));
#2350=STYLED_ITEM('',(#2349),#2342);
#2351=ADVANCED_FACE('',(#4020,#4022),#4024,.T.);
#2352=COLOUR_RGB('',0.564705882352941,0.564705882352941,0.564705882352941);
#2353=FILL_AREA_STYLE_COLOUR('',#2352);
#2354=FILL_AREA_STYLE($,(#2353));
#2355=SURFACE_STYLE_FILL_AREA(#2354);
#2356=SURFACE_SIDE_STYLE('',(#2355));
#2357=SURFACE_STYLE_USAGE(.BOTH.,#2356);
#2358=PRESENTATION_STYLE_ASSIGNMENT((#2357));
#2359=STYLED_ITEM('',(#2358),#2351);
#2360=ADVANCED_FACE('',(#4029,#4031),#4033,.T.);
#2361=COLOUR_RGB('',0.564705882352941,0.564705882352941,0.564705882352941);
#2362=FILL_AREA_STYLE_COLOUR('',#2361);
#2363=FILL_AREA_STYLE($,(#2362));
#2364=SURFACE_STYLE_FILL_AREA(#2363);
#2365=SURFACE_SIDE_STYLE('',(#2364));
#2366=SURFACE_STYLE_USAGE(.BOTH.,#2365);
#2367=PRESENTATION_STYLE_ASSIGNMENT((#2366));
#2368=STYLED_ITEM('',(#2367),#2360);
#2369=ADVANCED_FACE('',(#4038),#4040,.T.);
#2370=COLOUR_RGB('',0.564705882352941,0.564705882352941,0.564705882352941);
#2371=FILL_AREA_STYLE_COLOUR('',#2370);
#2372=FILL_AREA_STYLE($,(#2371));
#2373=SURFACE_STYLE_FILL_AREA(#2372);
#2374=SURFACE_SIDE_STYLE('',(#2373));
#2375=SURFACE_STYLE_USAGE(.BOTH.,#2374);
#2376=PRESENTATION_STYLE_ASSIGNMENT((#2375));
#2377=STYLED_ITEM('',(#2376),#2369);
#2378=FACE_BOUND('',#2379,.T.);
#2379=EDGE_LOOP('',(#4045,#4046,#4047,#4048,#4049,#4050));
#2380=PLANE('',#2381);
#2381=AXIS2_PLACEMENT_3D('',#2382,#2383,#2384);
#2382=CARTESIAN_POINT('',(0.,0.,1050.));
#2383=DIRECTION('',(0.,0.,1.));
#2384=DIRECTION('',(6.12323399573677E-17,1.,0.));
#2385=FACE_OUTER_BOUND('',#2386,.T.);
#2386=EDGE_LOOP('',(#4051));
#2387=FACE_OUTER_BOUND('',#2388,.T.);
#2388=EDGE_LOOP('',(#4052));
#2389=CYLINDRICAL_SURFACE('',#2390,140.);
#2390=AXIS2_PLACEMENT_3D('',#2391,#2392,#2393);
#2391=CARTESIAN_POINT('',(5.01078614654976E-14,110.,1050.));
#2392=DIRECTION('',(0.,0.,-1.));
#2393=DIRECTION('',(-6.12323399573677E-17,1.,0.));
#2394=FACE_BOUND('',#2395,.T.);
#2395=EDGE_LOOP('',(#4053,#4054,#4055,#4056,#4057));
#2396=PLANE('',#2397);
#2397=AXIS2_PLACEMENT_3D('',#2398,#2399,#2400);
#2398=CARTESIAN_POINT('',(150.,250.,1050.));
#2399=DIRECTION('',(0.,1.,0.));
#2400=DIRECTION('',(-1.,0.,0.));
#2401=FACE_BOUND('',#2402,.T.);
#2402=EDGE_LOOP('',(#4058,#4059,#4060,#4061,#4062,#4063));
#2403=PLANE('',#2404);
#2404=AXIS2_PLACEMENT_3D('',#2405,#2406,#2407);
#2405=CARTESIAN_POINT('',(150.,-700.,200.));
#2406=DIRECTION('',(1.,-9.473903143468E-17,0.));
#2407=DIRECTION('',(9.473903143468E-17,1.,0.));
#2408=FACE_BOUND('',#2409,.T.);
#2409=EDGE_LOOP('',(#4064,#4065,#4066,#4067));
#2410=PLANE('',#2411);
#2411=AXIS2_PLACEMENT_3D('',#2412,#2413,#2414);
#2412=CARTESIAN_POINT('',(150.,-400.,200.));
#2413=DIRECTION('',(0.,1.,0.));
#2414=DIRECTION('',(-1.,0.,0.));
#2415=FACE_BOUND('',#2416,.T.);
#2416=EDGE_LOOP('',(#4068,#4069,#4070,#4071,#4072,#4073));
#2417=PLANE('',#2418);
#2418=AXIS2_PLACEMENT_3D('',#2419,#2420,#2421);
#2419=CARTESIAN_POINT('',(-150.,-400.,200.));
#2420=DIRECTION('',(-1.,9.47390314346801E-17,0.));
#2421=DIRECTION('',(-9.47390314346801E-17,-1.,0.));
#2422=FACE_BOUND('',#2423,.T.);
#2423=EDGE_LOOP('',(#4074));
#2424=PLANE('',#2425);
#2425=AXIS2_PLACEMENT_3D('',#2426,#2427,#2428);
#2426=CARTESIAN_POINT('',(0.,0.,950.));
#2427=DIRECTION('',(0.,0.,-1.));
#2428=DIRECTION('',(-6.12323399573677E-17,1.,0.));
#2429=FACE_BOUND('',#2430,.T.);
#2430=EDGE_LOOP('',(#4075,#4076,#4077,#4078));
#2431=PLANE('',#2432);
#2432=AXIS2_PLACEMENT_3D('',#2433,#2434,#2435);
#2433=CARTESIAN_POINT('',(0.,0.,1300.));
#2434=DIRECTION('',(0.,0.,1.));
#2435=DIRECTION('',(6.12323399573677E-17,1.,0.));
#2436=FACE_BOUND('',#2437,.T.);
#2437=EDGE_LOOP('',(#4079,#4080,#4081,#4082,#4083,#4084,#4085,#4086));
#2438=FACE_BOUND('',#2439,.T.);
#2439=EDGE_LOOP('',(#4087,#4088,#4089,#4090));
#2440=PLANE('',#2441);
#2441=AXIS2_PLACEMENT_3D('',#2442,#2443,#2444);
#2442=CARTESIAN_POINT('',(0.,0.,200.));
#2443=DIRECTION('',(0.,0.,1.));
#2444=DIRECTION('',(6.12323399573677E-17,1.,0.));
#2445=FACE_BOUND('',#2446,.T.);
#2446=EDGE_LOOP('',(#4091,#4092,#4093,#4094,#4095,#4096,#4097,#4098));
#2447=PLANE('',#2448);
#2448=AXIS2_PLACEMENT_3D('',#2449,#2450,#2451);
#2449=CARTESIAN_POINT('',(-700.,-700.,0.));
#2450=DIRECTION('',(0.,-1.,0.));
#2451=DIRECTION('',(1.,0.,0.));
#2452=FACE_BOUND('',#2453,.T.);
#2453=EDGE_LOOP('',(#4099,#4100,#4101,#4102));
#2454=PLANE('',#2455);
#2455=AXIS2_PLACEMENT_3D('',#2456,#2457,#2458);
#2456=CARTESIAN_POINT('',(700.,-700.,0.));
#2457=DIRECTION('',(1.,0.,0.));
#2458=DIRECTION('',(0.,1.,0.));
#2459=FACE_BOUND('',#2460,.T.);
#2460=EDGE_LOOP('',(#4103,#4104,#4105,#4106));
#2461=PLANE('',#2462);
#2462=AXIS2_PLACEMENT_3D('',#2463,#2464,#2465);
#2463=CARTESIAN_POINT('',(700.,700.,0.));
#2464=DIRECTION('',(0.,1.,0.));
#2465=DIRECTION('',(-1.,0.,0.));
#2466=FACE_BOUND('',#2467,.T.);
#2467=EDGE_LOOP('',(#4107,#4108,#4109,#4110));
#2468=PLANE('',#2469);
#2469=AXIS2_PLACEMENT_3D('',#2470,#2471,#2472);
#2470=CARTESIAN_POINT('',(-700.,700.,0.));
#2471=DIRECTION('',(-1.,0.,0.));
#2472=DIRECTION('',(0.,-1.,0.));
#2473=FACE_BOUND('',#2474,.T.);
#2474=EDGE_LOOP('',(#4111,#4112,#4113,#4114));
#2475=PLANE('',#2476);
#2476=AXIS2_PLACEMENT_3D('',#2477,#2478,#2479);
#2477=CARTESIAN_POINT('',(-300.,-150.,200.));
#2478=DIRECTION('',(-9.473903143468E-17,-1.,0.));
#2479=DIRECTION('',(1.,-9.473903143468E-17,0.));
#2480=FACE_BOUND('',#2481,.T.);
#2481=EDGE_LOOP('',(#4115,#4116,#4117,#4118));
#2482=PLANE('',#2483);
#2483=AXIS2_PLACEMENT_3D('',#2484,#2485,#2486);
#2484=CARTESIAN_POINT('',(-300.,300.,200.));
#2485=DIRECTION('',(-1.,0.,0.));
#2486=DIRECTION('',(0.,-1.,0.));
#2487=FACE_BOUND('',#2488,.T.);
#2488=EDGE_LOOP('',(#4119,#4120,#4121,#4122));
#2489=PLANE('',#2490);
#2490=AXIS2_PLACEMENT_3D('',#2491,#2492,#2493);
#2491=CARTESIAN_POINT('',(300.,300.,200.));
#2492=DIRECTION('',(0.,1.,0.));
#2493=DIRECTION('',(-1.,0.,0.));
#2494=FACE_BOUND('',#2495,.T.);
#2495=EDGE_LOOP('',(#4123,#4124,#4125,#4126));
#2496=PLANE('',#2497);
#2497=AXIS2_PLACEMENT_3D('',#2498,#2499,#2500);
#2498=CARTESIAN_POINT('',(300.,-150.,200.));
#2499=DIRECTION('',(1.,0.,0.));
#2500=DIRECTION('',(0.,1.,0.));
#2501=FACE_BOUND('',#2502,.T.);
#2502=EDGE_LOOP('',(#4127,#4128,#4129,#4130));
#2503=PLANE('',#2504);
#2504=AXIS2_PLACEMENT_3D('',#2505,#2506,#2507);
#2505=CARTESIAN_POINT('',(0.,0.,0.));
#2506=DIRECTION('',(0.,0.,1.));
#2507=DIRECTION('',(6.12323399573677E-17,1.,0.));
#2508=FACE_BOUND('',#2509,.T.);
#2509=EDGE_LOOP('',(#4131,#4132,#4133,#4134));
#2510=PLANE('',#2511);
#2511=AXIS2_PLACEMENT_3D('',#2512,#2513,#2514);
#2512=CARTESIAN_POINT('',(0.,0.,300.));
#2513=DIRECTION('',(0.,0.,1.));
#2514=DIRECTION('',(6.12323399573677E-17,1.,0.));
#2515=FACE_BOUND('',#2516,.T.);
#2516=EDGE_LOOP('',(#4135,#4136,#4137,#4138,#4139,#4140,#4141,#4142,#4143,#4144,
#4145,#4146,#4147,#4148,#4149,#4150,#4151,#4152,#4153,#4154,#4155,#4156,#4157,#4158,
#4159,#4160,#4161,#4162,#4163,#4164,#4165,#4166,#4167,#4168,#4169,#4170,#4171,#4172,
#4173,#4174,#4175,#4176,#4177,#4178,#4179,#4180,#4181,#4182,#4183,#4184,#4185,#4186,
#4187,#4188,#4189,#4190,#4191,#4192,#4193,#4194,#4195,#4196,#4197,#4198,#4199,#4200,
#4201,#4202,#4203,#4204,#4205,#4206,#4207,#4208,#4209,#4210,#4211,#4212,#4213,#4214,
#4215,#4216,#4217,#4218,#4219,#4220,#4221,#4222,#4223,#4224,#4225,#4226,#4227,#4228,
#4229,#4230,#4231,#4232,#4233,#4234,#4235,#4236,#4237,#4238,#4239,#4240,#4241,#4242,
#4243,#4244,#4245,#4246,#4247,#4248,#4249,#4250,#4251,#4252,#4253,#4254,#4255,#4256,
#4257,#4258,#4259,#4260,#4261,#4262,#4263,#4264,#4265,#4266,#4267,#4268,#4269,#4270,
#4271,#4272,#4273,#4274,#4275,#4276,#4277,#4278,#4279,#4280,#4281,#4282,#4283,#4284,
#4285,#4286,#4287,#4288,#4289,#4290,#4291,#4292,#4293,#4294,#4295,#4296,#4297,#4298,
#4299,#4300,#4301,#4302,#4303,#4304,#4305,#4306,#4307,#4308,#4309,#4310,#4311,#4312,
#4313,#4314,#4315,#4316,#4317,#4318,#4319,#4320,#4321,#4322,#4323,#4324,#4325,#4326,
#4327,#4328,#4329,#4330,#4331,#4332,#4333,#4334,#4335,#4336,#4337,#4338,#4339,#4340,
#4341,#4342,#4343,#4344,#4345,#4346));
#2517=PLANE('',#2518);
#2518=AXIS2_PLACEMENT_3D('',#2519,#2520,#2521);
#2519=CARTESIAN_POINT('',(-360.,-300.,-40.));
#2520=DIRECTION('',(-1.57898385724467E-16,-1.,0.));
#2521=DIRECTION('',(1.,-1.57898385724467E-16,0.));
#2522=FACE_BOUND('',#2523,.T.);
#2523=EDGE_LOOP('',(#4347,#4348,#4349,#4350,#4351,#4352,#4353,#4354,#4355,#4356,
#4357,#4358,#4359,#4360,#4361,#4362,#4363,#4364,#4365,#4366,#4367,#4368,#4369,#4370,
#4371,#4372,#4373,#4374,#4375,#4376,#4377,#4378,#4379,#4380,#4381,#4382,#4383,#4384,
#4385,#4386,#4387,#4388,#4389,#4390,#4391,#4392,#4393,#4394,#4395,#4396,#4397,#4398,
#4399,#4400,#4401,#4402,#4403,#4404,#4405,#4406,#4407,#4408,#4409,#4410,#4411,#4412,
#4413,#4414,#4415,#4416,#4417,#4418,#4419,#4420,#4421,#4422,#4423,#4424,#4425,#4426,
#4427,#4428,#4429,#4430,#4431,#4432,#4433,#4434,#4435,#4436,#4437,#4438,#4439,#4440,
#4441,#4442,#4443,#4444,#4445,#4446,#4447,#4448,#4449,#4450,#4451,#4452,#4453,#4454,
#4455,#4456,#4457,#4458,#4459,#4460,#4461,#4462,#4463,#4464,#4465,#4466,#4467,#4468,
#4469,#4470,#4471,#4472,#4473,#4474,#4475,#4476,#4477,#4478,#4479,#4480,#4481,#4482,
#4483,#4484,#4485,#4486,#4487,#4488,#4489,#4490,#4491,#4492,#4493,#4494,#4495,#4496,
#4497,#4498,#4499,#4500,#4501,#4502,#4503,#4504,#4505,#4506,#4507,#4508,#4509,#4510,
#4511,#4512,#4513,#4514,#4515,#4516,#4517,#4518,#4519,#4520,#4521,#4522,#4523,#4524,
#4525,#4526,#4527,#4528,#4529,#4530,#4531,#4532,#4533,#4534,#4535,#4536,#4537,#4538,
#4539,#4540,#4541,#4542,#4543,#4544,#4545,#4546,#4547,#4548,#4549,#4550,#4551,#4552,
#4553,#4554,#4555,#4556,#4557,#4558));
#2524=PLANE('',#2525);
#2525=AXIS2_PLACEMENT_3D('',#2526,#2527,#2528);
#2526=CARTESIAN_POINT('',(360.,300.,-40.));
#2527=DIRECTION('',(1.57898385724467E-16,1.,0.));
#2528=DIRECTION('',(-1.,1.57898385724467E-16,0.));
#2529=FACE_BOUND('',#2530,.T.);
#2530=EDGE_LOOP('',(#4559,#4560,#4561,#4562));
#2531=PLANE('',#2532);
#2532=AXIS2_PLACEMENT_3D('',#2533,#2534,#2535);
#2533=CARTESIAN_POINT('',(0.,0.,40.));
#2534=DIRECTION('',(0.,0.,1.));
#2535=DIRECTION('',(-1.,1.22464679914735E-16,0.));
#2536=FACE_BOUND('',#2537,.T.);
#2537=EDGE_LOOP('',(#4563,#4564,#4565,#4566));
#2538=PLANE('',#2539);
#2539=AXIS2_PLACEMENT_3D('',#2540,#2541,#2542);
#2540=CARTESIAN_POINT('',(0.,0.,40.));
#2541=DIRECTION('',(0.,0.,1.));
#2542=DIRECTION('',(-1.,1.22464679914735E-16,0.));
#2543=FACE_BOUND('',#2544,.T.);
#2544=EDGE_LOOP('',(#4567,#4568,#4569,#4570));
#2545=PLANE('',#2546);
#2546=AXIS2_PLACEMENT_3D('',#2547,#2548,#2549);
#2547=CARTESIAN_POINT('',(0.,0.,40.));
#2548=DIRECTION('',(0.,0.,1.));
#2549=DIRECTION('',(-1.,1.22464679914735E-16,0.));
#2550=FACE_BOUND('',#2551,.T.);
#2551=EDGE_LOOP('',(#4571,#4572,#4573,#4574));
#2552=PLANE('',#2553);
#2553=AXIS2_PLACEMENT_3D('',#2554,#2555,#2556);
#2554=CARTESIAN_POINT('',(0.,0.,40.));
#2555=DIRECTION('',(0.,0.,1.));
#2556=DIRECTION('',(-1.,1.22464679914735E-16,0.));
#2557=FACE_BOUND('',#2558,.T.);
#2558=EDGE_LOOP('',(#4575,#4576,#4577,#4578));
#2559=PLANE('',#2560);
#2560=AXIS2_PLACEMENT_3D('',#2561,#2562,#2563);
#2561=CARTESIAN_POINT('',(0.,0.,40.));
#2562=DIRECTION('',(0.,0.,1.));
#2563=DIRECTION('',(-1.,1.22464679914735E-16,0.));
#2564=FACE_BOUND('',#2565,.T.);
#2565=EDGE_LOOP('',(#4579,#4580,#4581,#4582));
#2566=PLANE('',#2567);
#2567=AXIS2_PLACEMENT_3D('',#2568,#2569,#2570);
#2568=CARTESIAN_POINT('',(0.,0.,40.));
#2569=DIRECTION('',(0.,0.,1.));
#2570=DIRECTION('',(-1.,1.22464679914735E-16,0.));
#2571=FACE_BOUND('',#2572,.T.);
#2572=EDGE_LOOP('',(#4583,#4584,#4585,#4586));
#2573=PLANE('',#2574);
#2574=AXIS2_PLACEMENT_3D('',#2575,#2576,#2577);
#2575=CARTESIAN_POINT('',(0.,0.,40.));
#2576=DIRECTION('',(0.,0.,1.));
#2577=DIRECTION('',(-1.,1.22464679914735E-16,0.));
#2578=FACE_BOUND('',#2579,.T.);
#2579=EDGE_LOOP('',(#4587,#4588,#4589,#4590));
#2580=PLANE('',#2581);
#2581=AXIS2_PLACEMENT_3D('',#2582,#2583,#2584);
#2582=CARTESIAN_POINT('',(0.,0.,40.));
#2583=DIRECTION('',(0.,0.,1.));
#2584=DIRECTION('',(-1.,1.22464679914735E-16,0.));
#2585=FACE_BOUND('',#2586,.T.);
#2586=EDGE_LOOP('',(#4591,#4592,#4593,#4594));
#2587=PLANE('',#2588);
#2588=AXIS2_PLACEMENT_3D('',#2589,#2590,#2591);
#2589=CARTESIAN_POINT('',(0.,0.,40.));
#2590=DIRECTION('',(0.,0.,1.));
#2591=DIRECTION('',(-1.,1.22464679914735E-16,0.));
#2592=FACE_BOUND('',#2593,.T.);
#2593=EDGE_LOOP('',(#4595,#4596,#4597,#4598));
#2594=PLANE('',#2595);
#2595=AXIS2_PLACEMENT_3D('',#2596,#2597,#2598);
#2596=CARTESIAN_POINT('',(0.,0.,40.));
#2597=DIRECTION('',(0.,0.,1.));
#2598=DIRECTION('',(-1.,1.22464679914735E-16,0.));
#2599=FACE_BOUND('',#2600,.T.);
#2600=EDGE_LOOP('',(#4599,#4600,#4601,#4602));
#2601=PLANE('',#2602);
#2602=AXIS2_PLACEMENT_3D('',#2603,#2604,#2605);
#2603=CARTESIAN_POINT('',(0.,0.,40.));
#2604=DIRECTION('',(0.,0.,1.));
#2605=DIRECTION('',(-1.,1.22464679914735E-16,0.));
#2606=FACE_BOUND('',#2607,.T.);
#2607=EDGE_LOOP('',(#4603,#4604,#4605,#4606));
#2608=PLANE('',#2609);
#2609=AXIS2_PLACEMENT_3D('',#2610,#2611,#2612);
#2610=CARTESIAN_POINT('',(0.,0.,40.));
#2611=DIRECTION('',(0.,0.,1.));
#2612=DIRECTION('',(-1.,1.22464679914735E-16,0.));
#2613=FACE_BOUND('',#2614,.T.);
#2614=EDGE_LOOP('',(#4607,#4608,#4609,#4610));
#2615=PLANE('',#2616);
#2616=AXIS2_PLACEMENT_3D('',#2617,#2618,#2619);
#2617=CARTESIAN_POINT('',(0.,0.,40.));
#2618=DIRECTION('',(0.,0.,1.));
#2619=DIRECTION('',(-1.,1.22464679914735E-16,0.));
#2620=FACE_BOUND('',#2621,.T.);
#2621=EDGE_LOOP('',(#4611,#4612,#4613,#4614));
#2622=PLANE('',#2623);
#2623=AXIS2_PLACEMENT_3D('',#2624,#2625,#2626);
#2624=CARTESIAN_POINT('',(0.,0.,40.));
#2625=DIRECTION('',(0.,0.,1.));
#2626=DIRECTION('',(-1.,1.22464679914735E-16,0.));
#2627=FACE_BOUND('',#2628,.T.);
#2628=EDGE_LOOP('',(#4615,#4616,#4617,#4618));
#2629=PLANE('',#2630);
#2630=AXIS2_PLACEMENT_3D('',#2631,#2632,#2633);
#2631=CARTESIAN_POINT('',(0.,0.,40.));
#2632=DIRECTION('',(0.,0.,1.));
#2633=DIRECTION('',(-1.,1.22464679914735E-16,0.));
#2634=FACE_BOUND('',#2635,.T.);
#2635=EDGE_LOOP('',(#4619,#4620,#4621,#4622));
#2636=PLANE('',#2637);
#2637=AXIS2_PLACEMENT_3D('',#2638,#2639,#2640);
#2638=CARTESIAN_POINT('',(0.,0.,40.));
#2639=DIRECTION('',(0.,0.,1.));
#2640=DIRECTION('',(-1.,1.22464679914735E-16,0.));
#2641=FACE_BOUND('',#2642,.T.);
#2642=EDGE_LOOP('',(#4623,#4624,#4625,#4626));
#2643=PLANE('',#2644);
#2644=AXIS2_PLACEMENT_3D('',#2645,#2646,#2647);
#2645=CARTESIAN_POINT('',(0.,0.,40.));
#2646=DIRECTION('',(0.,0.,1.));
#2647=DIRECTION('',(-1.,1.22464679914735E-16,0.));
#2648=FACE_BOUND('',#2649,.T.);
#2649=EDGE_LOOP('',(#4627,#4628,#4629,#4630));
#2650=PLANE('',#2651);
#2651=AXIS2_PLACEMENT_3D('',#2652,#2653,#2654);
#2652=CARTESIAN_POINT('',(0.,0.,40.));
#2653=DIRECTION('',(0.,0.,1.));
#2654=DIRECTION('',(-1.,1.22464679914735E-16,0.));
#2655=FACE_BOUND('',#2656,.T.);
#2656=EDGE_LOOP('',(#4631,#4632,#4633,#4634));
#2657=PLANE('',#2658);
#2658=AXIS2_PLACEMENT_3D('',#2659,#2660,#2661);
#2659=CARTESIAN_POINT('',(0.,0.,40.));
#2660=DIRECTION('',(0.,0.,1.));
#2661=DIRECTION('',(-1.,1.22464679914735E-16,0.));
#2662=FACE_BOUND('',#2663,.T.);
#2663=EDGE_LOOP('',(#4635,#4636,#4637,#4638));
#2664=PLANE('',#2665);
#2665=AXIS2_PLACEMENT_3D('',#2666,#2667,#2668);
#2666=CARTESIAN_POINT('',(0.,0.,40.));
#2667=DIRECTION('',(0.,0.,1.));
#2668=DIRECTION('',(-1.,1.22464679914735E-16,0.));
#2669=FACE_BOUND('',#2670,.T.);
#2670=EDGE_LOOP('',(#4639,#4640,#4641,#4642));
#2671=PLANE('',#2672);
#2672=AXIS2_PLACEMENT_3D('',#2673,#2674,#2675);
#2673=CARTESIAN_POINT('',(0.,0.,40.));
#2674=DIRECTION('',(0.,0.,1.));
#2675=DIRECTION('',(-1.,1.22464679914735E-16,0.));
#2676=FACE_BOUND('',#2677,.T.);
#2677=EDGE_LOOP('',(#4643,#4644,#4645,#4646));
#2678=PLANE('',#2679);
#2679=AXIS2_PLACEMENT_3D('',#2680,#2681,#2682);
#2680=CARTESIAN_POINT('',(0.,0.,40.));
#2681=DIRECTION('',(0.,0.,1.));
#2682=DIRECTION('',(-1.,1.22464679914735E-16,0.));
#2683=FACE_BOUND('',#2684,.T.);
#2684=EDGE_LOOP('',(#4647,#4648,#4649,#4650));
#2685=PLANE('',#2686);
#2686=AXIS2_PLACEMENT_3D('',#2687,#2688,#2689);
#2687=CARTESIAN_POINT('',(0.,0.,40.));
#2688=DIRECTION('',(0.,0.,1.));
#2689=DIRECTION('',(-1.,1.22464679914735E-16,0.));
#2690=FACE_BOUND('',#2691,.T.);
#2691=EDGE_LOOP('',(#4651,#4652,#4653,#4654));
#2692=PLANE('',#2693);
#2693=AXIS2_PLACEMENT_3D('',#2694,#2695,#2696);
#2694=CARTESIAN_POINT('',(0.,0.,40.));
#2695=DIRECTION('',(0.,0.,1.));
#2696=DIRECTION('',(-1.,1.22464679914735E-16,0.));
#2697=FACE_BOUND('',#2698,.T.);
#2698=EDGE_LOOP('',(#4655,#4656,#4657,#4658));
#2699=PLANE('',#2700);
#2700=AXIS2_PLACEMENT_3D('',#2701,#2702,#2703);
#2701=CARTESIAN_POINT('',(0.,0.,40.));
#2702=DIRECTION('',(0.,0.,1.));
#2703=DIRECTION('',(-1.,1.22464679914735E-16,0.));
#2704=FACE_BOUND('',#2705,.T.);
#2705=EDGE_LOOP('',(#4659,#4660,#4661,#4662));
#2706=PLANE('',#2707);
#2707=AXIS2_PLACEMENT_3D('',#2708,#2709,#2710);
#2708=CARTESIAN_POINT('',(0.,0.,40.));
#2709=DIRECTION('',(0.,0.,1.));
#2710=DIRECTION('',(-1.,1.22464679914735E-16,0.));
#2711=FACE_BOUND('',#2712,.T.);
#2712=EDGE_LOOP('',(#4663,#4664,#4665,#4666));
#2713=PLANE('',#2714);
#2714=AXIS2_PLACEMENT_3D('',#2715,#2716,#2717);
#2715=CARTESIAN_POINT('',(-328.,-300.,40.));
#2716=DIRECTION('',(1.,-1.8947806286936E-16,0.));
#2717=DIRECTION('',(0.,0.,-1.));
#2718=FACE_BOUND('',#2719,.T.);
#2719=EDGE_LOOP('',(#4667,#4668,#4669,#4670));
#2720=PLANE('',#2721);
#2721=AXIS2_PLACEMENT_3D('',#2722,#2723,#2724);
#2722=CARTESIAN_POINT('',(-342.,-300.,30.));
#2723=DIRECTION('',(-1.,1.8947806286936E-16,0.));
#2724=DIRECTION('',(0.,0.,1.));
#2725=FACE_BOUND('',#2726,.T.);
#2726=EDGE_LOOP('',(#4671,#4672,#4673,#4674));
#2727=PLANE('',#2728);
#2728=AXIS2_PLACEMENT_3D('',#2729,#2730,#2731);
#2729=CARTESIAN_POINT('',(-345.,-300.,30.));
#2730=DIRECTION('',(0.,0.,1.));
#2731=DIRECTION('',(1.,0.,0.));
#2732=FACE_BOUND('',#2733,.T.);
#2733=EDGE_LOOP('',(#4675,#4676,#4677,#4678));
#2734=PLANE('',#2735);
#2735=AXIS2_PLACEMENT_3D('',#2736,#2737,#2738);
#2736=CARTESIAN_POINT('',(-345.,-300.,26.));
#2737=DIRECTION('',(-1.,1.8947806286936E-16,0.));
#2738=DIRECTION('',(0.,0.,1.));
#2739=FACE_BOUND('',#2740,.T.);
#2740=EDGE_LOOP('',(#4679,#4680,#4681,#4682));
#2741=PLANE('',#2742);
#2742=AXIS2_PLACEMENT_3D('',#2743,#2744,#2745);
#2743=CARTESIAN_POINT('',(-325.,-300.,26.));
#2744=DIRECTION('',(1.77635683940025E-16,-3.36580652894298E-32,-1.));
#2745=DIRECTION('',(-1.,0.,-1.77635683940025E-16));
#2746=FACE_BOUND('',#2747,.T.);
#2747=EDGE_LOOP('',(#4683,#4684,#4685,#4686));
#2748=PLANE('',#2749);
#2749=AXIS2_PLACEMENT_3D('',#2750,#2751,#2752);
#2750=CARTESIAN_POINT('',(-325.,-300.,30.));
#2751=DIRECTION('',(1.,-1.8947806286936E-16,0.));
#2752=DIRECTION('',(0.,0.,-1.));
#2753=FACE_BOUND('',#2754,.T.);
#2754=EDGE_LOOP('',(#4687,#4688,#4689,#4690));
#2755=PLANE('',#2756);
#2756=AXIS2_PLACEMENT_3D('',#2757,#2758,#2759);
#2757=CARTESIAN_POINT('',(-328.,-300.,30.));
#2758=DIRECTION('',(0.,0.,1.));
#2759=DIRECTION('',(1.,0.,0.));
#2760=FACE_BOUND('',#2761,.T.);
#2761=EDGE_LOOP('',(#4691,#4692,#4693,#4694));
#2762=PLANE('',#2763);
#2763=AXIS2_PLACEMENT_3D('',#2764,#2765,#2766);
#2764=CARTESIAN_POINT('',(-301.,-300.,40.));
#2765=DIRECTION('',(1.,-1.8947806286936E-16,0.));
#2766=DIRECTION('',(0.,0.,-1.));
#2767=FACE_BOUND('',#2768,.T.);
#2768=EDGE_LOOP('',(#4695,#4696,#4697,#4698));
#2769=PLANE('',#2770);
#2770=AXIS2_PLACEMENT_3D('',#2771,#2772,#2773);
#2771=CARTESIAN_POINT('',(-315.,-300.,30.));
#2772=DIRECTION('',(-1.,1.8947806286936E-16,0.));
#2773=DIRECTION('',(0.,0.,1.));
#2774=FACE_BOUND('',#2775,.T.);
#2775=EDGE_LOOP('',(#4699,#4700,#4701,#4702));
#2776=PLANE('',#2777);
#2777=AXIS2_PLACEMENT_3D('',#2778,#2779,#2780);
#2778=CARTESIAN_POINT('',(-318.,-300.,30.));
#2779=DIRECTION('',(0.,0.,1.));
#2780=DIRECTION('',(1.,0.,0.));
#2781=FACE_BOUND('',#2782,.T.);
#2782=EDGE_LOOP('',(#4703,#4704,#4705,#4706));
#2783=PLANE('',#2784);
#2784=AXIS2_PLACEMENT_3D('',#2785,#2786,#2787);
#2785=CARTESIAN_POINT('',(-318.,-300.,26.));
#2786=DIRECTION('',(-1.,1.8947806286936E-16,0.));
#2787=DIRECTION('',(0.,0.,1.));
#2788=FACE_BOUND('',#2789,.T.);
#2789=EDGE_LOOP('',(#4707,#4708,#4709,#4710));
#2790=PLANE('',#2791);
#2791=AXIS2_PLACEMENT_3D('',#2792,#2793,#2794);
#2792=CARTESIAN_POINT('',(-298.,-300.,26.));
#2793=DIRECTION('',(1.77635683940025E-16,-3.36580652894298E-32,-1.));
#2794=DIRECTION('',(-1.,0.,-1.77635683940025E-16));
#2795=FACE_BOUND('',#2796,.T.);
#2796=EDGE_LOOP('',(#4711,#4712,#4713,#4714));
#2797=PLANE('',#2798);
#2798=AXIS2_PLACEMENT_3D('',#2799,#2800,#2801);
#2799=CARTESIAN_POINT('',(-298.,-300.,30.));
#2800=DIRECTION('',(1.,-1.8947806286936E-16,0.));
#2801=DIRECTION('',(0.,0.,-1.));
#2802=FACE_BOUND('',#2803,.T.);
#2803=EDGE_LOOP('',(#4715,#4716,#4717,#4718));
#2804=PLANE('',#2805);
#2805=AXIS2_PLACEMENT_3D('',#2806,#2807,#2808);
#2806=CARTESIAN_POINT('',(-301.,-300.,30.));
#2807=DIRECTION('',(0.,0.,1.));
#2808=DIRECTION('',(1.,0.,0.));
#2809=FACE_BOUND('',#2810,.T.);
#2810=EDGE_LOOP('',(#4719,#4720,#4721,#4722));
#2811=PLANE('',#2812);
#2812=AXIS2_PLACEMENT_3D('',#2813,#2814,#2815);
#2813=CARTESIAN_POINT('',(-274.,-300.,40.));
#2814=DIRECTION('',(1.,-1.8947806286936E-16,0.));
#2815=DIRECTION('',(0.,0.,-1.));
#2816=FACE_BOUND('',#2817,.T.);
#2817=EDGE_LOOP('',(#4723,#4724,#4725,#4726));
#2818=PLANE('',#2819);
#2819=AXIS2_PLACEMENT_3D('',#2820,#2821,#2822);
#2820=CARTESIAN_POINT('',(-288.,-300.,30.));
#2821=DIRECTION('',(-1.,1.8947806286936E-16,0.));
#2822=DIRECTION('',(0.,0.,1.));
#2823=FACE_BOUND('',#2824,.T.);
#2824=EDGE_LOOP('',(#4727,#4728,#4729,#4730));
#2825=PLANE('',#2826);
#2826=AXIS2_PLACEMENT_3D('',#2827,#2828,#2829);
#2827=CARTESIAN_POINT('',(-291.,-300.,30.));
#2828=DIRECTION('',(0.,0.,1.));
#2829=DIRECTION('',(1.,0.,0.));
#2830=FACE_BOUND('',#2831,.T.);
#2831=EDGE_LOOP('',(#4731,#4732,#4733,#4734));
#2832=PLANE('',#2833);
#2833=AXIS2_PLACEMENT_3D('',#2834,#2835,#2836);
#2834=CARTESIAN_POINT('',(-291.,-300.,26.));
#2835=DIRECTION('',(-1.,1.8947806286936E-16,0.));
#2836=DIRECTION('',(0.,0.,1.));
#2837=FACE_BOUND('',#2838,.T.);
#2838=EDGE_LOOP('',(#4735,#4736,#4737,#4738));
#2839=PLANE('',#2840);
#2840=AXIS2_PLACEMENT_3D('',#2841,#2842,#2843);
#2841=CARTESIAN_POINT('',(-271.,-300.,26.));
#2842=DIRECTION('',(1.77635683940025E-16,-3.36580652894298E-32,-1.));
#2843=DIRECTION('',(-1.,0.,-1.77635683940025E-16));
#2844=FACE_BOUND('',#2845,.T.);
#2845=EDGE_LOOP('',(#4739,#4740,#4741,#4742));
#2846=PLANE('',#2847);
#2847=AXIS2_PLACEMENT_3D('',#2848,#2849,#2850);
#2848=CARTESIAN_POINT('',(-271.,-300.,30.));
#2849=DIRECTION('',(1.,-1.8947806286936E-16,0.));
#2850=DIRECTION('',(0.,0.,-1.));
#2851=FACE_BOUND('',#2852,.T.);
#2852=EDGE_LOOP('',(#4743,#4744,#4745,#4746));
#2853=PLANE('',#2854);
#2854=AXIS2_PLACEMENT_3D('',#2855,#2856,#2857);
#2855=CARTESIAN_POINT('',(-274.,-300.,30.));
#2856=DIRECTION('',(0.,0.,1.));
#2857=DIRECTION('',(1.,0.,0.));
#2858=FACE_BOUND('',#2859,.T.);
#2859=EDGE_LOOP('',(#4747,#4748,#4749,#4750));
#2860=PLANE('',#2861);
#2861=AXIS2_PLACEMENT_3D('',#2862,#2863,#2864);
#2862=CARTESIAN_POINT('',(-247.,-300.,40.));
#2863=DIRECTION('',(1.,-1.8947806286936E-16,0.));
#2864=DIRECTION('',(0.,0.,-1.));
#2865=FACE_BOUND('',#2866,.T.);
#2866=EDGE_LOOP('',(#4751,#4752,#4753,#4754));
#2867=PLANE('',#2868);
#2868=AXIS2_PLACEMENT_3D('',#2869,#2870,#2871);
#2869=CARTESIAN_POINT('',(-261.,-300.,30.));
#2870=DIRECTION('',(-1.,1.8947806286936E-16,0.));
#2871=DIRECTION('',(0.,0.,1.));
#2872=FACE_BOUND('',#2873,.T.);
#2873=EDGE_LOOP('',(#4755,#4756,#4757,#4758));
#2874=PLANE('',#2875);
#2875=AXIS2_PLACEMENT_3D('',#2876,#2877,#2878);
#2876=CARTESIAN_POINT('',(-264.,-300.,30.));
#2877=DIRECTION('',(0.,0.,1.));
#2878=DIRECTION('',(1.,0.,0.));
#2879=FACE_BOUND('',#2880,.T.);
#2880=EDGE_LOOP('',(#4759,#4760,#4761,#4762));
#2881=PLANE('',#2882);
#2882=AXIS2_PLACEMENT_3D('',#2883,#2884,#2885);
#2883=CARTESIAN_POINT('',(-264.,-300.,26.));
#2884=DIRECTION('',(-1.,1.8947806286936E-16,0.));
#2885=DIRECTION('',(0.,0.,1.));
#2886=FACE_BOUND('',#2887,.T.);
#2887=EDGE_LOOP('',(#4763,#4764,#4765,#4766));
#2888=PLANE('',#2889);
#2889=AXIS2_PLACEMENT_3D('',#2890,#2891,#2892);
#2890=CARTESIAN_POINT('',(-244.,-300.,26.));
#2891=DIRECTION('',(1.77635683940025E-16,-3.36580652894298E-32,-1.));
#2892=DIRECTION('',(-1.,0.,-1.77635683940025E-16));
#2893=FACE_BOUND('',#2894,.T.);
#2894=EDGE_LOOP('',(#4767,#4768,#4769,#4770));
#2895=PLANE('',#2896);
#2896=AXIS2_PLACEMENT_3D('',#2897,#2898,#2899);
#2897=CARTESIAN_POINT('',(-244.,-300.,30.));
#2898=DIRECTION('',(1.,-1.8947806286936E-16,0.));
#2899=DIRECTION('',(0.,0.,-1.));
#2900=FACE_BOUND('',#2901,.T.);
#2901=EDGE_LOOP('',(#4771,#4772,#4773,#4774));
#2902=PLANE('',#2903);
#2903=AXIS2_PLACEMENT_3D('',#2904,#2905,#2906);
#2904=CARTESIAN_POINT('',(-247.,-300.,30.));
#2905=DIRECTION('',(0.,0.,1.));
#2906=DIRECTION('',(1.,0.,0.));
#2907=FACE_BOUND('',#2908,.T.);
#2908=EDGE_LOOP('',(#4775,#4776,#4777,#4778));
#2909=PLANE('',#2910);
#2910=AXIS2_PLACEMENT_3D('',#2911,#2912,#2913);
#2911=CARTESIAN_POINT('',(-220.,-300.,40.));
#2912=DIRECTION('',(1.,-1.8947806286936E-16,0.));
#2913=DIRECTION('',(0.,0.,-1.));
#2914=FACE_BOUND('',#2915,.T.);
#2915=EDGE_LOOP('',(#4779,#4780,#4781,#4782));
#2916=PLANE('',#2917);
#2917=AXIS2_PLACEMENT_3D('',#2918,#2919,#2920);
#2918=CARTESIAN_POINT('',(-234.,-300.,30.));
#2919=DIRECTION('',(-1.,1.8947806286936E-16,0.));
#2920=DIRECTION('',(0.,0.,1.));
#2921=FACE_BOUND('',#2922,.T.);
#2922=EDGE_LOOP('',(#4783,#4784,#4785,#4786));
#2923=PLANE('',#2924);
#2924=AXIS2_PLACEMENT_3D('',#2925,#2926,#2927);
#2925=CARTESIAN_POINT('',(-237.,-300.,30.));
#2926=DIRECTION('',(0.,0.,1.));
#2927=DIRECTION('',(1.,0.,0.));
#2928=FACE_BOUND('',#2929,.T.);
#2929=EDGE_LOOP('',(#4787,#4788,#4789,#4790));
#2930=PLANE('',#2931);
#2931=AXIS2_PLACEMENT_3D('',#2932,#2933,#2934);
#2932=CARTESIAN_POINT('',(-237.,-300.,26.));
#2933=DIRECTION('',(-1.,1.8947806286936E-16,0.));
#2934=DIRECTION('',(0.,0.,1.));
#2935=FACE_BOUND('',#2936,.T.);
#2936=EDGE_LOOP('',(#4791,#4792,#4793,#4794));
#2937=PLANE('',#2938);
#2938=AXIS2_PLACEMENT_3D('',#2939,#2940,#2941);
#2939=CARTESIAN_POINT('',(-217.,-300.,26.));
#2940=DIRECTION('',(1.77635683940025E-16,-3.36580652894298E-32,-1.));
#2941=DIRECTION('',(-1.,0.,-1.77635683940025E-16));
#2942=FACE_BOUND('',#2943,.T.);
#2943=EDGE_LOOP('',(#4795,#4796,#4797,#4798));
#2944=PLANE('',#2945);
#2945=AXIS2_PLACEMENT_3D('',#2946,#2947,#2948);
#2946=CARTESIAN_POINT('',(-217.,-300.,30.));
#2947=DIRECTION('',(1.,-1.8947806286936E-16,0.));
#2948=DIRECTION('',(0.,0.,-1.));
#2949=FACE_BOUND('',#2950,.T.);
#2950=EDGE_LOOP('',(#4799,#4800,#4801,#4802));
#2951=PLANE('',#2952);
#2952=AXIS2_PLACEMENT_3D('',#2953,#2954,#2955);
#2953=CARTESIAN_POINT('',(-220.,-300.,30.));
#2954=DIRECTION('',(0.,0.,1.));
#2955=DIRECTION('',(1.,0.,0.));
#2956=FACE_BOUND('',#2957,.T.);
#2957=EDGE_LOOP('',(#4803,#4804,#4805,#4806));
#2958=PLANE('',#2959);
#2959=AXIS2_PLACEMENT_3D('',#2960,#2961,#2962);
#2960=CARTESIAN_POINT('',(-193.,-300.,40.));
#2961=DIRECTION('',(1.,-1.8947806286936E-16,0.));
#2962=DIRECTION('',(0.,0.,-1.));
#2963=FACE_BOUND('',#2964,.T.);
#2964=EDGE_LOOP('',(#4807,#4808,#4809,#4810));
#2965=PLANE('',#2966);
#2966=AXIS2_PLACEMENT_3D('',#2967,#2968,#2969);
#2967=CARTESIAN_POINT('',(-207.,-300.,30.));
#2968=DIRECTION('',(-1.,1.8947806286936E-16,0.));
#2969=DIRECTION('',(0.,0.,1.));
#2970=FACE_BOUND('',#2971,.T.);
#2971=EDGE_LOOP('',(#4811,#4812,#4813,#4814));
#2972=PLANE('',#2973);
#2973=AXIS2_PLACEMENT_3D('',#2974,#2975,#2976);
#2974=CARTESIAN_POINT('',(-210.,-300.,30.));
#2975=DIRECTION('',(0.,0.,1.));
#2976=DIRECTION('',(1.,0.,0.));
#2977=FACE_BOUND('',#2978,.T.);
#2978=EDGE_LOOP('',(#4815,#4816,#4817,#4818));
#2979=PLANE('',#2980);
#2980=AXIS2_PLACEMENT_3D('',#2981,#2982,#2983);
#2981=CARTESIAN_POINT('',(-210.,-300.,26.));
#2982=DIRECTION('',(-1.,1.8947806286936E-16,0.));
#2983=DIRECTION('',(0.,0.,1.));
#2984=FACE_BOUND('',#2985,.T.);
#2985=EDGE_LOOP('',(#4819,#4820,#4821,#4822));
#2986=PLANE('',#2987);
#2987=AXIS2_PLACEMENT_3D('',#2988,#2989,#2990);
#2988=CARTESIAN_POINT('',(-190.,-300.,26.));
#2989=DIRECTION('',(1.77635683940025E-16,-3.36580652894298E-32,-1.));
#2990=DIRECTION('',(-1.,0.,-1.77635683940025E-16));
#2991=FACE_BOUND('',#2992,.T.);
#2992=EDGE_LOOP('',(#4823,#4824,#4825,#4826));
#2993=PLANE('',#2994);
#2994=AXIS2_PLACEMENT_3D('',#2995,#2996,#2997);
#2995=CARTESIAN_POINT('',(-190.,-300.,30.));
#2996=DIRECTION('',(1.,-1.8947806286936E-16,0.));
#2997=DIRECTION('',(0.,0.,-1.));
#2998=FACE_BOUND('',#2999,.T.);
#2999=EDGE_LOOP('',(#4827,#4828,#4829,#4830));
#3000=PLANE('',#3001);
#3001=AXIS2_PLACEMENT_3D('',#3002,#3003,#3004);
#3002=CARTESIAN_POINT('',(-193.,-300.,30.));
#3003=DIRECTION('',(0.,0.,1.));
#3004=DIRECTION('',(1.,0.,0.));
#3005=FACE_BOUND('',#3006,.T.);
#3006=EDGE_LOOP('',(#4831,#4832,#4833,#4834));
#3007=PLANE('',#3008);
#3008=AXIS2_PLACEMENT_3D('',#3009,#3010,#3011);
#3009=CARTESIAN_POINT('',(-166.,-300.,40.));
#3010=DIRECTION('',(1.,-1.8947806286936E-16,0.));
#3011=DIRECTION('',(0.,0.,-1.));
#3012=FACE_BOUND('',#3013,.T.);
#3013=EDGE_LOOP('',(#4835,#4836,#4837,#4838));
#3014=PLANE('',#3015);
#3015=AXIS2_PLACEMENT_3D('',#3016,#3017,#3018);
#3016=CARTESIAN_POINT('',(-180.,-300.,30.));
#3017=DIRECTION('',(-1.,1.8947806286936E-16,0.));
#3018=DIRECTION('',(0.,0.,1.));
#3019=FACE_BOUND('',#3020,.T.);
#3020=EDGE_LOOP('',(#4839,#4840,#4841,#4842));
#3021=PLANE('',#3022);
#3022=AXIS2_PLACEMENT_3D('',#3023,#3024,#3025);
#3023=CARTESIAN_POINT('',(-183.,-300.,30.));
#3024=DIRECTION('',(0.,0.,1.));
#3025=DIRECTION('',(1.,0.,0.));
#3026=FACE_BOUND('',#3027,.T.);
#3027=EDGE_LOOP('',(#4843,#4844,#4845,#4846));
#3028=PLANE('',#3029);
#3029=AXIS2_PLACEMENT_3D('',#3030,#3031,#3032);
#3030=CARTESIAN_POINT('',(-183.,-300.,26.));
#3031=DIRECTION('',(-1.,1.8947806286936E-16,0.));
#3032=DIRECTION('',(0.,0.,1.));
#3033=FACE_BOUND('',#3034,.T.);
#3034=EDGE_LOOP('',(#4847,#4848,#4849,#4850));
#3035=PLANE('',#3036);
#3036=AXIS2_PLACEMENT_3D('',#3037,#3038,#3039);
#3037=CARTESIAN_POINT('',(-163.,-300.,26.));
#3038=DIRECTION('',(1.77635683940025E-16,-3.36580652894298E-32,-1.));
#3039=DIRECTION('',(-1.,0.,-1.77635683940025E-16));
#3040=FACE_BOUND('',#3041,.T.);
#3041=EDGE_LOOP('',(#4851,#4852,#4853,#4854));
#3042=PLANE('',#3043);
#3043=AXIS2_PLACEMENT_3D('',#3044,#3045,#3046);
#3044=CARTESIAN_POINT('',(-163.,-300.,30.));
#3045=DIRECTION('',(1.,-1.8947806286936E-16,0.));
#3046=DIRECTION('',(0.,0.,-1.));
#3047=FACE_BOUND('',#3048,.T.);
#3048=EDGE_LOOP('',(#4855,#4856,#4857,#4858));
#3049=PLANE('',#3050);
#3050=AXIS2_PLACEMENT_3D('',#3051,#3052,#3053);
#3051=CARTESIAN_POINT('',(-166.,-300.,30.));
#3052=DIRECTION('',(0.,0.,1.));
#3053=DIRECTION('',(1.,0.,0.));
#3054=FACE_BOUND('',#3055,.T.);
#3055=EDGE_LOOP('',(#4859,#4860,#4861,#4862));
#3056=PLANE('',#3057);
#3057=AXIS2_PLACEMENT_3D('',#3058,#3059,#3060);
#3058=CARTESIAN_POINT('',(-139.,-300.,40.));
#3059=DIRECTION('',(1.,-1.8947806286936E-16,0.));
#3060=DIRECTION('',(0.,0.,-1.));
#3061=FACE_BOUND('',#3062,.T.);
#3062=EDGE_LOOP('',(#4863,#4864,#4865,#4866));
#3063=PLANE('',#3064);
#3064=AXIS2_PLACEMENT_3D('',#3065,#3066,#3067);
#3065=CARTESIAN_POINT('',(-153.,-300.,30.));
#3066=DIRECTION('',(-1.,1.8947806286936E-16,0.));
#3067=DIRECTION('',(0.,0.,1.));
#3068=FACE_BOUND('',#3069,.T.);
#3069=EDGE_LOOP('',(#4867,#4868,#4869,#4870));
#3070=PLANE('',#3071);
#3071=AXIS2_PLACEMENT_3D('',#3072,#3073,#3074);
#3072=CARTESIAN_POINT('',(-156.,-300.,30.));
#3073=DIRECTION('',(0.,0.,1.));
#3074=DIRECTION('',(1.,0.,0.));
#3075=FACE_BOUND('',#3076,.T.);
#3076=EDGE_LOOP('',(#4871,#4872,#4873,#4874));
#3077=PLANE('',#3078);
#3078=AXIS2_PLACEMENT_3D('',#3079,#3080,#3081);
#3079=CARTESIAN_POINT('',(-156.,-300.,26.));
#3080=DIRECTION('',(-1.,1.8947806286936E-16,0.));
#3081=DIRECTION('',(0.,0.,1.));
#3082=FACE_BOUND('',#3083,.T.);
#3083=EDGE_LOOP('',(#4875,#4876,#4877,#4878));
#3084=PLANE('',#3085);
#3085=AXIS2_PLACEMENT_3D('',#3086,#3087,#3088);
#3086=CARTESIAN_POINT('',(-136.,-300.,26.));
#3087=DIRECTION('',(1.77635683940025E-16,-3.36580652894298E-32,-1.));
#3088=DIRECTION('',(-1.,0.,-1.77635683940025E-16));
#3089=FACE_BOUND('',#3090,.T.);
#3090=EDGE_LOOP('',(#4879,#4880,#4881,#4882));
#3091=PLANE('',#3092);
#3092=AXIS2_PLACEMENT_3D('',#3093,#3094,#3095);
#3093=CARTESIAN_POINT('',(-136.,-300.,30.));
#3094=DIRECTION('',(1.,-1.8947806286936E-16,0.));
#3095=DIRECTION('',(0.,0.,-1.));
#3096=FACE_BOUND('',#3097,.T.);
#3097=EDGE_LOOP('',(#4883,#4884,#4885,#4886));
#3098=PLANE('',#3099);
#3099=AXIS2_PLACEMENT_3D('',#3100,#3101,#3102);
#3100=CARTESIAN_POINT('',(-139.,-300.,30.));
#3101=DIRECTION('',(0.,0.,1.));
#3102=DIRECTION('',(1.,0.,0.));
#3103=FACE_BOUND('',#3104,.T.);
#3104=EDGE_LOOP('',(#4887,#4888,#4889,#4890));
#3105=PLANE('',#3106);
#3106=AXIS2_PLACEMENT_3D('',#3107,#3108,#3109);
#3107=CARTESIAN_POINT('',(-112.,-300.,40.));
#3108=DIRECTION('',(1.,-1.8947806286936E-16,0.));
#3109=DIRECTION('',(0.,0.,-1.));
#3110=FACE_BOUND('',#3111,.T.);
#3111=EDGE_LOOP('',(#4891,#4892,#4893,#4894));
#3112=PLANE('',#3113);
#3113=AXIS2_PLACEMENT_3D('',#3114,#3115,#3116);
#3114=CARTESIAN_POINT('',(-126.,-300.,30.));
#3115=DIRECTION('',(-1.,1.8947806286936E-16,0.));
#3116=DIRECTION('',(0.,0.,1.));
#3117=FACE_BOUND('',#3118,.T.);
#3118=EDGE_LOOP('',(#4895,#4896,#4897,#4898));
#3119=PLANE('',#3120);
#3120=AXIS2_PLACEMENT_3D('',#3121,#3122,#3123);
#3121=CARTESIAN_POINT('',(-129.,-300.,30.));
#3122=DIRECTION('',(0.,0.,1.));
#3123=DIRECTION('',(1.,0.,0.));
#3124=FACE_BOUND('',#3125,.T.);
#3125=EDGE_LOOP('',(#4899,#4900,#4901,#4902));
#3126=PLANE('',#3127);
#3127=AXIS2_PLACEMENT_3D('',#3128,#3129,#3130);
#3128=CARTESIAN_POINT('',(-129.,-300.,26.));
#3129=DIRECTION('',(-1.,1.8947806286936E-16,0.));
#3130=DIRECTION('',(0.,0.,1.));
#3131=FACE_BOUND('',#3132,.T.);
#3132=EDGE_LOOP('',(#4903,#4904,#4905,#4906));
#3133=PLANE('',#3134);
#3134=AXIS2_PLACEMENT_3D('',#3135,#3136,#3137);
#3135=CARTESIAN_POINT('',(-109.,-300.,26.));
#3136=DIRECTION('',(1.77635683940025E-16,-3.36580652894298E-32,-1.));
#3137=DIRECTION('',(-1.,0.,-1.77635683940025E-16));
#3138=FACE_BOUND('',#3139,.T.);
#3139=EDGE_LOOP('',(#4907,#4908,#4909,#4910));
#3140=PLANE('',#3141);
#3141=AXIS2_PLACEMENT_3D('',#3142,#3143,#3144);
#3142=CARTESIAN_POINT('',(-109.,-300.,30.));
#3143=DIRECTION('',(1.,-1.8947806286936E-16,0.));
#3144=DIRECTION('',(0.,0.,-1.));
#3145=FACE_BOUND('',#3146,.T.);
#3146=EDGE_LOOP('',(#4911,#4912,#4913,#4914));
#3147=PLANE('',#3148);
#3148=AXIS2_PLACEMENT_3D('',#3149,#3150,#3151);
#3149=CARTESIAN_POINT('',(-112.,-300.,30.));
#3150=DIRECTION('',(0.,0.,1.));
#3151=DIRECTION('',(1.,0.,0.));
#3152=FACE_BOUND('',#3153,.T.);
#3153=EDGE_LOOP('',(#4915,#4916,#4917,#4918));
#3154=PLANE('',#3155);
#3155=AXIS2_PLACEMENT_3D('',#3156,#3157,#3158);
#3156=CARTESIAN_POINT('',(-85.0000000000001,-300.,40.));
#3157=DIRECTION('',(1.,-1.8947806286936E-16,0.));
#3158=DIRECTION('',(0.,0.,-1.));
#3159=FACE_BOUND('',#3160,.T.);
#3160=EDGE_LOOP('',(#4919,#4920,#4921,#4922));
#3161=PLANE('',#3162);
#3162=AXIS2_PLACEMENT_3D('',#3163,#3164,#3165);
#3163=CARTESIAN_POINT('',(-99.0000000000001,-300.,30.));
#3164=DIRECTION('',(-1.,1.8947806286936E-16,0.));
#3165=DIRECTION('',(0.,0.,1.));
#3166=FACE_BOUND('',#3167,.T.);
#3167=EDGE_LOOP('',(#4923,#4924,#4925,#4926));
#3168=PLANE('',#3169);
#3169=AXIS2_PLACEMENT_3D('',#3170,#3171,#3172);
#3170=CARTESIAN_POINT('',(-102.,-300.,30.));
#3171=DIRECTION('',(0.,0.,1.));
#3172=DIRECTION('',(1.,0.,0.));
#3173=FACE_BOUND('',#3174,.T.);
#3174=EDGE_LOOP('',(#4927,#4928,#4929,#4930));
#3175=PLANE('',#3176);
#3176=AXIS2_PLACEMENT_3D('',#3177,#3178,#3179);
#3177=CARTESIAN_POINT('',(-102.,-300.,26.));
#3178=DIRECTION('',(-1.,1.8947806286936E-16,0.));
#3179=DIRECTION('',(0.,0.,1.));
#3180=FACE_BOUND('',#3181,.T.);
#3181=EDGE_LOOP('',(#4931,#4932,#4933,#4934));
#3182=PLANE('',#3183);
#3183=AXIS2_PLACEMENT_3D('',#3184,#3185,#3186);
#3184=CARTESIAN_POINT('',(-82.0000000000001,-300.,26.));
#3185=DIRECTION('',(1.77635683940025E-16,-3.36580652894298E-32,-1.));
#3186=DIRECTION('',(-1.,0.,-1.77635683940025E-16));
#3187=FACE_BOUND('',#3188,.T.);
#3188=EDGE_LOOP('',(#4935,#4936,#4937,#4938));
#3189=PLANE('',#3190);
#3190=AXIS2_PLACEMENT_3D('',#3191,#3192,#3193);
#3191=CARTESIAN_POINT('',(-82.0000000000001,-300.,30.));
#3192=DIRECTION('',(1.,-1.8947806286936E-16,0.));
#3193=DIRECTION('',(0.,0.,-1.));
#3194=FACE_BOUND('',#3195,.T.);
#3195=EDGE_LOOP('',(#4939,#4940,#4941,#4942));
#3196=PLANE('',#3197);
#3197=AXIS2_PLACEMENT_3D('',#3198,#3199,#3200);
#3198=CARTESIAN_POINT('',(-85.0000000000001,-300.,30.));
#3199=DIRECTION('',(0.,0.,1.));
#3200=DIRECTION('',(1.,0.,0.));
#3201=FACE_BOUND('',#3202,.T.);
#3202=EDGE_LOOP('',(#4943,#4944,#4945,#4946));
#3203=PLANE('',#3204);
#3204=AXIS2_PLACEMENT_3D('',#3205,#3206,#3207);
#3205=CARTESIAN_POINT('',(-58.0000000000001,-300.,40.));
#3206=DIRECTION('',(1.,-1.8947806286936E-16,0.));
#3207=DIRECTION('',(0.,0.,-1.));
#3208=FACE_BOUND('',#3209,.T.);
#3209=EDGE_LOOP('',(#4947,#4948,#4949,#4950));
#3210=PLANE('',#3211);
#3211=AXIS2_PLACEMENT_3D('',#3212,#3213,#3214);
#3212=CARTESIAN_POINT('',(-72.0000000000001,-300.,30.));
#3213=DIRECTION('',(-1.,1.8947806286936E-16,0.));
#3214=DIRECTION('',(0.,0.,1.));
#3215=FACE_BOUND('',#3216,.T.);
#3216=EDGE_LOOP('',(#4951,#4952,#4953,#4954));
#3217=PLANE('',#3218);
#3218=AXIS2_PLACEMENT_3D('',#3219,#3220,#3221);
#3219=CARTESIAN_POINT('',(-75.0000000000001,-300.,30.));
#3220=DIRECTION('',(0.,0.,1.));
#3221=DIRECTION('',(1.,0.,0.));
#3222=FACE_BOUND('',#3223,.T.);
#3223=EDGE_LOOP('',(#4955,#4956,#4957,#4958));
#3224=PLANE('',#3225);
#3225=AXIS2_PLACEMENT_3D('',#3226,#3227,#3228);
#3226=CARTESIAN_POINT('',(-75.0000000000001,-300.,26.));
#3227=DIRECTION('',(-1.,1.8947806286936E-16,0.));
#3228=DIRECTION('',(0.,0.,1.));
#3229=FACE_BOUND('',#3230,.T.);
#3230=EDGE_LOOP('',(#4959,#4960,#4961,#4962));
#3231=PLANE('',#3232);
#3232=AXIS2_PLACEMENT_3D('',#3233,#3234,#3235);
#3233=CARTESIAN_POINT('',(-55.0000000000001,-300.,26.));
#3234=DIRECTION('',(1.77635683940025E-16,-3.36580652894298E-32,-1.));
#3235=DIRECTION('',(-1.,0.,-1.77635683940025E-16));
#3236=FACE_BOUND('',#3237,.T.);
#3237=EDGE_LOOP('',(#4963,#4964,#4965,#4966));
#3238=PLANE('',#3239);
#3239=AXIS2_PLACEMENT_3D('',#3240,#3241,#3242);
#3240=CARTESIAN_POINT('',(-55.0000000000001,-300.,30.));
#3241=DIRECTION('',(1.,-1.8947806286936E-16,1.77635683940025E-15));
#3242=DIRECTION('',(1.77635683940025E-15,0.,-1.));
#3243=FACE_BOUND('',#3244,.T.);
#3244=EDGE_LOOP('',(#4967,#4968,#4969,#4970));
#3245=PLANE('',#3246);
#3246=AXIS2_PLACEMENT_3D('',#3247,#3248,#3249);
#3247=CARTESIAN_POINT('',(-58.0000000000001,-300.,30.));
#3248=DIRECTION('',(0.,0.,1.));
#3249=DIRECTION('',(1.,0.,0.));
#3250=FACE_BOUND('',#3251,.T.);
#3251=EDGE_LOOP('',(#4971,#4972,#4973,#4974));
#3252=PLANE('',#3253);
#3253=AXIS2_PLACEMENT_3D('',#3254,#3255,#3256);
#3254=CARTESIAN_POINT('',(-31.0000000000001,-300.,40.));
#3255=DIRECTION('',(1.,-1.8947806286936E-16,0.));
#3256=DIRECTION('',(0.,0.,-1.));
#3257=FACE_BOUND('',#3258,.T.);
#3258=EDGE_LOOP('',(#4975,#4976,#4977,#4978));
#3259=PLANE('',#3260);
#3260=AXIS2_PLACEMENT_3D('',#3261,#3262,#3263);
#3261=CARTESIAN_POINT('',(-45.0000000000001,-300.,30.));
#3262=DIRECTION('',(-1.,1.8947806286936E-16,0.));
#3263=DIRECTION('',(0.,0.,1.));
#3264=FACE_BOUND('',#3265,.T.);
#3265=EDGE_LOOP('',(#4979,#4980,#4981,#4982));
#3266=PLANE('',#3267);
#3267=AXIS2_PLACEMENT_3D('',#3268,#3269,#3270);
#3268=CARTESIAN_POINT('',(-48.0000000000001,-300.,30.));
#3269=DIRECTION('',(0.,0.,1.));
#3270=DIRECTION('',(1.,0.,0.));
#3271=FACE_BOUND('',#3272,.T.);
#3272=EDGE_LOOP('',(#4983,#4984,#4985,#4986));
#3273=PLANE('',#3274);
#3274=AXIS2_PLACEMENT_3D('',#3275,#3276,#3277);
#3275=CARTESIAN_POINT('',(-48.0000000000001,-300.,26.));
#3276=DIRECTION('',(-1.,1.8947806286936E-16,-1.77635683940025E-15));
#3277=DIRECTION('',(-1.77635683940025E-15,0.,1.));
#3278=FACE_BOUND('',#3279,.T.);
#3279=EDGE_LOOP('',(#4987,#4988,#4989,#4990));
#3280=PLANE('',#3281);
#3281=AXIS2_PLACEMENT_3D('',#3282,#3283,#3284);
#3282=CARTESIAN_POINT('',(-28.0000000000001,-300.,26.));
#3283=DIRECTION('',(1.77635683940025E-16,-3.36580652894298E-32,-1.));
#3284=DIRECTION('',(-1.,0.,-1.77635683940025E-16));
#3285=FACE_BOUND('',#3286,.T.);
#3286=EDGE_LOOP('',(#4991,#4992,#4993,#4994));
#3287=PLANE('',#3288);
#3288=AXIS2_PLACEMENT_3D('',#3289,#3290,#3291);
#3289=CARTESIAN_POINT('',(-28.0000000000001,-300.,30.));
#3290=DIRECTION('',(1.,-1.8947806286936E-16,0.));
#3291=DIRECTION('',(0.,0.,-1.));
#3292=FACE_BOUND('',#3293,.T.);
#3293=EDGE_LOOP('',(#4995,#4996,#4997,#4998));
#3294=PLANE('',#3295);
#3295=AXIS2_PLACEMENT_3D('',#3296,#3297,#3298);
#3296=CARTESIAN_POINT('',(-31.0000000000001,-300.,30.));
#3297=DIRECTION('',(0.,0.,1.));
#3298=DIRECTION('',(1.,0.,0.));
#3299=FACE_BOUND('',#3300,.T.);
#3300=EDGE_LOOP('',(#4999,#5000,#5001,#5002));
#3301=PLANE('',#3302);
#3302=AXIS2_PLACEMENT_3D('',#3303,#3304,#3305);
#3303=CARTESIAN_POINT('',(-4.00000000000006,-300.,40.));
#3304=DIRECTION('',(1.,-1.90218211552443E-16,1.77635683940025E-16));
#3305=DIRECTION('',(1.77635683940025E-16,0.,-1.));
#3306=FACE_BOUND('',#3307,.T.);
#3307=EDGE_LOOP('',(#5003,#5004,#5005,#5006));
#3308=PLANE('',#3309);
#3309=AXIS2_PLACEMENT_3D('',#3310,#3311,#3312);
#3310=CARTESIAN_POINT('',(-18.0000000000001,-300.,30.));
#3311=DIRECTION('',(-1.,1.8947806286936E-16,0.));
#3312=DIRECTION('',(0.,0.,1.));
#3313=FACE_BOUND('',#3314,.T.);
#3314=EDGE_LOOP('',(#5007,#5008,#5009,#5010));
#3315=PLANE('',#3316);
#3316=AXIS2_PLACEMENT_3D('',#3317,#3318,#3319);
#3317=CARTESIAN_POINT('',(-21.0000000000001,-300.,30.));
#3318=DIRECTION('',(0.,0.,1.));
#3319=DIRECTION('',(1.,0.,0.));
#3320=FACE_BOUND('',#3321,.T.);
#3321=EDGE_LOOP('',(#5011,#5012,#5013,#5014));
#3322=PLANE('',#3323);
#3323=AXIS2_PLACEMENT_3D('',#3324,#3325,#3326);
#3324=CARTESIAN_POINT('',(-21.0000000000001,-300.,26.));
#3325=DIRECTION('',(-1.,1.8947806286936E-16,0.));
#3326=DIRECTION('',(0.,0.,1.));
#3327=FACE_BOUND('',#3328,.T.);
#3328=EDGE_LOOP('',(#5015,#5016,#5017,#5018));
#3329=PLANE('',#3330);
#3330=AXIS2_PLACEMENT_3D('',#3331,#3332,#3333);
#3331=CARTESIAN_POINT('',(-1.00000000000006,-300.,26.));
#3332=DIRECTION('',(1.77635683940025E-16,-3.36251960850456E-32,-1.));
#3333=DIRECTION('',(-1.,0.,-1.77635683940025E-16));
#3334=FACE_BOUND('',#3335,.T.);
#3335=EDGE_LOOP('',(#5019,#5020,#5021,#5022));
#3336=PLANE('',#3337);
#3337=AXIS2_PLACEMENT_3D('',#3338,#3339,#3340);
#3338=CARTESIAN_POINT('',(-1.00000000000006,-300.,30.));
#3339=DIRECTION('',(1.,-1.89663100040131E-16,1.66533453693774E-16));
#3340=DIRECTION('',(1.66533453693774E-16,0.,-1.));
#3341=FACE_BOUND('',#3342,.T.);
#3342=EDGE_LOOP('',(#5023,#5024,#5025,#5026));
#3343=PLANE('',#3344);
#3344=AXIS2_PLACEMENT_3D('',#3345,#3346,#3347);
#3345=CARTESIAN_POINT('',(-4.00000000000006,-300.,30.));
#3346=DIRECTION('',(0.,0.,1.));
#3347=DIRECTION('',(1.,0.,0.));
#3348=FACE_BOUND('',#3349,.T.);
#3349=EDGE_LOOP('',(#5027,#5028,#5029,#5030));
#3350=PLANE('',#3351);
#3351=AXIS2_PLACEMENT_3D('',#3352,#3353,#3354);
#3352=CARTESIAN_POINT('',(22.9999999999999,-300.,40.));
#3353=DIRECTION('',(1.,-1.8947806286936E-16,0.));
#3354=DIRECTION('',(0.,0.,-1.));
#3355=FACE_BOUND('',#3356,.T.);
#3356=EDGE_LOOP('',(#5031,#5032,#5033,#5034));
#3357=PLANE('',#3358);
#3358=AXIS2_PLACEMENT_3D('',#3359,#3360,#3361);
#3359=CARTESIAN_POINT('',(8.99999999999994,-300.,30.));
#3360=DIRECTION('',(-1.,1.8947806286936E-16,-1.77635683940025E-16));
#3361=DIRECTION('',(-1.77635683940025E-16,0.,1.));
#3362=FACE_BOUND('',#3363,.T.);
#3363=EDGE_LOOP('',(#5035,#5036,#5037,#5038));
#3364=PLANE('',#3365);
#3365=AXIS2_PLACEMENT_3D('',#3366,#3367,#3368);
#3366=CARTESIAN_POINT('',(5.99999999999994,-300.,30.));
#3367=DIRECTION('',(0.,0.,1.));
#3368=DIRECTION('',(1.,0.,0.));
#3369=FACE_BOUND('',#3370,.T.);
#3370=EDGE_LOOP('',(#5039,#5040,#5041,#5042));
#3371=PLANE('',#3372);
#3372=AXIS2_PLACEMENT_3D('',#3373,#3374,#3375);
#3373=CARTESIAN_POINT('',(5.99999999999994,-300.,26.));
#3374=DIRECTION('',(-1.,1.8947806286936E-16,0.));
#3375=DIRECTION('',(0.,0.,1.));
#3376=FACE_BOUND('',#3377,.T.);
#3377=EDGE_LOOP('',(#5043,#5044,#5045,#5046));
#3378=PLANE('',#3379);
#3379=AXIS2_PLACEMENT_3D('',#3380,#3381,#3382);
#3380=CARTESIAN_POINT('',(25.9999999999999,-300.,26.));
#3381=DIRECTION('',(1.77635683940025E-16,-3.36580652894298E-32,-1.));
#3382=DIRECTION('',(-1.,0.,-1.77635683940025E-16));
#3383=FACE_BOUND('',#3384,.T.);
#3384=EDGE_LOOP('',(#5047,#5048,#5049,#5050));
#3385=PLANE('',#3386);
#3386=AXIS2_PLACEMENT_3D('',#3387,#3388,#3389);
#3387=CARTESIAN_POINT('',(25.9999999999999,-300.,30.));
#3388=DIRECTION('',(1.,-1.8947806286936E-16,0.));
#3389=DIRECTION('',(0.,0.,-1.));
#3390=FACE_BOUND('',#3391,.T.);
#3391=EDGE_LOOP('',(#5051,#5052,#5053,#5054));
#3392=PLANE('',#3393);
#3393=AXIS2_PLACEMENT_3D('',#3394,#3395,#3396);
#3394=CARTESIAN_POINT('',(22.9999999999999,-300.,30.));
#3395=DIRECTION('',(0.,0.,1.));
#3396=DIRECTION('',(1.,0.,0.));
#3397=FACE_BOUND('',#3398,.T.);
#3398=EDGE_LOOP('',(#5055,#5056,#5057,#5058));
#3399=PLANE('',#3400);
#3400=AXIS2_PLACEMENT_3D('',#3401,#3402,#3403);
#3401=CARTESIAN_POINT('',(49.9999999999999,-300.,40.));
#3402=DIRECTION('',(1.,-1.8947806286936E-16,0.));
#3403=DIRECTION('',(0.,0.,-1.));
#3404=FACE_BOUND('',#3405,.T.);
#3405=EDGE_LOOP('',(#5059,#5060,#5061,#5062));
#3406=PLANE('',#3407);
#3407=AXIS2_PLACEMENT_3D('',#3408,#3409,#3410);
#3408=CARTESIAN_POINT('',(35.9999999999999,-300.,30.));
#3409=DIRECTION('',(-1.,1.8947806286936E-16,0.));
#3410=DIRECTION('',(0.,0.,1.));
#3411=FACE_BOUND('',#3412,.T.);
#3412=EDGE_LOOP('',(#5063,#5064,#5065,#5066));
#3413=PLANE('',#3414);
#3414=AXIS2_PLACEMENT_3D('',#3415,#3416,#3417);
#3415=CARTESIAN_POINT('',(32.9999999999999,-300.,30.));
#3416=DIRECTION('',(0.,0.,1.));
#3417=DIRECTION('',(1.,0.,0.));
#3418=FACE_BOUND('',#3419,.T.);
#3419=EDGE_LOOP('',(#5067,#5068,#5069,#5070));
#3420=PLANE('',#3421);
#3421=AXIS2_PLACEMENT_3D('',#3422,#3423,#3424);
#3422=CARTESIAN_POINT('',(32.9999999999999,-300.,26.));
#3423=DIRECTION('',(-1.,1.8947806286936E-16,-1.77635683940025E-15));
#3424=DIRECTION('',(-1.77635683940025E-15,0.,1.));
#3425=FACE_BOUND('',#3426,.T.);
#3426=EDGE_LOOP('',(#5071,#5072,#5073,#5074));
#3427=PLANE('',#3428);
#3428=AXIS2_PLACEMENT_3D('',#3429,#3430,#3431);
#3429=CARTESIAN_POINT('',(52.9999999999999,-300.,26.));
#3430=DIRECTION('',(1.77635683940025E-16,-3.36580652894298E-32,-1.));
#3431=DIRECTION('',(-1.,0.,-1.77635683940025E-16));
#3432=FACE_BOUND('',#3433,.T.);
#3433=EDGE_LOOP('',(#5075,#5076,#5077,#5078));
#3434=PLANE('',#3435);
#3435=AXIS2_PLACEMENT_3D('',#3436,#3437,#3438);
#3436=CARTESIAN_POINT('',(52.9999999999999,-300.,30.));
#3437=DIRECTION('',(1.,-1.8947806286936E-16,1.77635683940025E-15));
#3438=DIRECTION('',(1.77635683940025E-15,0.,-1.));
#3439=FACE_BOUND('',#3440,.T.);
#3440=EDGE_LOOP('',(#5079,#5080,#5081,#5082));
#3441=PLANE('',#3442);
#3442=AXIS2_PLACEMENT_3D('',#3443,#3444,#3445);
#3443=CARTESIAN_POINT('',(49.9999999999999,-300.,30.));
#3444=DIRECTION('',(0.,0.,1.));
#3445=DIRECTION('',(1.,0.,0.));
#3446=FACE_BOUND('',#3447,.T.);
#3447=EDGE_LOOP('',(#5083,#5084,#5085,#5086));
#3448=PLANE('',#3449);
#3449=AXIS2_PLACEMENT_3D('',#3450,#3451,#3452);
#3450=CARTESIAN_POINT('',(76.9999999999999,-300.,40.));
#3451=DIRECTION('',(1.,-1.8947806286936E-16,0.));
#3452=DIRECTION('',(0.,0.,-1.));
#3453=FACE_BOUND('',#3454,.T.);
#3454=EDGE_LOOP('',(#5087,#5088,#5089,#5090));
#3455=PLANE('',#3456);
#3456=AXIS2_PLACEMENT_3D('',#3457,#3458,#3459);
#3457=CARTESIAN_POINT('',(62.9999999999999,-300.,30.));
#3458=DIRECTION('',(-1.,1.8947806286936E-16,0.));
#3459=DIRECTION('',(0.,0.,1.));
#3460=FACE_BOUND('',#3461,.T.);
#3461=EDGE_LOOP('',(#5091,#5092,#5093,#5094));
#3462=PLANE('',#3463);
#3463=AXIS2_PLACEMENT_3D('',#3464,#3465,#3466);
#3464=CARTESIAN_POINT('',(59.9999999999999,-300.,30.));
#3465=DIRECTION('',(0.,0.,1.));
#3466=DIRECTION('',(1.,0.,0.));
#3467=FACE_BOUND('',#3468,.T.);
#3468=EDGE_LOOP('',(#5095,#5096,#5097,#5098));
#3469=PLANE('',#3470);
#3470=AXIS2_PLACEMENT_3D('',#3471,#3472,#3473);
#3471=CARTESIAN_POINT('',(59.9999999999999,-300.,26.));
#3472=DIRECTION('',(-1.,1.8947806286936E-16,-1.77635683940025E-15));
#3473=DIRECTION('',(-1.77635683940025E-15,0.,1.));
#3474=FACE_BOUND('',#3475,.T.);
#3475=EDGE_LOOP('',(#5099,#5100,#5101,#5102));
#3476=PLANE('',#3477);
#3477=AXIS2_PLACEMENT_3D('',#3478,#3479,#3480);
#3478=CARTESIAN_POINT('',(79.9999999999999,-300.,26.));
#3479=DIRECTION('',(1.77635683940025E-16,-3.36580652894298E-32,-1.));
#3480=DIRECTION('',(-1.,0.,-1.77635683940025E-16));
#3481=FACE_BOUND('',#3482,.T.);
#3482=EDGE_LOOP('',(#5103,#5104,#5105,#5106));
#3483=PLANE('',#3484);
#3484=AXIS2_PLACEMENT_3D('',#3485,#3486,#3487);
#3485=CARTESIAN_POINT('',(79.9999999999999,-300.,30.));
#3486=DIRECTION('',(1.,-1.8947806286936E-16,0.));
#3487=DIRECTION('',(0.,0.,-1.));
#3488=FACE_BOUND('',#3489,.T.);
#3489=EDGE_LOOP('',(#5107,#5108,#5109,#5110));
#3490=PLANE('',#3491);
#3491=AXIS2_PLACEMENT_3D('',#3492,#3493,#3494);
#3492=CARTESIAN_POINT('',(76.9999999999999,-300.,30.));
#3493=DIRECTION('',(0.,0.,1.));
#3494=DIRECTION('',(1.,0.,0.));
#3495=FACE_BOUND('',#3496,.T.);
#3496=EDGE_LOOP('',(#5111,#5112,#5113,#5114));
#3497=PLANE('',#3498);
#3498=AXIS2_PLACEMENT_3D('',#3499,#3500,#3501);
#3499=CARTESIAN_POINT('',(104.,-300.,40.));
#3500=DIRECTION('',(1.,-1.4210854715202E-16,0.));
#3501=DIRECTION('',(0.,0.,-1.));
#3502=FACE_BOUND('',#3503,.T.);
#3503=EDGE_LOOP('',(#5115,#5116,#5117,#5118));
#3504=PLANE('',#3505);
#3505=AXIS2_PLACEMENT_3D('',#3506,#3507,#3508);
#3506=CARTESIAN_POINT('',(90.,-300.,30.));
#3507=DIRECTION('',(-1.,1.4210854715202E-16,0.));
#3508=DIRECTION('',(0.,0.,1.));
#3509=FACE_BOUND('',#3510,.T.);
#3510=EDGE_LOOP('',(#5119,#5120,#5121,#5122));
#3511=PLANE('',#3512);
#3512=AXIS2_PLACEMENT_3D('',#3513,#3514,#3515);
#3513=CARTESIAN_POINT('',(87.,-300.,30.));
#3514=DIRECTION('',(0.,0.,1.));
#3515=DIRECTION('',(1.,0.,0.));
#3516=FACE_BOUND('',#3517,.T.);
#3517=EDGE_LOOP('',(#5123,#5124,#5125,#5126));
#3518=PLANE('',#3519);
#3519=AXIS2_PLACEMENT_3D('',#3520,#3521,#3522);
#3520=CARTESIAN_POINT('',(87.,-300.,26.));
#3521=DIRECTION('',(-1.,1.4210854715202E-16,0.));
#3522=DIRECTION('',(0.,0.,1.));
#3523=FACE_BOUND('',#3524,.T.);
#3524=EDGE_LOOP('',(#5127,#5128,#5129,#5130));
#3525=PLANE('',#3526);
#3526=AXIS2_PLACEMENT_3D('',#3527,#3528,#3529);
#3527=CARTESIAN_POINT('',(107.,-300.,26.));
#3528=DIRECTION('',(1.77635683940025E-16,-2.52435489670724E-32,-1.));
#3529=DIRECTION('',(-1.,0.,-1.77635683940025E-16));
#3530=FACE_BOUND('',#3531,.T.);
#3531=EDGE_LOOP('',(#5131,#5132,#5133,#5134));
#3532=PLANE('',#3533);
#3533=AXIS2_PLACEMENT_3D('',#3534,#3535,#3536);
#3534=CARTESIAN_POINT('',(107.,-300.,30.));
#3535=DIRECTION('',(1.,-1.4210854715202E-16,0.));
#3536=DIRECTION('',(0.,0.,-1.));
#3537=FACE_BOUND('',#3538,.T.);
#3538=EDGE_LOOP('',(#5135,#5136,#5137,#5138));
#3539=PLANE('',#3540);
#3540=AXIS2_PLACEMENT_3D('',#3541,#3542,#3543);
#3541=CARTESIAN_POINT('',(104.,-300.,30.));
#3542=DIRECTION('',(0.,0.,1.));
#3543=DIRECTION('',(1.,0.,0.));
#3544=FACE_BOUND('',#3545,.T.);
#3545=EDGE_LOOP('',(#5139,#5140,#5141,#5142));
#3546=PLANE('',#3547);
#3547=AXIS2_PLACEMENT_3D('',#3548,#3549,#3550);
#3548=CARTESIAN_POINT('',(131.,-300.,40.));
#3549=DIRECTION('',(1.,-1.4210854715202E-16,0.));
#3550=DIRECTION('',(0.,0.,-1.));
#3551=FACE_BOUND('',#3552,.T.);
#3552=EDGE_LOOP('',(#5143,#5144,#5145,#5146));
#3553=PLANE('',#3554);
#3554=AXIS2_PLACEMENT_3D('',#3555,#3556,#3557);
#3555=CARTESIAN_POINT('',(117.,-300.,30.));
#3556=DIRECTION('',(-1.,1.4210854715202E-16,0.));
#3557=DIRECTION('',(0.,0.,1.));
#3558=FACE_BOUND('',#3559,.T.);
#3559=EDGE_LOOP('',(#5147,#5148,#5149,#5150));
#3560=PLANE('',#3561);
#3561=AXIS2_PLACEMENT_3D('',#3562,#3563,#3564);
#3562=CARTESIAN_POINT('',(114.,-300.,30.));
#3563=DIRECTION('',(0.,0.,1.));
#3564=DIRECTION('',(1.,0.,0.));
#3565=FACE_BOUND('',#3566,.T.);
#3566=EDGE_LOOP('',(#5151,#5152,#5153,#5154));
#3567=PLANE('',#3568);
#3568=AXIS2_PLACEMENT_3D('',#3569,#3570,#3571);
#3569=CARTESIAN_POINT('',(114.,-300.,26.));
#3570=DIRECTION('',(-1.,1.4210854715202E-16,0.));
#3571=DIRECTION('',(0.,0.,1.));
#3572=FACE_BOUND('',#3573,.T.);
#3573=EDGE_LOOP('',(#5155,#5156,#5157,#5158));
#3574=PLANE('',#3575);
#3575=AXIS2_PLACEMENT_3D('',#3576,#3577,#3578);
#3576=CARTESIAN_POINT('',(134.,-300.,26.));
#3577=DIRECTION('',(1.77635683940025E-16,-2.52435489670724E-32,-1.));
#3578=DIRECTION('',(-1.,0.,-1.77635683940025E-16));
#3579=FACE_BOUND('',#3580,.T.);
#3580=EDGE_LOOP('',(#5159,#5160,#5161,#5162));
#3581=PLANE('',#3582);
#3582=AXIS2_PLACEMENT_3D('',#3583,#3584,#3585);
#3583=CARTESIAN_POINT('',(134.,-300.,30.));
#3584=DIRECTION('',(1.,-1.4210854715202E-16,0.));
#3585=DIRECTION('',(0.,0.,-1.));
#3586=FACE_BOUND('',#3587,.T.);
#3587=EDGE_LOOP('',(#5163,#5164,#5165,#5166));
#3588=PLANE('',#3589);
#3589=AXIS2_PLACEMENT_3D('',#3590,#3591,#3592);
#3590=CARTESIAN_POINT('',(131.,-300.,30.));
#3591=DIRECTION('',(0.,0.,1.));
#3592=DIRECTION('',(1.,0.,0.));
#3593=FACE_BOUND('',#3594,.T.);
#3594=EDGE_LOOP('',(#5167,#5168,#5169,#5170));
#3595=PLANE('',#3596);
#3596=AXIS2_PLACEMENT_3D('',#3597,#3598,#3599);
#3597=CARTESIAN_POINT('',(158.,-300.,40.));
#3598=DIRECTION('',(1.,-1.4210854715202E-16,0.));
#3599=DIRECTION('',(0.,0.,-1.));
#3600=FACE_BOUND('',#3601,.T.);
#3601=EDGE_LOOP('',(#5171,#5172,#5173,#5174));
#3602=PLANE('',#3603);
#3603=AXIS2_PLACEMENT_3D('',#3604,#3605,#3606);
#3604=CARTESIAN_POINT('',(144.,-300.,30.));
#3605=DIRECTION('',(-1.,1.4210854715202E-16,0.));
#3606=DIRECTION('',(0.,0.,1.));
#3607=FACE_BOUND('',#3608,.T.);
#3608=EDGE_LOOP('',(#5175,#5176,#5177,#5178));
#3609=PLANE('',#3610);
#3610=AXIS2_PLACEMENT_3D('',#3611,#3612,#3613);
#3611=CARTESIAN_POINT('',(141.,-300.,30.));
#3612=DIRECTION('',(0.,0.,1.));
#3613=DIRECTION('',(1.,0.,0.));
#3614=FACE_BOUND('',#3615,.T.);
#3615=EDGE_LOOP('',(#5179,#5180,#5181,#5182));
#3616=PLANE('',#3617);
#3617=AXIS2_PLACEMENT_3D('',#3618,#3619,#3620);
#3618=CARTESIAN_POINT('',(141.,-300.,26.));
#3619=DIRECTION('',(-1.,1.4210854715202E-16,0.));
#3620=DIRECTION('',(0.,0.,1.));
#3621=FACE_BOUND('',#3622,.T.);
#3622=EDGE_LOOP('',(#5183,#5184,#5185,#5186));
#3623=PLANE('',#3624);
#3624=AXIS2_PLACEMENT_3D('',#3625,#3626,#3627);
#3625=CARTESIAN_POINT('',(161.,-300.,26.));
#3626=DIRECTION('',(1.77635683940025E-16,-2.52435489670724E-32,-1.));
#3627=DIRECTION('',(-1.,0.,-1.77635683940025E-16));
#3628=FACE_BOUND('',#3629,.T.);
#3629=EDGE_LOOP('',(#5187,#5188,#5189,#5190));
#3630=PLANE('',#3631);
#3631=AXIS2_PLACEMENT_3D('',#3632,#3633,#3634);
#3632=CARTESIAN_POINT('',(161.,-300.,30.));
#3633=DIRECTION('',(1.,-1.4210854715202E-16,0.));
#3634=DIRECTION('',(0.,0.,-1.));
#3635=FACE_BOUND('',#3636,.T.);
#3636=EDGE_LOOP('',(#5191,#5192,#5193,#5194));
#3637=PLANE('',#3638);
#3638=AXIS2_PLACEMENT_3D('',#3639,#3640,#3641);
#3639=CARTESIAN_POINT('',(158.,-300.,30.));
#3640=DIRECTION('',(0.,0.,1.));
#3641=DIRECTION('',(1.,0.,0.));
#3642=FACE_BOUND('',#3643,.T.);
#3643=EDGE_LOOP('',(#5195,#5196,#5197,#5198));
#3644=PLANE('',#3645);
#3645=AXIS2_PLACEMENT_3D('',#3646,#3647,#3648);
#3646=CARTESIAN_POINT('',(185.,-300.,40.));
#3647=DIRECTION('',(1.,-1.4210854715202E-16,0.));
#3648=DIRECTION('',(0.,0.,-1.));
#3649=FACE_BOUND('',#3650,.T.);
#3650=EDGE_LOOP('',(#5199,#5200,#5201,#5202));
#3651=PLANE('',#3652);
#3652=AXIS2_PLACEMENT_3D('',#3653,#3654,#3655);
#3653=CARTESIAN_POINT('',(171.,-300.,30.));
#3654=DIRECTION('',(-1.,1.4210854715202E-16,0.));
#3655=DIRECTION('',(0.,0.,1.));
#3656=FACE_BOUND('',#3657,.T.);
#3657=EDGE_LOOP('',(#5203,#5204,#5205,#5206));
#3658=PLANE('',#3659);
#3659=AXIS2_PLACEMENT_3D('',#3660,#3661,#3662);
#3660=CARTESIAN_POINT('',(168.,-300.,30.));
#3661=DIRECTION('',(0.,0.,1.));
#3662=DIRECTION('',(1.,0.,0.));
#3663=FACE_BOUND('',#3664,.T.);
#3664=EDGE_LOOP('',(#5207,#5208,#5209,#5210));
#3665=PLANE('',#3666);
#3666=AXIS2_PLACEMENT_3D('',#3667,#3668,#3669);
#3667=CARTESIAN_POINT('',(168.,-300.,26.));
#3668=DIRECTION('',(-1.,1.4210854715202E-16,0.));
#3669=DIRECTION('',(0.,0.,1.));
#3670=FACE_BOUND('',#3671,.T.);
#3671=EDGE_LOOP('',(#5211,#5212,#5213,#5214));
#3672=PLANE('',#3673);
#3673=AXIS2_PLACEMENT_3D('',#3674,#3675,#3676);
#3674=CARTESIAN_POINT('',(188.,-300.,26.));
#3675=DIRECTION('',(1.77635683940025E-16,-2.52435489670724E-32,-1.));
#3676=DIRECTION('',(-1.,0.,-1.77635683940025E-16));
#3677=FACE_BOUND('',#3678,.T.);
#3678=EDGE_LOOP('',(#5215,#5216,#5217,#5218));
#3679=PLANE('',#3680);
#3680=AXIS2_PLACEMENT_3D('',#3681,#3682,#3683);
#3681=CARTESIAN_POINT('',(188.,-300.,30.));
#3682=DIRECTION('',(1.,-1.4210854715202E-16,0.));
#3683=DIRECTION('',(0.,0.,-1.));
#3684=FACE_BOUND('',#3685,.T.);
#3685=EDGE_LOOP('',(#5219,#5220,#5221,#5222));
#3686=PLANE('',#3687);
#3687=AXIS2_PLACEMENT_3D('',#3688,#3689,#3690);
#3688=CARTESIAN_POINT('',(185.,-300.,30.));
#3689=DIRECTION('',(0.,0.,1.));
#3690=DIRECTION('',(1.,0.,0.));
#3691=FACE_BOUND('',#3692,.T.);
#3692=EDGE_LOOP('',(#5223,#5224,#5225,#5226));
#3693=PLANE('',#3694);
#3694=AXIS2_PLACEMENT_3D('',#3695,#3696,#3697);
#3695=CARTESIAN_POINT('',(212.,-300.,40.));
#3696=DIRECTION('',(1.,-1.4210854715202E-16,0.));
#3697=DIRECTION('',(0.,0.,-1.));
#3698=FACE_BOUND('',#3699,.T.);
#3699=EDGE_LOOP('',(#5227,#5228,#5229,#5230));
#3700=PLANE('',#3701);
#3701=AXIS2_PLACEMENT_3D('',#3702,#3703,#3704);
#3702=CARTESIAN_POINT('',(198.,-300.,30.));
#3703=DIRECTION('',(-1.,1.4210854715202E-16,0.));
#3704=DIRECTION('',(0.,0.,1.));
#3705=FACE_BOUND('',#3706,.T.);
#3706=EDGE_LOOP('',(#5231,#5232,#5233,#5234));
#3707=PLANE('',#3708);
#3708=AXIS2_PLACEMENT_3D('',#3709,#3710,#3711);
#3709=CARTESIAN_POINT('',(195.,-300.,30.));
#3710=DIRECTION('',(0.,0.,1.));
#3711=DIRECTION('',(1.,0.,0.));
#3712=FACE_BOUND('',#3713,.T.);
#3713=EDGE_LOOP('',(#5235,#5236,#5237,#5238));
#3714=PLANE('',#3715);
#3715=AXIS2_PLACEMENT_3D('',#3716,#3717,#3718);
#3716=CARTESIAN_POINT('',(195.,-300.,26.));
#3717=DIRECTION('',(-1.,1.4210854715202E-16,0.));
#3718=DIRECTION('',(0.,0.,1.));
#3719=FACE_BOUND('',#3720,.T.);
#3720=EDGE_LOOP('',(#5239,#5240,#5241,#5242));
#3721=PLANE('',#3722);
#3722=AXIS2_PLACEMENT_3D('',#3723,#3724,#3725);
#3723=CARTESIAN_POINT('',(215.,-300.,26.));
#3724=DIRECTION('',(1.77635683940025E-16,-2.52435489670724E-32,-1.));
#3725=DIRECTION('',(-1.,0.,-1.77635683940025E-16));
#3726=FACE_BOUND('',#3727,.T.);
#3727=EDGE_LOOP('',(#5243,#5244,#5245,#5246));
#3728=PLANE('',#3729);
#3729=AXIS2_PLACEMENT_3D('',#3730,#3731,#3732);
#3730=CARTESIAN_POINT('',(215.,-300.,30.));
#3731=DIRECTION('',(1.,-1.4210854715202E-16,0.));
#3732=DIRECTION('',(0.,0.,-1.));
#3733=FACE_BOUND('',#3734,.T.);
#3734=EDGE_LOOP('',(#5247,#5248,#5249,#5250));
#3735=PLANE('',#3736);
#3736=AXIS2_PLACEMENT_3D('',#3737,#3738,#3739);
#3737=CARTESIAN_POINT('',(212.,-300.,30.));
#3738=DIRECTION('',(0.,0.,1.));
#3739=DIRECTION('',(1.,0.,0.));
#3740=FACE_BOUND('',#3741,.T.);
#3741=EDGE_LOOP('',(#5251,#5252,#5253,#5254));
#3742=PLANE('',#3743);
#3743=AXIS2_PLACEMENT_3D('',#3744,#3745,#3746);
#3744=CARTESIAN_POINT('',(239.,-300.,40.));
#3745=DIRECTION('',(1.,-1.8947806286936E-16,0.));
#3746=DIRECTION('',(0.,0.,-1.));
#3747=FACE_BOUND('',#3748,.T.);
#3748=EDGE_LOOP('',(#5255,#5256,#5257,#5258));
#3749=PLANE('',#3750);
#3750=AXIS2_PLACEMENT_3D('',#3751,#3752,#3753);
#3751=CARTESIAN_POINT('',(225.,-300.,30.));
#3752=DIRECTION('',(-1.,1.8947806286936E-16,0.));
#3753=DIRECTION('',(0.,0.,1.));
#3754=FACE_BOUND('',#3755,.T.);
#3755=EDGE_LOOP('',(#5259,#5260,#5261,#5262));
#3756=PLANE('',#3757);
#3757=AXIS2_PLACEMENT_3D('',#3758,#3759,#3760);
#3758=CARTESIAN_POINT('',(222.,-300.,30.));
#3759=DIRECTION('',(0.,0.,1.));
#3760=DIRECTION('',(1.,0.,0.));
#3761=FACE_BOUND('',#3762,.T.);
#3762=EDGE_LOOP('',(#5263,#5264,#5265,#5266));
#3763=PLANE('',#3764);
#3764=AXIS2_PLACEMENT_3D('',#3765,#3766,#3767);
#3765=CARTESIAN_POINT('',(222.,-300.,26.));
#3766=DIRECTION('',(-1.,1.8947806286936E-16,0.));
#3767=DIRECTION('',(0.,0.,1.));
#3768=FACE_BOUND('',#3769,.T.);
#3769=EDGE_LOOP('',(#5267,#5268,#5269,#5270));
#3770=PLANE('',#3771);
#3771=AXIS2_PLACEMENT_3D('',#3772,#3773,#3774);
#3772=CARTESIAN_POINT('',(242.,-300.,26.));
#3773=DIRECTION('',(1.77635683940025E-16,-3.36580652894298E-32,-1.));
#3774=DIRECTION('',(-1.,0.,-1.77635683940025E-16));
#3775=FACE_BOUND('',#3776,.T.);
#3776=EDGE_LOOP('',(#5271,#5272,#5273,#5274));
#3777=PLANE('',#3778);
#3778=AXIS2_PLACEMENT_3D('',#3779,#3780,#3781);
#3779=CARTESIAN_POINT('',(242.,-300.,30.));
#3780=DIRECTION('',(1.,-1.8947806286936E-16,0.));
#3781=DIRECTION('',(0.,0.,-1.));
#3782=FACE_BOUND('',#3783,.T.);
#3783=EDGE_LOOP('',(#5275,#5276,#5277,#5278));
#3784=PLANE('',#3785);
#3785=AXIS2_PLACEMENT_3D('',#3786,#3787,#3788);
#3786=CARTESIAN_POINT('',(239.,-300.,30.));
#3787=DIRECTION('',(0.,0.,1.));
#3788=DIRECTION('',(1.,0.,0.));
#3789=FACE_BOUND('',#3790,.T.);
#3790=EDGE_LOOP('',(#5279,#5280,#5281,#5282));
#3791=PLANE('',#3792);
#3792=AXIS2_PLACEMENT_3D('',#3793,#3794,#3795);
#3793=CARTESIAN_POINT('',(266.,-300.,40.));
#3794=DIRECTION('',(1.,-1.8947806286936E-16,0.));
#3795=DIRECTION('',(0.,0.,-1.));
#3796=FACE_BOUND('',#3797,.T.);
#3797=EDGE_LOOP('',(#5283,#5284,#5285,#5286));
#3798=PLANE('',#3799);
#3799=AXIS2_PLACEMENT_3D('',#3800,#3801,#3802);
#3800=CARTESIAN_POINT('',(252.,-300.,30.));
#3801=DIRECTION('',(-1.,1.8947806286936E-16,0.));
#3802=DIRECTION('',(0.,0.,1.));
#3803=FACE_BOUND('',#3804,.T.);
#3804=EDGE_LOOP('',(#5287,#5288,#5289,#5290));
#3805=PLANE('',#3806);
#3806=AXIS2_PLACEMENT_3D('',#3807,#3808,#3809);
#3807=CARTESIAN_POINT('',(249.,-300.,30.));
#3808=DIRECTION('',(0.,0.,1.));
#3809=DIRECTION('',(1.,0.,0.));
#3810=FACE_BOUND('',#3811,.T.);
#3811=EDGE_LOOP('',(#5291,#5292,#5293,#5294));
#3812=PLANE('',#3813);
#3813=AXIS2_PLACEMENT_3D('',#3814,#3815,#3816);
#3814=CARTESIAN_POINT('',(249.,-300.,26.));
#3815=DIRECTION('',(-1.,1.8947806286936E-16,0.));
#3816=DIRECTION('',(0.,0.,1.));
#3817=FACE_BOUND('',#3818,.T.);
#3818=EDGE_LOOP('',(#5295,#5296,#5297,#5298));
#3819=PLANE('',#3820);
#3820=AXIS2_PLACEMENT_3D('',#3821,#3822,#3823);
#3821=CARTESIAN_POINT('',(269.,-300.,26.));
#3822=DIRECTION('',(1.77635683940025E-16,-3.36580652894298E-32,-1.));
#3823=DIRECTION('',(-1.,0.,-1.77635683940025E-16));
#3824=FACE_BOUND('',#3825,.T.);
#3825=EDGE_LOOP('',(#5299,#5300,#5301,#5302));
#3826=PLANE('',#3827);
#3827=AXIS2_PLACEMENT_3D('',#3828,#3829,#3830);
#3828=CARTESIAN_POINT('',(269.,-300.,30.));
#3829=DIRECTION('',(1.,-1.8947806286936E-16,0.));
#3830=DIRECTION('',(0.,0.,-1.));
#3831=FACE_BOUND('',#3832,.T.);
#3832=EDGE_LOOP('',(#5303,#5304,#5305,#5306));
#3833=PLANE('',#3834);
#3834=AXIS2_PLACEMENT_3D('',#3835,#3836,#3837);
#3835=CARTESIAN_POINT('',(266.,-300.,30.));
#3836=DIRECTION('',(0.,0.,1.));
#3837=DIRECTION('',(1.,0.,0.));
#3838=FACE_BOUND('',#3839,.T.);
#3839=EDGE_LOOP('',(#5307,#5308,#5309,#5310));
#3840=PLANE('',#3841);
#3841=AXIS2_PLACEMENT_3D('',#3842,#3843,#3844);
#3842=CARTESIAN_POINT('',(293.,-300.,40.));
#3843=DIRECTION('',(1.,-1.8947806286936E-16,0.));
#3844=DIRECTION('',(0.,0.,-1.));
#3845=FACE_BOUND('',#3846,.T.);
#3846=EDGE_LOOP('',(#5311,#5312,#5313,#5314));
#3847=PLANE('',#3848);
#3848=AXIS2_PLACEMENT_3D('',#3849,#3850,#3851);
#3849=CARTESIAN_POINT('',(279.,-300.,30.));
#3850=DIRECTION('',(-1.,1.8947806286936E-16,0.));
#3851=DIRECTION('',(0.,0.,1.));
#3852=FACE_BOUND('',#3853,.T.);
#3853=EDGE_LOOP('',(#5315,#5316,#5317,#5318));
#3854=PLANE('',#3855);
#3855=AXIS2_PLACEMENT_3D('',#3856,#3857,#3858);
#3856=CARTESIAN_POINT('',(276.,-300.,30.));
#3857=DIRECTION('',(0.,0.,1.));
#3858=DIRECTION('',(1.,0.,0.));
#3859=FACE_BOUND('',#3860,.T.);
#3860=EDGE_LOOP('',(#5319,#5320,#5321,#5322));
#3861=PLANE('',#3862);
#3862=AXIS2_PLACEMENT_3D('',#3863,#3864,#3865);
#3863=CARTESIAN_POINT('',(276.,-300.,26.));
#3864=DIRECTION('',(-1.,1.8947806286936E-16,0.));
#3865=DIRECTION('',(0.,0.,1.));
#3866=FACE_BOUND('',#3867,.T.);
#3867=EDGE_LOOP('',(#5323,#5324,#5325,#5326));
#3868=PLANE('',#3869);
#3869=AXIS2_PLACEMENT_3D('',#3870,#3871,#3872);
#3870=CARTESIAN_POINT('',(296.,-300.,26.));
#3871=DIRECTION('',(1.77635683940025E-16,-3.36580652894298E-32,-1.));
#3872=DIRECTION('',(-1.,0.,-1.77635683940025E-16));
#3873=FACE_BOUND('',#3874,.T.);
#3874=EDGE_LOOP('',(#5327,#5328,#5329,#5330));
#3875=PLANE('',#3876);
#3876=AXIS2_PLACEMENT_3D('',#3877,#3878,#3879);
#3877=CARTESIAN_POINT('',(296.,-300.,30.));
#3878=DIRECTION('',(1.,-1.8947806286936E-16,0.));
#3879=DIRECTION('',(0.,0.,-1.));
#3880=FACE_BOUND('',#3881,.T.);
#3881=EDGE_LOOP('',(#5331,#5332,#5333,#5334));
#3882=PLANE('',#3883);
#3883=AXIS2_PLACEMENT_3D('',#3884,#3885,#3886);
#3884=CARTESIAN_POINT('',(293.,-300.,30.));
#3885=DIRECTION('',(0.,0.,1.));
#3886=DIRECTION('',(1.,0.,0.));
#3887=FACE_BOUND('',#3888,.T.);
#3888=EDGE_LOOP('',(#5335,#5336,#5337,#5338));
#3889=PLANE('',#3890);
#3890=AXIS2_PLACEMENT_3D('',#3891,#3892,#3893);
#3891=CARTESIAN_POINT('',(320.,-300.,40.));
#3892=DIRECTION('',(1.,-1.8947806286936E-16,0.));
#3893=DIRECTION('',(0.,0.,-1.));
#3894=FACE_BOUND('',#3895,.T.);
#3895=EDGE_LOOP('',(#5339,#5340,#5341,#5342));
#3896=PLANE('',#3897);
#3897=AXIS2_PLACEMENT_3D('',#3898,#3899,#3900);
#3898=CARTESIAN_POINT('',(306.,-300.,30.));
#3899=DIRECTION('',(-1.,1.8947806286936E-16,0.));
#3900=DIRECTION('',(0.,0.,1.));
#3901=FACE_BOUND('',#3902,.T.);
#3902=EDGE_LOOP('',(#5343,#5344,#5345,#5346));
#3903=PLANE('',#3904);
#3904=AXIS2_PLACEMENT_3D('',#3905,#3906,#3907);
#3905=CARTESIAN_POINT('',(303.,-300.,30.));
#3906=DIRECTION('',(0.,0.,1.));
#3907=DIRECTION('',(1.,0.,0.));
#3908=FACE_BOUND('',#3909,.T.);
#3909=EDGE_LOOP('',(#5347,#5348,#5349,#5350));
#3910=PLANE('',#3911);
#3911=AXIS2_PLACEMENT_3D('',#3912,#3913,#3914);
#3912=CARTESIAN_POINT('',(303.,-300.,26.));
#3913=DIRECTION('',(-1.,1.8947806286936E-16,0.));
#3914=DIRECTION('',(0.,0.,1.));
#3915=FACE_BOUND('',#3916,.T.);
#3916=EDGE_LOOP('',(#5351,#5352,#5353,#5354));
#3917=PLANE('',#3918);
#3918=AXIS2_PLACEMENT_3D('',#3919,#3920,#3921);
#3919=CARTESIAN_POINT('',(323.,-300.,26.));
#3920=DIRECTION('',(1.77635683940025E-16,-3.36580652894298E-32,-1.));
#3921=DIRECTION('',(-1.,0.,-1.77635683940025E-16));
#3922=FACE_BOUND('',#3923,.T.);
#3923=EDGE_LOOP('',(#5355,#5356,#5357,#5358));
#3924=PLANE('',#3925);
#3925=AXIS2_PLACEMENT_3D('',#3926,#3927,#3928);
#3926=CARTESIAN_POINT('',(323.,-300.,30.));
#3927=DIRECTION('',(1.,-1.8947806286936E-16,0.));
#3928=DIRECTION('',(0.,0.,-1.));
#3929=FACE_BOUND('',#3930,.T.);
#3930=EDGE_LOOP('',(#5359,#5360,#5361,#5362));
#3931=PLANE('',#3932);
#3932=AXIS2_PLACEMENT_3D('',#3933,#3934,#3935);
#3933=CARTESIAN_POINT('',(320.,-300.,30.));
#3934=DIRECTION('',(0.,0.,1.));
#3935=DIRECTION('',(1.,0.,0.));
#3936=FACE_BOUND('',#3937,.T.);
#3937=EDGE_LOOP('',(#5363,#5364,#5365,#5366));
#3938=PLANE('',#3939);
#3939=AXIS2_PLACEMENT_3D('',#3940,#3941,#3942);
#3940=CARTESIAN_POINT('',(-360.,300.,-40.));
#3941=DIRECTION('',(-1.,1.8947806286936E-16,0.));
#3942=DIRECTION('',(-1.8947806286936E-16,-1.,0.));
#3943=FACE_BOUND('',#3944,.T.);
#3944=EDGE_LOOP('',(#5367,#5368,#5369,#5370));
#3945=PLANE('',#3946);
#3946=AXIS2_PLACEMENT_3D('',#3947,#3948,#3949);
#3947=CARTESIAN_POINT('',(0.,0.,-40.));
#3948=DIRECTION('',(0.,0.,1.));
#3949=DIRECTION('',(-1.,1.22464679914735E-16,0.));
#3950=FACE_BOUND('',#3951,.T.);
#3951=EDGE_LOOP('',(#5371,#5372,#5373,#5374));
#3952=PLANE('',#3953);
#3953=AXIS2_PLACEMENT_3D('',#3954,#3955,#3956);
#3954=CARTESIAN_POINT('',(360.,-300.,-40.));
#3955=DIRECTION('',(1.,-1.8947806286936E-16,0.));
#3956=DIRECTION('',(1.8947806286936E-16,1.,0.));
#3957=FACE_BOUND('',#3958,.T.);
#3958=EDGE_LOOP('',(#5375,#5376,#5377,#5378));
#3959=PLANE('',#3960);
#3960=AXIS2_PLACEMENT_3D('',#3961,#3962,#3963);
#3961=CARTESIAN_POINT('',(0.,0.,40.));
#3962=DIRECTION('',(0.,0.,1.));
#3963=DIRECTION('',(-1.,1.22464679914735E-16,0.));
#3964=FACE_BOUND('',#3965,.T.);
#3965=EDGE_LOOP('',(#5379,#5380,#5381,#5382));
#3966=PLANE('',#3967);
#3967=AXIS2_PLACEMENT_3D('',#3968,#3969,#3970);
#3968=CARTESIAN_POINT('',(347.,-300.,40.));
#3969=DIRECTION('',(1.,-1.8947806286936E-16,0.));
#3970=DIRECTION('',(0.,0.,-1.));
#3971=FACE_BOUND('',#3972,.T.);
#3972=EDGE_LOOP('',(#5383,#5384,#5385,#5386));
#3973=PLANE('',#3974);
#3974=AXIS2_PLACEMENT_3D('',#3975,#3976,#3977);
#3975=CARTESIAN_POINT('',(347.,-300.,30.));
#3976=DIRECTION('',(0.,0.,1.));
#3977=DIRECTION('',(1.,0.,0.));
#3978=FACE_BOUND('',#3979,.T.);
#3979=EDGE_LOOP('',(#5387,#5388,#5389,#5390));
#3980=PLANE('',#3981);
#3981=AXIS2_PLACEMENT_3D('',#3982,#3983,#3984);
#3982=CARTESIAN_POINT('',(350.,-300.,30.));
#3983=DIRECTION('',(1.,-1.8947806286936E-16,0.));
#3984=DIRECTION('',(0.,0.,-1.));
#3985=FACE_BOUND('',#3986,.T.);
#3986=EDGE_LOOP('',(#5391,#5392,#5393,#5394));
#3987=PLANE('',#3988);
#3988=AXIS2_PLACEMENT_3D('',#3989,#3990,#3991);
#3989=CARTESIAN_POINT('',(350.,-300.,26.));
#3990=DIRECTION('',(1.77635683940025E-16,-3.36580652894298E-32,-1.));
#3991=DIRECTION('',(-1.,0.,-1.77635683940025E-16));
#3992=FACE_BOUND('',#3993,.T.);
#3993=EDGE_LOOP('',(#5395,#5396,#5397,#5398));
#3994=PLANE('',#3995);
#3995=AXIS2_PLACEMENT_3D('',#3996,#3997,#3998);
#3996=CARTESIAN_POINT('',(330.,-300.,26.));
#3997=DIRECTION('',(-1.,1.8947806286936E-16,0.));
#3998=DIRECTION('',(0.,0.,1.));
#3999=FACE_BOUND('',#4000,.T.);
#4000=EDGE_LOOP('',(#5399,#5400,#5401,#5402));
#4001=PLANE('',#4002);
#4002=AXIS2_PLACEMENT_3D('',#4003,#4004,#4005);
#4003=CARTESIAN_POINT('',(330.,-300.,30.));
#4004=DIRECTION('',(0.,0.,1.));
#4005=DIRECTION('',(1.,0.,0.));
#4006=FACE_BOUND('',#4007,.T.);
#4007=EDGE_LOOP('',(#5403,#5404,#5405,#5406));
#4008=PLANE('',#4009);
#4009=AXIS2_PLACEMENT_3D('',#4010,#4011,#4012);
#4010=CARTESIAN_POINT('',(333.,-300.,30.));
#4011=DIRECTION('',(-1.,1.8947806286936E-16,0.));
#4012=DIRECTION('',(0.,0.,1.));
#4013=FACE_BOUND('',#4014,.T.);
#4014=EDGE_LOOP('',(#5407));
#4015=PLANE('',#4016);
#4016=AXIS2_PLACEMENT_3D('',#4017,#4018,#4019);
#4017=CARTESIAN_POINT('',(1.10218211923262E-13,-3.67394039744206E-14,600.));
#4018=DIRECTION('',(1.83697019872103E-16,-6.12323399573677E-17,1.));
#4019=DIRECTION('',(-1.12481983699639E-32,-1.,-6.12323399573677E-17));
#4020=FACE_OUTER_BOUND('',#4021,.T.);
#4021=EDGE_LOOP('',(#5408));
#4022=FACE_OUTER_BOUND('',#4023,.T.);
#4023=EDGE_LOOP('',(#5409));
#4024=CYLINDRICAL_SURFACE('',#4025,135.);
#4025=AXIS2_PLACEMENT_3D('',#4026,#4027,#4028);
#4026=CARTESIAN_POINT('',(1.74994914386025E-14,-5.83316381286749E-15,95.2627944143368));
#4027=DIRECTION('',(1.83697019872103E-16,-6.12323399573677E-17,1.));
#4028=DIRECTION('',(9.75467215166154E-32,-1.,-6.12323399573677E-17));
#4029=FACE_OUTER_BOUND('',#4030,.T.);
#4030=EDGE_LOOP('',(#5410));
#4031=FACE_OUTER_BOUND('',#4032,.T.);
#4032=EDGE_LOOP('',(#5411));
#4033=CONICAL_SURFACE('',#4034,107.5,0.523598775607169);
#4034=AXIS2_PLACEMENT_3D('',#4035,#4036,#4037);
#4035=CARTESIAN_POINT('',(8.74974571930123E-15,-2.91658190643375E-15,47.6313972071684));
#4036=DIRECTION('',(1.83697019872103E-16,-6.12323399573677E-17,1.));
#4037=DIRECTION('',(1.46523982674238E-31,-1.,-6.12323399573677E-17));
#4038=FACE_BOUND('',#4039,.T.);
#4039=EDGE_LOOP('',(#5412));
#4040=PLANE('',#4041);
#4041=AXIS2_PLACEMENT_3D('',#4042,#4043,#4044);
#4042=CARTESIAN_POINT('',(-1.26217744835362E-29,0.,0.));
#4043=DIRECTION('',(-1.83697019872103E-16,6.12323399573677E-17,-1.));
#4044=DIRECTION('',(1.46523982674238E-31,-1.,-6.12323399573677E-17));
#4045=ORIENTED_EDGE('',*,*,#5413,.F.);
#4046=ORIENTED_EDGE('',*,*,#5414,.F.);
#4047=ORIENTED_EDGE('',*,*,#5415,.F.);
#4048=ORIENTED_EDGE('',*,*,#5416,.T.);
#4049=ORIENTED_EDGE('',*,*,#5417,.F.);
#4050=ORIENTED_EDGE('',*,*,#5418,.F.);
#4051=ORIENTED_EDGE('',*,*,#5413,.T.);
#4052=ORIENTED_EDGE('',*,*,#5419,.F.);
#4053=ORIENTED_EDGE('',*,*,#5414,.T.);
#4054=ORIENTED_EDGE('',*,*,#5418,.T.);
#4055=ORIENTED_EDGE('',*,*,#5420,.T.);
#4056=ORIENTED_EDGE('',*,*,#5421,.F.);
#4057=ORIENTED_EDGE('',*,*,#5422,.F.);
#4058=ORIENTED_EDGE('',*,*,#5423,.T.);
#4059=ORIENTED_EDGE('',*,*,#5424,.T.);
#4060=ORIENTED_EDGE('',*,*,#5415,.T.);
#4061=ORIENTED_EDGE('',*,*,#5422,.T.);
#4062=ORIENTED_EDGE('',*,*,#5425,.F.);
#4063=ORIENTED_EDGE('',*,*,#5426,.F.);
#4064=ORIENTED_EDGE('',*,*,#5416,.F.);
#4065=ORIENTED_EDGE('',*,*,#5424,.F.);
#4066=ORIENTED_EDGE('',*,*,#5427,.T.);
#4067=ORIENTED_EDGE('',*,*,#5428,.T.);
#4068=ORIENTED_EDGE('',*,*,#5429,.T.);
#4069=ORIENTED_EDGE('',*,*,#5430,.T.);
#4070=ORIENTED_EDGE('',*,*,#5431,.F.);
#4071=ORIENTED_EDGE('',*,*,#5420,.F.);
#4072=ORIENTED_EDGE('',*,*,#5417,.T.);
#4073=ORIENTED_EDGE('',*,*,#5428,.F.);
#4074=ORIENTED_EDGE('',*,*,#5419,.T.);
#4075=ORIENTED_EDGE('',*,*,#5432,.T.);
#4076=ORIENTED_EDGE('',*,*,#5425,.T.);
#4077=ORIENTED_EDGE('',*,*,#5421,.T.);
#4078=ORIENTED_EDGE('',*,*,#5431,.T.);
#4079=ORIENTED_EDGE('',*,*,#5429,.F.);
#4080=ORIENTED_EDGE('',*,*,#5427,.F.);
#4081=ORIENTED_EDGE('',*,*,#5423,.F.);
#4082=ORIENTED_EDGE('',*,*,#5433,.T.);
#4083=ORIENTED_EDGE('',*,*,#5434,.T.);
#4084=ORIENTED_EDGE('',*,*,#5435,.T.);
#4085=ORIENTED_EDGE('',*,*,#5436,.T.);
#4086=ORIENTED_EDGE('',*,*,#5437,.T.);
#4087=ORIENTED_EDGE('',*,*,#5438,.F.);
#4088=ORIENTED_EDGE('',*,*,#5439,.F.);
#4089=ORIENTED_EDGE('',*,*,#5440,.F.);
#4090=ORIENTED_EDGE('',*,*,#5441,.F.);
#4091=ORIENTED_EDGE('',*,*,#5442,.T.);
#4092=ORIENTED_EDGE('',*,*,#5443,.T.);
#4093=ORIENTED_EDGE('',*,*,#5433,.F.);
#4094=ORIENTED_EDGE('',*,*,#5426,.T.);
#4095=ORIENTED_EDGE('',*,*,#5432,.F.);
#4096=ORIENTED_EDGE('',*,*,#5430,.F.);
#4097=ORIENTED_EDGE('',*,*,#5437,.F.);
#4098=ORIENTED_EDGE('',*,*,#5444,.F.);
#4099=ORIENTED_EDGE('',*,*,#5445,.T.);
#4100=ORIENTED_EDGE('',*,*,#5446,.T.);
#4101=ORIENTED_EDGE('',*,*,#5434,.F.);
#4102=ORIENTED_EDGE('',*,*,#5443,.F.);
#4103=ORIENTED_EDGE('',*,*,#5447,.T.);
#4104=ORIENTED_EDGE('',*,*,#5448,.T.);
#4105=ORIENTED_EDGE('',*,*,#5435,.F.);
#4106=ORIENTED_EDGE('',*,*,#5446,.F.);
#4107=ORIENTED_EDGE('',*,*,#5449,.T.);
#4108=ORIENTED_EDGE('',*,*,#5444,.T.);
#4109=ORIENTED_EDGE('',*,*,#5436,.F.);
#4110=ORIENTED_EDGE('',*,*,#5448,.F.);
#4111=ORIENTED_EDGE('',*,*,#5438,.T.);
#4112=ORIENTED_EDGE('',*,*,#5450,.T.);
#4113=ORIENTED_EDGE('',*,*,#5451,.F.);
#4114=ORIENTED_EDGE('',*,*,#5452,.F.);
#4115=ORIENTED_EDGE('',*,*,#5439,.T.);
#4116=ORIENTED_EDGE('',*,*,#5452,.T.);
#4117=ORIENTED_EDGE('',*,*,#5453,.F.);
#4118=ORIENTED_EDGE('',*,*,#5454,.F.);
#4119=ORIENTED_EDGE('',*,*,#5440,.T.);
#4120=ORIENTED_EDGE('',*,*,#5454,.T.);
#4121=ORIENTED_EDGE('',*,*,#5455,.F.);
#4122=ORIENTED_EDGE('',*,*,#5456,.F.);
#4123=ORIENTED_EDGE('',*,*,#5441,.T.);
#4124=ORIENTED_EDGE('',*,*,#5456,.T.);
#4125=ORIENTED_EDGE('',*,*,#5457,.F.);
#4126=ORIENTED_EDGE('',*,*,#5450,.F.);
#4127=ORIENTED_EDGE('',*,*,#5442,.F.);
#4128=ORIENTED_EDGE('',*,*,#5449,.F.);
#4129=ORIENTED_EDGE('',*,*,#5447,.F.);
#4130=ORIENTED_EDGE('',*,*,#5445,.F.);
#4131=ORIENTED_EDGE('',*,*,#5451,.T.);
#4132=ORIENTED_EDGE('',*,*,#5457,.T.);
#4133=ORIENTED_EDGE('',*,*,#5455,.T.);
#4134=ORIENTED_EDGE('',*,*,#5453,.T.);
#4135=ORIENTED_EDGE('',*,*,#5458,.T.);
#4136=ORIENTED_EDGE('',*,*,#5459,.T.);
#4137=ORIENTED_EDGE('',*,*,#5460,.T.);
#4138=ORIENTED_EDGE('',*,*,#5461,.T.);
#4139=ORIENTED_EDGE('',*,*,#5462,.T.);
#4140=ORIENTED_EDGE('',*,*,#5463,.T.);
#4141=ORIENTED_EDGE('',*,*,#5464,.F.);
#4142=ORIENTED_EDGE('',*,*,#5465,.T.);
#4143=ORIENTED_EDGE('',*,*,#5466,.T.);
#4144=ORIENTED_EDGE('',*,*,#5467,.T.);
#4145=ORIENTED_EDGE('',*,*,#5468,.T.);
#4146=ORIENTED_EDGE('',*,*,#5469,.T.);
#4147=ORIENTED_EDGE('',*,*,#5470,.T.);
#4148=ORIENTED_EDGE('',*,*,#5471,.T.);
#4149=ORIENTED_EDGE('',*,*,#5472,.F.);
#4150=ORIENTED_EDGE('',*,*,#5473,.T.);
#4151=ORIENTED_EDGE('',*,*,#5474,.T.);
#4152=ORIENTED_EDGE('',*,*,#5475,.T.);
#4153=ORIENTED_EDGE('',*,*,#5476,.T.);
#4154=ORIENTED_EDGE('',*,*,#5477,.T.);
#4155=ORIENTED_EDGE('',*,*,#5478,.T.);
#4156=ORIENTED_EDGE('',*,*,#5479,.T.);
#4157=ORIENTED_EDGE('',*,*,#5480,.F.);
#4158=ORIENTED_EDGE('',*,*,#5481,.T.);
#4159=ORIENTED_EDGE('',*,*,#5482,.T.);
#4160=ORIENTED_EDGE('',*,*,#5483,.T.);
#4161=ORIENTED_EDGE('',*,*,#5484,.T.);
#4162=ORIENTED_EDGE('',*,*,#5485,.T.);
#4163=ORIENTED_EDGE('',*,*,#5486,.T.);
#4164=ORIENTED_EDGE('',*,*,#5487,.T.);
#4165=ORIENTED_EDGE('',*,*,#5488,.F.);
#4166=ORIENTED_EDGE('',*,*,#5489,.T.);
#4167=ORIENTED_EDGE('',*,*,#5490,.T.);
#4168=ORIENTED_EDGE('',*,*,#5491,.T.);
#4169=ORIENTED_EDGE('',*,*,#5492,.T.);
#4170=ORIENTED_EDGE('',*,*,#5493,.T.);
#4171=ORIENTED_EDGE('',*,*,#5494,.T.);
#4172=ORIENTED_EDGE('',*,*,#5495,.T.);
#4173=ORIENTED_EDGE('',*,*,#5496,.F.);
#4174=ORIENTED_EDGE('',*,*,#5497,.T.);
#4175=ORIENTED_EDGE('',*,*,#5498,.T.);
#4176=ORIENTED_EDGE('',*,*,#5499,.T.);
#4177=ORIENTED_EDGE('',*,*,#5500,.T.);
#4178=ORIENTED_EDGE('',*,*,#5501,.T.);
#4179=ORIENTED_EDGE('',*,*,#5502,.T.);
#4180=ORIENTED_EDGE('',*,*,#5503,.T.);
#4181=ORIENTED_EDGE('',*,*,#5504,.F.);
#4182=ORIENTED_EDGE('',*,*,#5505,.T.);
#4183=ORIENTED_EDGE('',*,*,#5506,.T.);
#4184=ORIENTED_EDGE('',*,*,#5507,.T.);
#4185=ORIENTED_EDGE('',*,*,#5508,.T.);
#4186=ORIENTED_EDGE('',*,*,#5509,.T.);
#4187=ORIENTED_EDGE('',*,*,#5510,.T.);
#4188=ORIENTED_EDGE('',*,*,#5511,.T.);
#4189=ORIENTED_EDGE('',*,*,#5512,.F.);
#4190=ORIENTED_EDGE('',*,*,#5513,.T.);
#4191=ORIENTED_EDGE('',*,*,#5514,.T.);
#4192=ORIENTED_EDGE('',*,*,#5515,.T.);
#4193=ORIENTED_EDGE('',*,*,#5516,.T.);
#4194=ORIENTED_EDGE('',*,*,#5517,.T.);
#4195=ORIENTED_EDGE('',*,*,#5518,.T.);
#4196=ORIENTED_EDGE('',*,*,#5519,.T.);
#4197=ORIENTED_EDGE('',*,*,#5520,.F.);
#4198=ORIENTED_EDGE('',*,*,#5521,.T.);
#4199=ORIENTED_EDGE('',*,*,#5522,.T.);
#4200=ORIENTED_EDGE('',*,*,#5523,.T.);
#4201=ORIENTED_EDGE('',*,*,#5524,.T.);
#4202=ORIENTED_EDGE('',*,*,#5525,.T.);
#4203=ORIENTED_EDGE('',*,*,#5526,.T.);
#4204=ORIENTED_EDGE('',*,*,#5527,.T.);
#4205=ORIENTED_EDGE('',*,*,#5528,.F.);
#4206=ORIENTED_EDGE('',*,*,#5529,.T.);
#4207=ORIENTED_EDGE('',*,*,#5530,.T.);
#4208=ORIENTED_EDGE('',*,*,#5531,.T.);
#4209=ORIENTED_EDGE('',*,*,#5532,.T.);
#4210=ORIENTED_EDGE('',*,*,#5533,.T.);
#4211=ORIENTED_EDGE('',*,*,#5534,.T.);
#4212=ORIENTED_EDGE('',*,*,#5535,.T.);
#4213=ORIENTED_EDGE('',*,*,#5536,.F.);
#4214=ORIENTED_EDGE('',*,*,#5537,.T.);
#4215=ORIENTED_EDGE('',*,*,#5538,.T.);
#4216=ORIENTED_EDGE('',*,*,#5539,.T.);
#4217=ORIENTED_EDGE('',*,*,#5540,.T.);
#4218=ORIENTED_EDGE('',*,*,#5541,.T.);
#4219=ORIENTED_EDGE('',*,*,#5542,.T.);
#4220=ORIENTED_EDGE('',*,*,#5543,.T.);
#4221=ORIENTED_EDGE('',*,*,#5544,.F.);
#4222=ORIENTED_EDGE('',*,*,#5545,.T.);
#4223=ORIENTED_EDGE('',*,*,#5546,.T.);
#4224=ORIENTED_EDGE('',*,*,#5547,.T.);
#4225=ORIENTED_EDGE('',*,*,#5548,.T.);
#4226=ORIENTED_EDGE('',*,*,#5549,.T.);
#4227=ORIENTED_EDGE('',*,*,#5550,.T.);
#4228=ORIENTED_EDGE('',*,*,#5551,.T.);
#4229=ORIENTED_EDGE('',*,*,#5552,.F.);
#4230=ORIENTED_EDGE('',*,*,#5553,.T.);
#4231=ORIENTED_EDGE('',*,*,#5554,.T.);
#4232=ORIENTED_EDGE('',*,*,#5555,.T.);
#4233=ORIENTED_EDGE('',*,*,#5556,.T.);
#4234=ORIENTED_EDGE('',*,*,#5557,.T.);
#4235=ORIENTED_EDGE('',*,*,#5558,.T.);
#4236=ORIENTED_EDGE('',*,*,#5559,.T.);
#4237=ORIENTED_EDGE('',*,*,#5560,.F.);
#4238=ORIENTED_EDGE('',*,*,#5561,.T.);
#4239=ORIENTED_EDGE('',*,*,#5562,.T.);
#4240=ORIENTED_EDGE('',*,*,#5563,.T.);
#4241=ORIENTED_EDGE('',*,*,#5564,.T.);
#4242=ORIENTED_EDGE('',*,*,#5565,.T.);
#4243=ORIENTED_EDGE('',*,*,#5566,.T.);
#4244=ORIENTED_EDGE('',*,*,#5567,.T.);
#4245=ORIENTED_EDGE('',*,*,#5568,.F.);
#4246=ORIENTED_EDGE('',*,*,#5569,.T.);
#4247=ORIENTED_EDGE('',*,*,#5570,.T.);
#4248=ORIENTED_EDGE('',*,*,#5571,.T.);
#4249=ORIENTED_EDGE('',*,*,#5572,.T.);
#4250=ORIENTED_EDGE('',*,*,#5573,.T.);
#4251=ORIENTED_EDGE('',*,*,#5574,.T.);
#4252=ORIENTED_EDGE('',*,*,#5575,.T.);
#4253=ORIENTED_EDGE('',*,*,#5576,.F.);
#4254=ORIENTED_EDGE('',*,*,#5577,.T.);
#4255=ORIENTED_EDGE('',*,*,#5578,.T.);
#4256=ORIENTED_EDGE('',*,*,#5579,.T.);
#4257=ORIENTED_EDGE('',*,*,#5580,.T.);
#4258=ORIENTED_EDGE('',*,*,#5581,.T.);
#4259=ORIENTED_EDGE('',*,*,#5582,.T.);
#4260=ORIENTED_EDGE('',*,*,#5583,.T.);
#4261=ORIENTED_EDGE('',*,*,#5584,.F.);
#4262=ORIENTED_EDGE('',*,*,#5585,.T.);
#4263=ORIENTED_EDGE('',*,*,#5586,.T.);
#4264=ORIENTED_EDGE('',*,*,#5587,.T.);
#4265=ORIENTED_EDGE('',*,*,#5588,.T.);
#4266=ORIENTED_EDGE('',*,*,#5589,.T.);
#4267=ORIENTED_EDGE('',*,*,#5590,.T.);
#4268=ORIENTED_EDGE('',*,*,#5591,.T.);
#4269=ORIENTED_EDGE('',*,*,#5592,.F.);
#4270=ORIENTED_EDGE('',*,*,#5593,.T.);
#4271=ORIENTED_EDGE('',*,*,#5594,.T.);
#4272=ORIENTED_EDGE('',*,*,#5595,.T.);
#4273=ORIENTED_EDGE('',*,*,#5596,.T.);
#4274=ORIENTED_EDGE('',*,*,#5597,.T.);
#4275=ORIENTED_EDGE('',*,*,#5598,.T.);
#4276=ORIENTED_EDGE('',*,*,#5599,.T.);
#4277=ORIENTED_EDGE('',*,*,#5600,.F.);
#4278=ORIENTED_EDGE('',*,*,#5601,.T.);
#4279=ORIENTED_EDGE('',*,*,#5602,.T.);
#4280=ORIENTED_EDGE('',*,*,#5603,.T.);
#4281=ORIENTED_EDGE('',*,*,#5604,.T.);
#4282=ORIENTED_EDGE('',*,*,#5605,.T.);
#4283=ORIENTED_EDGE('',*,*,#5606,.T.);
#4284=ORIENTED_EDGE('',*,*,#5607,.T.);
#4285=ORIENTED_EDGE('',*,*,#5608,.F.);
#4286=ORIENTED_EDGE('',*,*,#5609,.T.);
#4287=ORIENTED_EDGE('',*,*,#5610,.T.);
#4288=ORIENTED_EDGE('',*,*,#5611,.T.);
#4289=ORIENTED_EDGE('',*,*,#5612,.T.);
#4290=ORIENTED_EDGE('',*,*,#5613,.T.);
#4291=ORIENTED_EDGE('',*,*,#5614,.T.);
#4292=ORIENTED_EDGE('',*,*,#5615,.T.);
#4293=ORIENTED_EDGE('',*,*,#5616,.F.);
#4294=ORIENTED_EDGE('',*,*,#5617,.T.);
#4295=ORIENTED_EDGE('',*,*,#5618,.T.);
#4296=ORIENTED_EDGE('',*,*,#5619,.T.);
#4297=ORIENTED_EDGE('',*,*,#5620,.T.);
#4298=ORIENTED_EDGE('',*,*,#5621,.T.);
#4299=ORIENTED_EDGE('',*,*,#5622,.T.);
#4300=ORIENTED_EDGE('',*,*,#5623,.T.);
#4301=ORIENTED_EDGE('',*,*,#5624,.F.);
#4302=ORIENTED_EDGE('',*,*,#5625,.T.);
#4303=ORIENTED_EDGE('',*,*,#5626,.T.);
#4304=ORIENTED_EDGE('',*,*,#5627,.T.);
#4305=ORIENTED_EDGE('',*,*,#5628,.T.);
#4306=ORIENTED_EDGE('',*,*,#5629,.T.);
#4307=ORIENTED_EDGE('',*,*,#5630,.T.);
#4308=ORIENTED_EDGE('',*,*,#5631,.T.);
#4309=ORIENTED_EDGE('',*,*,#5632,.F.);
#4310=ORIENTED_EDGE('',*,*,#5633,.T.);
#4311=ORIENTED_EDGE('',*,*,#5634,.T.);
#4312=ORIENTED_EDGE('',*,*,#5635,.T.);
#4313=ORIENTED_EDGE('',*,*,#5636,.T.);
#4314=ORIENTED_EDGE('',*,*,#5637,.T.);
#4315=ORIENTED_EDGE('',*,*,#5638,.T.);
#4316=ORIENTED_EDGE('',*,*,#5639,.T.);
#4317=ORIENTED_EDGE('',*,*,#5640,.F.);
#4318=ORIENTED_EDGE('',*,*,#5641,.T.);
#4319=ORIENTED_EDGE('',*,*,#5642,.T.);
#4320=ORIENTED_EDGE('',*,*,#5643,.T.);
#4321=ORIENTED_EDGE('',*,*,#5644,.T.);
#4322=ORIENTED_EDGE('',*,*,#5645,.T.);
#4323=ORIENTED_EDGE('',*,*,#5646,.T.);
#4324=ORIENTED_EDGE('',*,*,#5647,.T.);
#4325=ORIENTED_EDGE('',*,*,#5648,.F.);
#4326=ORIENTED_EDGE('',*,*,#5649,.T.);
#4327=ORIENTED_EDGE('',*,*,#5650,.T.);
#4328=ORIENTED_EDGE('',*,*,#5651,.T.);
#4329=ORIENTED_EDGE('',*,*,#5652,.T.);
#4330=ORIENTED_EDGE('',*,*,#5653,.T.);
#4331=ORIENTED_EDGE('',*,*,#5654,.T.);
#4332=ORIENTED_EDGE('',*,*,#5655,.T.);
#4333=ORIENTED_EDGE('',*,*,#5656,.F.);
#4334=ORIENTED_EDGE('',*,*,#5657,.F.);
#4335=ORIENTED_EDGE('',*,*,#5658,.T.);
#4336=ORIENTED_EDGE('',*,*,#5659,.T.);
#4337=ORIENTED_EDGE('',*,*,#5660,.F.);
#4338=ORIENTED_EDGE('',*,*,#5661,.T.);
#4339=ORIENTED_EDGE('',*,*,#5662,.T.);
#4340=ORIENTED_EDGE('',*,*,#5663,.T.);
#4341=ORIENTED_EDGE('',*,*,#5664,.T.);
#4342=ORIENTED_EDGE('',*,*,#5665,.T.);
#4343=ORIENTED_EDGE('',*,*,#5666,.T.);
#4344=ORIENTED_EDGE('',*,*,#5667,.T.);
#4345=ORIENTED_EDGE('',*,*,#5668,.F.);
#4346=ORIENTED_EDGE('',*,*,#5669,.T.);
#4347=ORIENTED_EDGE('',*,*,#5670,.T.);
#4348=ORIENTED_EDGE('',*,*,#5671,.T.);
#4349=ORIENTED_EDGE('',*,*,#5672,.F.);
#4350=ORIENTED_EDGE('',*,*,#5673,.T.);
#4351=ORIENTED_EDGE('',*,*,#5674,.T.);
#4352=ORIENTED_EDGE('',*,*,#5675,.T.);
#4353=ORIENTED_EDGE('',*,*,#5676,.T.);
#4354=ORIENTED_EDGE('',*,*,#5677,.T.);
#4355=ORIENTED_EDGE('',*,*,#5678,.T.);
#4356=ORIENTED_EDGE('',*,*,#5679,.T.);
#4357=ORIENTED_EDGE('',*,*,#5680,.F.);
#4358=ORIENTED_EDGE('',*,*,#5681,.F.);
#4359=ORIENTED_EDGE('',*,*,#5682,.T.);
#4360=ORIENTED_EDGE('',*,*,#5683,.T.);
#4361=ORIENTED_EDGE('',*,*,#5684,.F.);
#4362=ORIENTED_EDGE('',*,*,#5685,.T.);
#4363=ORIENTED_EDGE('',*,*,#5686,.T.);
#4364=ORIENTED_EDGE('',*,*,#5687,.T.);
#4365=ORIENTED_EDGE('',*,*,#5688,.T.);
#4366=ORIENTED_EDGE('',*,*,#5689,.T.);
#4367=ORIENTED_EDGE('',*,*,#5690,.T.);
#4368=ORIENTED_EDGE('',*,*,#5691,.T.);
#4369=ORIENTED_EDGE('',*,*,#5692,.F.);
#4370=ORIENTED_EDGE('',*,*,#5693,.T.);
#4371=ORIENTED_EDGE('',*,*,#5694,.T.);
#4372=ORIENTED_EDGE('',*,*,#5695,.T.);
#4373=ORIENTED_EDGE('',*,*,#5696,.T.);
#4374=ORIENTED_EDGE('',*,*,#5697,.T.);
#4375=ORIENTED_EDGE('',*,*,#5698,.T.);
#4376=ORIENTED_EDGE('',*,*,#5699,.T.);
#4377=ORIENTED_EDGE('',*,*,#5700,.F.);
#4378=ORIENTED_EDGE('',*,*,#5701,.T.);
#4379=ORIENTED_EDGE('',*,*,#5702,.T.);
#4380=ORIENTED_EDGE('',*,*,#5703,.T.);
#4381=ORIENTED_EDGE('',*,*,#5704,.T.);
#4382=ORIENTED_EDGE('',*,*,#5705,.T.);
#4383=ORIENTED_EDGE('',*,*,#5706,.T.);
#4384=ORIENTED_EDGE('',*,*,#5707,.T.);
#4385=ORIENTED_EDGE('',*,*,#5708,.F.);
#4386=ORIENTED_EDGE('',*,*,#5709,.T.);
#4387=ORIENTED_EDGE('',*,*,#5710,.T.);
#4388=ORIENTED_EDGE('',*,*,#5711,.T.);
#4389=ORIENTED_EDGE('',*,*,#5712,.T.);
#4390=ORIENTED_EDGE('',*,*,#5713,.T.);
#4391=ORIENTED_EDGE('',*,*,#5714,.T.);
#4392=ORIENTED_EDGE('',*,*,#5715,.T.);
#4393=ORIENTED_EDGE('',*,*,#5716,.F.);
#4394=ORIENTED_EDGE('',*,*,#5717,.T.);
#4395=ORIENTED_EDGE('',*,*,#5718,.T.);
#4396=ORIENTED_EDGE('',*,*,#5719,.T.);
#4397=ORIENTED_EDGE('',*,*,#5720,.T.);
#4398=ORIENTED_EDGE('',*,*,#5721,.T.);
#4399=ORIENTED_EDGE('',*,*,#5722,.T.);
#4400=ORIENTED_EDGE('',*,*,#5723,.T.);
#4401=ORIENTED_EDGE('',*,*,#5724,.F.);
#4402=ORIENTED_EDGE('',*,*,#5725,.T.);
#4403=ORIENTED_EDGE('',*,*,#5726,.T.);
#4404=ORIENTED_EDGE('',*,*,#5727,.T.);
#4405=ORIENTED_EDGE('',*,*,#5728,.T.);
#4406=ORIENTED_EDGE('',*,*,#5729,.T.);
#4407=ORIENTED_EDGE('',*,*,#5730,.T.);
#4408=ORIENTED_EDGE('',*,*,#5731,.T.);
#4409=ORIENTED_EDGE('',*,*,#5732,.F.);
#4410=ORIENTED_EDGE('',*,*,#5733,.T.);
#4411=ORIENTED_EDGE('',*,*,#5734,.T.);
#4412=ORIENTED_EDGE('',*,*,#5735,.T.);
#4413=ORIENTED_EDGE('',*,*,#5736,.T.);
#4414=ORIENTED_EDGE('',*,*,#5737,.T.);
#4415=ORIENTED_EDGE('',*,*,#5738,.T.);
#4416=ORIENTED_EDGE('',*,*,#5739,.T.);
#4417=ORIENTED_EDGE('',*,*,#5740,.F.);
#4418=ORIENTED_EDGE('',*,*,#5741,.T.);
#4419=ORIENTED_EDGE('',*,*,#5742,.T.);
#4420=ORIENTED_EDGE('',*,*,#5743,.T.);
#4421=ORIENTED_EDGE('',*,*,#5744,.T.);
#4422=ORIENTED_EDGE('',*,*,#5745,.T.);
#4423=ORIENTED_EDGE('',*,*,#5746,.T.);
#4424=ORIENTED_EDGE('',*,*,#5747,.T.);
#4425=ORIENTED_EDGE('',*,*,#5748,.F.);
#4426=ORIENTED_EDGE('',*,*,#5749,.T.);
#4427=ORIENTED_EDGE('',*,*,#5750,.T.);
#4428=ORIENTED_EDGE('',*,*,#5751,.T.);
#4429=ORIENTED_EDGE('',*,*,#5752,.T.);
#4430=ORIENTED_EDGE('',*,*,#5753,.T.);
#4431=ORIENTED_EDGE('',*,*,#5754,.T.);
#4432=ORIENTED_EDGE('',*,*,#5755,.T.);
#4433=ORIENTED_EDGE('',*,*,#5756,.F.);
#4434=ORIENTED_EDGE('',*,*,#5757,.T.);
#4435=ORIENTED_EDGE('',*,*,#5758,.T.);
#4436=ORIENTED_EDGE('',*,*,#5759,.T.);
#4437=ORIENTED_EDGE('',*,*,#5760,.T.);
#4438=ORIENTED_EDGE('',*,*,#5761,.T.);
#4439=ORIENTED_EDGE('',*,*,#5762,.T.);
#4440=ORIENTED_EDGE('',*,*,#5763,.T.);
#4441=ORIENTED_EDGE('',*,*,#5764,.F.);
#4442=ORIENTED_EDGE('',*,*,#5765,.T.);
#4443=ORIENTED_EDGE('',*,*,#5766,.T.);
#4444=ORIENTED_EDGE('',*,*,#5767,.T.);
#4445=ORIENTED_EDGE('',*,*,#5768,.T.);
#4446=ORIENTED_EDGE('',*,*,#5769,.T.);
#4447=ORIENTED_EDGE('',*,*,#5770,.T.);
#4448=ORIENTED_EDGE('',*,*,#5771,.T.);
#4449=ORIENTED_EDGE('',*,*,#5772,.F.);
#4450=ORIENTED_EDGE('',*,*,#5773,.T.);
#4451=ORIENTED_EDGE('',*,*,#5774,.T.);
#4452=ORIENTED_EDGE('',*,*,#5775,.T.);
#4453=ORIENTED_EDGE('',*,*,#5776,.T.);
#4454=ORIENTED_EDGE('',*,*,#5777,.T.);
#4455=ORIENTED_EDGE('',*,*,#5778,.T.);
#4456=ORIENTED_EDGE('',*,*,#5779,.T.);
#4457=ORIENTED_EDGE('',*,*,#5780,.F.);
#4458=ORIENTED_EDGE('',*,*,#5781,.T.);
#4459=ORIENTED_EDGE('',*,*,#5782,.T.);
#4460=ORIENTED_EDGE('',*,*,#5783,.T.);
#4461=ORIENTED_EDGE('',*,*,#5784,.T.);
#4462=ORIENTED_EDGE('',*,*,#5785,.T.);
#4463=ORIENTED_EDGE('',*,*,#5786,.T.);
#4464=ORIENTED_EDGE('',*,*,#5787,.T.);
#4465=ORIENTED_EDGE('',*,*,#5788,.F.);
#4466=ORIENTED_EDGE('',*,*,#5789,.T.);
#4467=ORIENTED_EDGE('',*,*,#5790,.T.);
#4468=ORIENTED_EDGE('',*,*,#5791,.T.);
#4469=ORIENTED_EDGE('',*,*,#5792,.T.);
#4470=ORIENTED_EDGE('',*,*,#5793,.T.);
#4471=ORIENTED_EDGE('',*,*,#5794,.T.);
#4472=ORIENTED_EDGE('',*,*,#5795,.T.);
#4473=ORIENTED_EDGE('',*,*,#5796,.F.);
#4474=ORIENTED_EDGE('',*,*,#5797,.T.);
#4475=ORIENTED_EDGE('',*,*,#5798,.T.);
#4476=ORIENTED_EDGE('',*,*,#5799,.T.);
#4477=ORIENTED_EDGE('',*,*,#5800,.T.);
#4478=ORIENTED_EDGE('',*,*,#5801,.T.);
#4479=ORIENTED_EDGE('',*,*,#5802,.T.);
#4480=ORIENTED_EDGE('',*,*,#5803,.T.);
#4481=ORIENTED_EDGE('',*,*,#5804,.F.);
#4482=ORIENTED_EDGE('',*,*,#5805,.T.);
#4483=ORIENTED_EDGE('',*,*,#5806,.T.);
#4484=ORIENTED_EDGE('',*,*,#5807,.T.);
#4485=ORIENTED_EDGE('',*,*,#5808,.T.);
#4486=ORIENTED_EDGE('',*,*,#5809,.T.);
#4487=ORIENTED_EDGE('',*,*,#5810,.T.);
#4488=ORIENTED_EDGE('',*,*,#5811,.T.);
#4489=ORIENTED_EDGE('',*,*,#5812,.F.);
#4490=ORIENTED_EDGE('',*,*,#5813,.T.);
#4491=ORIENTED_EDGE('',*,*,#5814,.T.);
#4492=ORIENTED_EDGE('',*,*,#5815,.T.);
#4493=ORIENTED_EDGE('',*,*,#5816,.T.);
#4494=ORIENTED_EDGE('',*,*,#5817,.T.);
#4495=ORIENTED_EDGE('',*,*,#5818,.T.);
#4496=ORIENTED_EDGE('',*,*,#5819,.T.);
#4497=ORIENTED_EDGE('',*,*,#5820,.F.);
#4498=ORIENTED_EDGE('',*,*,#5821,.T.);
#4499=ORIENTED_EDGE('',*,*,#5822,.T.);
#4500=ORIENTED_EDGE('',*,*,#5823,.T.);
#4501=ORIENTED_EDGE('',*,*,#5824,.T.);
#4502=ORIENTED_EDGE('',*,*,#5825,.T.);
#4503=ORIENTED_EDGE('',*,*,#5826,.T.);
#4504=ORIENTED_EDGE('',*,*,#5827,.T.);
#4505=ORIENTED_EDGE('',*,*,#5828,.F.);
#4506=ORIENTED_EDGE('',*,*,#5829,.T.);
#4507=ORIENTED_EDGE('',*,*,#5830,.T.);
#4508=ORIENTED_EDGE('',*,*,#5831,.T.);
#4509=ORIENTED_EDGE('',*,*,#5832,.T.);
#4510=ORIENTED_EDGE('',*,*,#5833,.T.);
#4511=ORIENTED_EDGE('',*,*,#5834,.T.);
#4512=ORIENTED_EDGE('',*,*,#5835,.T.);
#4513=ORIENTED_EDGE('',*,*,#5836,.F.);
#4514=ORIENTED_EDGE('',*,*,#5837,.T.);
#4515=ORIENTED_EDGE('',*,*,#5838,.T.);
#4516=ORIENTED_EDGE('',*,*,#5839,.T.);
#4517=ORIENTED_EDGE('',*,*,#5840,.T.);
#4518=ORIENTED_EDGE('',*,*,#5841,.T.);
#4519=ORIENTED_EDGE('',*,*,#5842,.T.);
#4520=ORIENTED_EDGE('',*,*,#5843,.T.);
#4521=ORIENTED_EDGE('',*,*,#5844,.F.);
#4522=ORIENTED_EDGE('',*,*,#5845,.T.);
#4523=ORIENTED_EDGE('',*,*,#5846,.T.);
#4524=ORIENTED_EDGE('',*,*,#5847,.T.);
#4525=ORIENTED_EDGE('',*,*,#5848,.T.);
#4526=ORIENTED_EDGE('',*,*,#5849,.T.);
#4527=ORIENTED_EDGE('',*,*,#5850,.T.);
#4528=ORIENTED_EDGE('',*,*,#5851,.T.);
#4529=ORIENTED_EDGE('',*,*,#5852,.F.);
#4530=ORIENTED_EDGE('',*,*,#5853,.T.);
#4531=ORIENTED_EDGE('',*,*,#5854,.T.);
#4532=ORIENTED_EDGE('',*,*,#5855,.T.);
#4533=ORIENTED_EDGE('',*,*,#5856,.T.);
#4534=ORIENTED_EDGE('',*,*,#5857,.T.);
#4535=ORIENTED_EDGE('',*,*,#5858,.T.);
#4536=ORIENTED_EDGE('',*,*,#5859,.T.);
#4537=ORIENTED_EDGE('',*,*,#5860,.F.);
#4538=ORIENTED_EDGE('',*,*,#5861,.T.);
#4539=ORIENTED_EDGE('',*,*,#5862,.T.);
#4540=ORIENTED_EDGE('',*,*,#5863,.T.);
#4541=ORIENTED_EDGE('',*,*,#5864,.T.);
#4542=ORIENTED_EDGE('',*,*,#5865,.T.);
#4543=ORIENTED_EDGE('',*,*,#5866,.T.);
#4544=ORIENTED_EDGE('',*,*,#5867,.T.);
#4545=ORIENTED_EDGE('',*,*,#5868,.F.);
#4546=ORIENTED_EDGE('',*,*,#5869,.T.);
#4547=ORIENTED_EDGE('',*,*,#5870,.T.);
#4548=ORIENTED_EDGE('',*,*,#5871,.T.);
#4549=ORIENTED_EDGE('',*,*,#5872,.T.);
#4550=ORIENTED_EDGE('',*,*,#5873,.T.);
#4551=ORIENTED_EDGE('',*,*,#5874,.T.);
#4552=ORIENTED_EDGE('',*,*,#5875,.T.);
#4553=ORIENTED_EDGE('',*,*,#5876,.F.);
#4554=ORIENTED_EDGE('',*,*,#5877,.T.);
#4555=ORIENTED_EDGE('',*,*,#5878,.T.);
#4556=ORIENTED_EDGE('',*,*,#5879,.T.);
#4557=ORIENTED_EDGE('',*,*,#5880,.T.);
#4558=ORIENTED_EDGE('',*,*,#5881,.T.);
#4559=ORIENTED_EDGE('',*,*,#5882,.T.);
#4560=ORIENTED_EDGE('',*,*,#5876,.T.);
#4561=ORIENTED_EDGE('',*,*,#5883,.T.);
#4562=ORIENTED_EDGE('',*,*,#5464,.T.);
#4563=ORIENTED_EDGE('',*,*,#5884,.T.);
#4564=ORIENTED_EDGE('',*,*,#5668,.T.);
#4565=ORIENTED_EDGE('',*,*,#5885,.T.);
#4566=ORIENTED_EDGE('',*,*,#5672,.T.);
#4567=ORIENTED_EDGE('',*,*,#5886,.T.);
#4568=ORIENTED_EDGE('',*,*,#5868,.T.);
#4569=ORIENTED_EDGE('',*,*,#5887,.T.);
#4570=ORIENTED_EDGE('',*,*,#5472,.T.);
#4571=ORIENTED_EDGE('',*,*,#5888,.T.);
#4572=ORIENTED_EDGE('',*,*,#5860,.T.);
#4573=ORIENTED_EDGE('',*,*,#5889,.T.);
#4574=ORIENTED_EDGE('',*,*,#5480,.T.);
#4575=ORIENTED_EDGE('',*,*,#5890,.T.);
#4576=ORIENTED_EDGE('',*,*,#5852,.T.);
#4577=ORIENTED_EDGE('',*,*,#5891,.T.);
#4578=ORIENTED_EDGE('',*,*,#5488,.T.);
#4579=ORIENTED_EDGE('',*,*,#5892,.T.);
#4580=ORIENTED_EDGE('',*,*,#5844,.T.);
#4581=ORIENTED_EDGE('',*,*,#5893,.T.);
#4582=ORIENTED_EDGE('',*,*,#5496,.T.);
#4583=ORIENTED_EDGE('',*,*,#5894,.T.);
#4584=ORIENTED_EDGE('',*,*,#5836,.T.);
#4585=ORIENTED_EDGE('',*,*,#5895,.T.);
#4586=ORIENTED_EDGE('',*,*,#5504,.T.);
#4587=ORIENTED_EDGE('',*,*,#5896,.T.);
#4588=ORIENTED_EDGE('',*,*,#5828,.T.);
#4589=ORIENTED_EDGE('',*,*,#5897,.T.);
#4590=ORIENTED_EDGE('',*,*,#5512,.T.);
#4591=ORIENTED_EDGE('',*,*,#5898,.T.);
#4592=ORIENTED_EDGE('',*,*,#5820,.T.);
#4593=ORIENTED_EDGE('',*,*,#5899,.T.);
#4594=ORIENTED_EDGE('',*,*,#5520,.T.);
#4595=ORIENTED_EDGE('',*,*,#5900,.T.);
#4596=ORIENTED_EDGE('',*,*,#5812,.T.);
#4597=ORIENTED_EDGE('',*,*,#5901,.T.);
#4598=ORIENTED_EDGE('',*,*,#5528,.T.);
#4599=ORIENTED_EDGE('',*,*,#5902,.T.);
#4600=ORIENTED_EDGE('',*,*,#5804,.T.);
#4601=ORIENTED_EDGE('',*,*,#5903,.T.);
#4602=ORIENTED_EDGE('',*,*,#5536,.T.);
#4603=ORIENTED_EDGE('',*,*,#5904,.T.);
#4604=ORIENTED_EDGE('',*,*,#5796,.T.);
#4605=ORIENTED_EDGE('',*,*,#5905,.T.);
#4606=ORIENTED_EDGE('',*,*,#5544,.T.);
#4607=ORIENTED_EDGE('',*,*,#5906,.T.);
#4608=ORIENTED_EDGE('',*,*,#5788,.T.);
#4609=ORIENTED_EDGE('',*,*,#5907,.T.);
#4610=ORIENTED_EDGE('',*,*,#5552,.T.);
#4611=ORIENTED_EDGE('',*,*,#5908,.T.);
#4612=ORIENTED_EDGE('',*,*,#5780,.T.);
#4613=ORIENTED_EDGE('',*,*,#5909,.T.);
#4614=ORIENTED_EDGE('',*,*,#5560,.T.);
#4615=ORIENTED_EDGE('',*,*,#5910,.T.);
#4616=ORIENTED_EDGE('',*,*,#5772,.T.);
#4617=ORIENTED_EDGE('',*,*,#5911,.T.);
#4618=ORIENTED_EDGE('',*,*,#5568,.T.);
#4619=ORIENTED_EDGE('',*,*,#5912,.T.);
#4620=ORIENTED_EDGE('',*,*,#5764,.T.);
#4621=ORIENTED_EDGE('',*,*,#5913,.T.);
#4622=ORIENTED_EDGE('',*,*,#5576,.T.);
#4623=ORIENTED_EDGE('',*,*,#5914,.T.);
#4624=ORIENTED_EDGE('',*,*,#5756,.T.);
#4625=ORIENTED_EDGE('',*,*,#5915,.T.);
#4626=ORIENTED_EDGE('',*,*,#5584,.T.);
#4627=ORIENTED_EDGE('',*,*,#5916,.T.);
#4628=ORIENTED_EDGE('',*,*,#5748,.T.);
#4629=ORIENTED_EDGE('',*,*,#5917,.T.);
#4630=ORIENTED_EDGE('',*,*,#5592,.T.);
#4631=ORIENTED_EDGE('',*,*,#5918,.T.);
#4632=ORIENTED_EDGE('',*,*,#5740,.T.);
#4633=ORIENTED_EDGE('',*,*,#5919,.T.);
#4634=ORIENTED_EDGE('',*,*,#5600,.T.);
#4635=ORIENTED_EDGE('',*,*,#5920,.T.);
#4636=ORIENTED_EDGE('',*,*,#5732,.T.);
#4637=ORIENTED_EDGE('',*,*,#5921,.T.);
#4638=ORIENTED_EDGE('',*,*,#5608,.T.);
#4639=ORIENTED_EDGE('',*,*,#5922,.T.);
#4640=ORIENTED_EDGE('',*,*,#5724,.T.);
#4641=ORIENTED_EDGE('',*,*,#5923,.T.);
#4642=ORIENTED_EDGE('',*,*,#5616,.T.);
#4643=ORIENTED_EDGE('',*,*,#5924,.T.);
#4644=ORIENTED_EDGE('',*,*,#5716,.T.);
#4645=ORIENTED_EDGE('',*,*,#5925,.T.);
#4646=ORIENTED_EDGE('',*,*,#5624,.T.);
#4647=ORIENTED_EDGE('',*,*,#5926,.T.);
#4648=ORIENTED_EDGE('',*,*,#5708,.T.);
#4649=ORIENTED_EDGE('',*,*,#5927,.T.);
#4650=ORIENTED_EDGE('',*,*,#5632,.T.);
#4651=ORIENTED_EDGE('',*,*,#5928,.T.);
#4652=ORIENTED_EDGE('',*,*,#5700,.T.);
#4653=ORIENTED_EDGE('',*,*,#5929,.T.);
#4654=ORIENTED_EDGE('',*,*,#5640,.T.);
#4655=ORIENTED_EDGE('',*,*,#5930,.T.);
#4656=ORIENTED_EDGE('',*,*,#5692,.T.);
#4657=ORIENTED_EDGE('',*,*,#5931,.T.);
#4658=ORIENTED_EDGE('',*,*,#5648,.T.);
#4659=ORIENTED_EDGE('',*,*,#5932,.T.);
#4660=ORIENTED_EDGE('',*,*,#5684,.T.);
#4661=ORIENTED_EDGE('',*,*,#5933,.T.);
#4662=ORIENTED_EDGE('',*,*,#5656,.T.);
#4663=ORIENTED_EDGE('',*,*,#5931,.F.);
#4664=ORIENTED_EDGE('',*,*,#5691,.F.);
#4665=ORIENTED_EDGE('',*,*,#5934,.F.);
#4666=ORIENTED_EDGE('',*,*,#5649,.F.);
#4667=ORIENTED_EDGE('',*,*,#5932,.F.);
#4668=ORIENTED_EDGE('',*,*,#5655,.F.);
#4669=ORIENTED_EDGE('',*,*,#5935,.T.);
#4670=ORIENTED_EDGE('',*,*,#5685,.F.);
#4671=ORIENTED_EDGE('',*,*,#5686,.F.);
#4672=ORIENTED_EDGE('',*,*,#5935,.F.);
#4673=ORIENTED_EDGE('',*,*,#5654,.F.);
#4674=ORIENTED_EDGE('',*,*,#5936,.T.);
#4675=ORIENTED_EDGE('',*,*,#5687,.F.);
#4676=ORIENTED_EDGE('',*,*,#5936,.F.);
#4677=ORIENTED_EDGE('',*,*,#5653,.F.);
#4678=ORIENTED_EDGE('',*,*,#5937,.T.);
#4679=ORIENTED_EDGE('',*,*,#5688,.F.);
#4680=ORIENTED_EDGE('',*,*,#5937,.F.);
#4681=ORIENTED_EDGE('',*,*,#5652,.F.);
#4682=ORIENTED_EDGE('',*,*,#5938,.T.);
#4683=ORIENTED_EDGE('',*,*,#5689,.F.);
#4684=ORIENTED_EDGE('',*,*,#5938,.F.);
#4685=ORIENTED_EDGE('',*,*,#5651,.F.);
#4686=ORIENTED_EDGE('',*,*,#5939,.T.);
#4687=ORIENTED_EDGE('',*,*,#5690,.F.);
#4688=ORIENTED_EDGE('',*,*,#5939,.F.);
#4689=ORIENTED_EDGE('',*,*,#5650,.F.);
#4690=ORIENTED_EDGE('',*,*,#5934,.T.);
#4691=ORIENTED_EDGE('',*,*,#5929,.F.);
#4692=ORIENTED_EDGE('',*,*,#5699,.F.);
#4693=ORIENTED_EDGE('',*,*,#5940,.F.);
#4694=ORIENTED_EDGE('',*,*,#5641,.F.);
#4695=ORIENTED_EDGE('',*,*,#5930,.F.);
#4696=ORIENTED_EDGE('',*,*,#5647,.F.);
#4697=ORIENTED_EDGE('',*,*,#5941,.T.);
#4698=ORIENTED_EDGE('',*,*,#5693,.F.);
#4699=ORIENTED_EDGE('',*,*,#5694,.F.);
#4700=ORIENTED_EDGE('',*,*,#5941,.F.);
#4701=ORIENTED_EDGE('',*,*,#5646,.F.);
#4702=ORIENTED_EDGE('',*,*,#5942,.T.);
#4703=ORIENTED_EDGE('',*,*,#5695,.F.);
#4704=ORIENTED_EDGE('',*,*,#5942,.F.);
#4705=ORIENTED_EDGE('',*,*,#5645,.F.);
#4706=ORIENTED_EDGE('',*,*,#5943,.T.);
#4707=ORIENTED_EDGE('',*,*,#5696,.F.);
#4708=ORIENTED_EDGE('',*,*,#5943,.F.);
#4709=ORIENTED_EDGE('',*,*,#5644,.F.);
#4710=ORIENTED_EDGE('',*,*,#5944,.T.);
#4711=ORIENTED_EDGE('',*,*,#5697,.F.);
#4712=ORIENTED_EDGE('',*,*,#5944,.F.);
#4713=ORIENTED_EDGE('',*,*,#5643,.F.);
#4714=ORIENTED_EDGE('',*,*,#5945,.T.);
#4715=ORIENTED_EDGE('',*,*,#5698,.F.);
#4716=ORIENTED_EDGE('',*,*,#5945,.F.);
#4717=ORIENTED_EDGE('',*,*,#5642,.F.);
#4718=ORIENTED_EDGE('',*,*,#5940,.T.);
#4719=ORIENTED_EDGE('',*,*,#5927,.F.);
#4720=ORIENTED_EDGE('',*,*,#5707,.F.);
#4721=ORIENTED_EDGE('',*,*,#5946,.F.);
#4722=ORIENTED_EDGE('',*,*,#5633,.F.);
#4723=ORIENTED_EDGE('',*,*,#5928,.F.);
#4724=ORIENTED_EDGE('',*,*,#5639,.F.);
#4725=ORIENTED_EDGE('',*,*,#5947,.T.);
#4726=ORIENTED_EDGE('',*,*,#5701,.F.);
#4727=ORIENTED_EDGE('',*,*,#5702,.F.);
#4728=ORIENTED_EDGE('',*,*,#5947,.F.);
#4729=ORIENTED_EDGE('',*,*,#5638,.F.);
#4730=ORIENTED_EDGE('',*,*,#5948,.T.);
#4731=ORIENTED_EDGE('',*,*,#5703,.F.);
#4732=ORIENTED_EDGE('',*,*,#5948,.F.);
#4733=ORIENTED_EDGE('',*,*,#5637,.F.);
#4734=ORIENTED_EDGE('',*,*,#5949,.T.);
#4735=ORIENTED_EDGE('',*,*,#5704,.F.);
#4736=ORIENTED_EDGE('',*,*,#5949,.F.);
#4737=ORIENTED_EDGE('',*,*,#5636,.F.);
#4738=ORIENTED_EDGE('',*,*,#5950,.T.);
#4739=ORIENTED_EDGE('',*,*,#5705,.F.);
#4740=ORIENTED_EDGE('',*,*,#5950,.F.);
#4741=ORIENTED_EDGE('',*,*,#5635,.F.);
#4742=ORIENTED_EDGE('',*,*,#5951,.T.);
#4743=ORIENTED_EDGE('',*,*,#5706,.F.);
#4744=ORIENTED_EDGE('',*,*,#5951,.F.);
#4745=ORIENTED_EDGE('',*,*,#5634,.F.);
#4746=ORIENTED_EDGE('',*,*,#5946,.T.);
#4747=ORIENTED_EDGE('',*,*,#5925,.F.);
#4748=ORIENTED_EDGE('',*,*,#5715,.F.);
#4749=ORIENTED_EDGE('',*,*,#5952,.F.);
#4750=ORIENTED_EDGE('',*,*,#5625,.F.);
#4751=ORIENTED_EDGE('',*,*,#5926,.F.);
#4752=ORIENTED_EDGE('',*,*,#5631,.F.);
#4753=ORIENTED_EDGE('',*,*,#5953,.T.);
#4754=ORIENTED_EDGE('',*,*,#5709,.F.);
#4755=ORIENTED_EDGE('',*,*,#5710,.F.);
#4756=ORIENTED_EDGE('',*,*,#5953,.F.);
#4757=ORIENTED_EDGE('',*,*,#5630,.F.);
#4758=ORIENTED_EDGE('',*,*,#5954,.T.);
#4759=ORIENTED_EDGE('',*,*,#5711,.F.);
#4760=ORIENTED_EDGE('',*,*,#5954,.F.);
#4761=ORIENTED_EDGE('',*,*,#5629,.F.);
#4762=ORIENTED_EDGE('',*,*,#5955,.T.);
#4763=ORIENTED_EDGE('',*,*,#5712,.F.);
#4764=ORIENTED_EDGE('',*,*,#5955,.F.);
#4765=ORIENTED_EDGE('',*,*,#5628,.F.);
#4766=ORIENTED_EDGE('',*,*,#5956,.T.);
#4767=ORIENTED_EDGE('',*,*,#5713,.F.);
#4768=ORIENTED_EDGE('',*,*,#5956,.F.);
#4769=ORIENTED_EDGE('',*,*,#5627,.F.);
#4770=ORIENTED_EDGE('',*,*,#5957,.T.);
#4771=ORIENTED_EDGE('',*,*,#5714,.F.);
#4772=ORIENTED_EDGE('',*,*,#5957,.F.);
#4773=ORIENTED_EDGE('',*,*,#5626,.F.);
#4774=ORIENTED_EDGE('',*,*,#5952,.T.);
#4775=ORIENTED_EDGE('',*,*,#5923,.F.);
#4776=ORIENTED_EDGE('',*,*,#5723,.F.);
#4777=ORIENTED_EDGE('',*,*,#5958,.F.);
#4778=ORIENTED_EDGE('',*,*,#5617,.F.);
#4779=ORIENTED_EDGE('',*,*,#5924,.F.);
#4780=ORIENTED_EDGE('',*,*,#5623,.F.);
#4781=ORIENTED_EDGE('',*,*,#5959,.T.);
#4782=ORIENTED_EDGE('',*,*,#5717,.F.);
#4783=ORIENTED_EDGE('',*,*,#5718,.F.);
#4784=ORIENTED_EDGE('',*,*,#5959,.F.);
#4785=ORIENTED_EDGE('',*,*,#5622,.F.);
#4786=ORIENTED_EDGE('',*,*,#5960,.T.);
#4787=ORIENTED_EDGE('',*,*,#5719,.F.);
#4788=ORIENTED_EDGE('',*,*,#5960,.F.);
#4789=ORIENTED_EDGE('',*,*,#5621,.F.);
#4790=ORIENTED_EDGE('',*,*,#5961,.T.);
#4791=ORIENTED_EDGE('',*,*,#5720,.F.);
#4792=ORIENTED_EDGE('',*,*,#5961,.F.);
#4793=ORIENTED_EDGE('',*,*,#5620,.F.);
#4794=ORIENTED_EDGE('',*,*,#5962,.T.);
#4795=ORIENTED_EDGE('',*,*,#5721,.F.);
#4796=ORIENTED_EDGE('',*,*,#5962,.F.);
#4797=ORIENTED_EDGE('',*,*,#5619,.F.);
#4798=ORIENTED_EDGE('',*,*,#5963,.T.);
#4799=ORIENTED_EDGE('',*,*,#5722,.F.);
#4800=ORIENTED_EDGE('',*,*,#5963,.F.);
#4801=ORIENTED_EDGE('',*,*,#5618,.F.);
#4802=ORIENTED_EDGE('',*,*,#5958,.T.);
#4803=ORIENTED_EDGE('',*,*,#5921,.F.);
#4804=ORIENTED_EDGE('',*,*,#5731,.F.);
#4805=ORIENTED_EDGE('',*,*,#5964,.F.);
#4806=ORIENTED_EDGE('',*,*,#5609,.F.);
#4807=ORIENTED_EDGE('',*,*,#5922,.F.);
#4808=ORIENTED_EDGE('',*,*,#5615,.F.);
#4809=ORIENTED_EDGE('',*,*,#5965,.T.);
#4810=ORIENTED_EDGE('',*,*,#5725,.F.);
#4811=ORIENTED_EDGE('',*,*,#5726,.F.);
#4812=ORIENTED_EDGE('',*,*,#5965,.F.);
#4813=ORIENTED_EDGE('',*,*,#5614,.F.);
#4814=ORIENTED_EDGE('',*,*,#5966,.T.);
#4815=ORIENTED_EDGE('',*,*,#5727,.F.);
#4816=ORIENTED_EDGE('',*,*,#5966,.F.);
#4817=ORIENTED_EDGE('',*,*,#5613,.F.);
#4818=ORIENTED_EDGE('',*,*,#5967,.T.);
#4819=ORIENTED_EDGE('',*,*,#5728,.F.);
#4820=ORIENTED_EDGE('',*,*,#5967,.F.);
#4821=ORIENTED_EDGE('',*,*,#5612,.F.);
#4822=ORIENTED_EDGE('',*,*,#5968,.T.);
#4823=ORIENTED_EDGE('',*,*,#5729,.F.);
#4824=ORIENTED_EDGE('',*,*,#5968,.F.);
#4825=ORIENTED_EDGE('',*,*,#5611,.F.);
#4826=ORIENTED_EDGE('',*,*,#5969,.T.);
#4827=ORIENTED_EDGE('',*,*,#5730,.F.);
#4828=ORIENTED_EDGE('',*,*,#5969,.F.);
#4829=ORIENTED_EDGE('',*,*,#5610,.F.);
#4830=ORIENTED_EDGE('',*,*,#5964,.T.);
#4831=ORIENTED_EDGE('',*,*,#5919,.F.);
#4832=ORIENTED_EDGE('',*,*,#5739,.F.);
#4833=ORIENTED_EDGE('',*,*,#5970,.F.);
#4834=ORIENTED_EDGE('',*,*,#5601,.F.);
#4835=ORIENTED_EDGE('',*,*,#5920,.F.);
#4836=ORIENTED_EDGE('',*,*,#5607,.F.);
#4837=ORIENTED_EDGE('',*,*,#5971,.T.);
#4838=ORIENTED_EDGE('',*,*,#5733,.F.);
#4839=ORIENTED_EDGE('',*,*,#5734,.F.);
#4840=ORIENTED_EDGE('',*,*,#5971,.F.);
#4841=ORIENTED_EDGE('',*,*,#5606,.F.);
#4842=ORIENTED_EDGE('',*,*,#5972,.T.);
#4843=ORIENTED_EDGE('',*,*,#5735,.F.);
#4844=ORIENTED_EDGE('',*,*,#5972,.F.);
#4845=ORIENTED_EDGE('',*,*,#5605,.F.);
#4846=ORIENTED_EDGE('',*,*,#5973,.T.);
#4847=ORIENTED_EDGE('',*,*,#5736,.F.);
#4848=ORIENTED_EDGE('',*,*,#5973,.F.);
#4849=ORIENTED_EDGE('',*,*,#5604,.F.);
#4850=ORIENTED_EDGE('',*,*,#5974,.T.);
#4851=ORIENTED_EDGE('',*,*,#5737,.F.);
#4852=ORIENTED_EDGE('',*,*,#5974,.F.);
#4853=ORIENTED_EDGE('',*,*,#5603,.F.);
#4854=ORIENTED_EDGE('',*,*,#5975,.T.);
#4855=ORIENTED_EDGE('',*,*,#5738,.F.);
#4856=ORIENTED_EDGE('',*,*,#5975,.F.);
#4857=ORIENTED_EDGE('',*,*,#5602,.F.);
#4858=ORIENTED_EDGE('',*,*,#5970,.T.);
#4859=ORIENTED_EDGE('',*,*,#5917,.F.);
#4860=ORIENTED_EDGE('',*,*,#5747,.F.);
#4861=ORIENTED_EDGE('',*,*,#5976,.F.);
#4862=ORIENTED_EDGE('',*,*,#5593,.F.);
#4863=ORIENTED_EDGE('',*,*,#5918,.F.);
#4864=ORIENTED_EDGE('',*,*,#5599,.F.);
#4865=ORIENTED_EDGE('',*,*,#5977,.T.);
#4866=ORIENTED_EDGE('',*,*,#5741,.F.);
#4867=ORIENTED_EDGE('',*,*,#5742,.F.);
#4868=ORIENTED_EDGE('',*,*,#5977,.F.);
#4869=ORIENTED_EDGE('',*,*,#5598,.F.);
#4870=ORIENTED_EDGE('',*,*,#5978,.T.);
#4871=ORIENTED_EDGE('',*,*,#5743,.F.);
#4872=ORIENTED_EDGE('',*,*,#5978,.F.);
#4873=ORIENTED_EDGE('',*,*,#5597,.F.);
#4874=ORIENTED_EDGE('',*,*,#5979,.T.);
#4875=ORIENTED_EDGE('',*,*,#5744,.F.);
#4876=ORIENTED_EDGE('',*,*,#5979,.F.);
#4877=ORIENTED_EDGE('',*,*,#5596,.F.);
#4878=ORIENTED_EDGE('',*,*,#5980,.T.);
#4879=ORIENTED_EDGE('',*,*,#5745,.F.);
#4880=ORIENTED_EDGE('',*,*,#5980,.F.);
#4881=ORIENTED_EDGE('',*,*,#5595,.F.);
#4882=ORIENTED_EDGE('',*,*,#5981,.T.);
#4883=ORIENTED_EDGE('',*,*,#5746,.F.);
#4884=ORIENTED_EDGE('',*,*,#5981,.F.);
#4885=ORIENTED_EDGE('',*,*,#5594,.F.);
#4886=ORIENTED_EDGE('',*,*,#5976,.T.);
#4887=ORIENTED_EDGE('',*,*,#5915,.F.);
#4888=ORIENTED_EDGE('',*,*,#5755,.F.);
#4889=ORIENTED_EDGE('',*,*,#5982,.F.);
#4890=ORIENTED_EDGE('',*,*,#5585,.F.);
#4891=ORIENTED_EDGE('',*,*,#5916,.F.);
#4892=ORIENTED_EDGE('',*,*,#5591,.F.);
#4893=ORIENTED_EDGE('',*,*,#5983,.T.);
#4894=ORIENTED_EDGE('',*,*,#5749,.F.);
#4895=ORIENTED_EDGE('',*,*,#5750,.F.);
#4896=ORIENTED_EDGE('',*,*,#5983,.F.);
#4897=ORIENTED_EDGE('',*,*,#5590,.F.);
#4898=ORIENTED_EDGE('',*,*,#5984,.T.);
#4899=ORIENTED_EDGE('',*,*,#5751,.F.);
#4900=ORIENTED_EDGE('',*,*,#5984,.F.);
#4901=ORIENTED_EDGE('',*,*,#5589,.F.);
#4902=ORIENTED_EDGE('',*,*,#5985,.T.);
#4903=ORIENTED_EDGE('',*,*,#5752,.F.);
#4904=ORIENTED_EDGE('',*,*,#5985,.F.);
#4905=ORIENTED_EDGE('',*,*,#5588,.F.);
#4906=ORIENTED_EDGE('',*,*,#5986,.T.);
#4907=ORIENTED_EDGE('',*,*,#5753,.F.);
#4908=ORIENTED_EDGE('',*,*,#5986,.F.);
#4909=ORIENTED_EDGE('',*,*,#5587,.F.);
#4910=ORIENTED_EDGE('',*,*,#5987,.T.);
#4911=ORIENTED_EDGE('',*,*,#5754,.F.);
#4912=ORIENTED_EDGE('',*,*,#5987,.F.);
#4913=ORIENTED_EDGE('',*,*,#5586,.F.);
#4914=ORIENTED_EDGE('',*,*,#5982,.T.);
#4915=ORIENTED_EDGE('',*,*,#5913,.F.);
#4916=ORIENTED_EDGE('',*,*,#5763,.F.);
#4917=ORIENTED_EDGE('',*,*,#5988,.F.);
#4918=ORIENTED_EDGE('',*,*,#5577,.F.);
#4919=ORIENTED_EDGE('',*,*,#5914,.F.);
#4920=ORIENTED_EDGE('',*,*,#5583,.F.);
#4921=ORIENTED_EDGE('',*,*,#5989,.T.);
#4922=ORIENTED_EDGE('',*,*,#5757,.F.);
#4923=ORIENTED_EDGE('',*,*,#5758,.F.);
#4924=ORIENTED_EDGE('',*,*,#5989,.F.);
#4925=ORIENTED_EDGE('',*,*,#5582,.F.);
#4926=ORIENTED_EDGE('',*,*,#5990,.T.);
#4927=ORIENTED_EDGE('',*,*,#5759,.F.);
#4928=ORIENTED_EDGE('',*,*,#5990,.F.);
#4929=ORIENTED_EDGE('',*,*,#5581,.F.);
#4930=ORIENTED_EDGE('',*,*,#5991,.T.);
#4931=ORIENTED_EDGE('',*,*,#5760,.F.);
#4932=ORIENTED_EDGE('',*,*,#5991,.F.);
#4933=ORIENTED_EDGE('',*,*,#5580,.F.);
#4934=ORIENTED_EDGE('',*,*,#5992,.T.);
#4935=ORIENTED_EDGE('',*,*,#5761,.F.);
#4936=ORIENTED_EDGE('',*,*,#5992,.F.);
#4937=ORIENTED_EDGE('',*,*,#5579,.F.);
#4938=ORIENTED_EDGE('',*,*,#5993,.T.);
#4939=ORIENTED_EDGE('',*,*,#5762,.F.);
#4940=ORIENTED_EDGE('',*,*,#5993,.F.);
#4941=ORIENTED_EDGE('',*,*,#5578,.F.);
#4942=ORIENTED_EDGE('',*,*,#5988,.T.);
#4943=ORIENTED_EDGE('',*,*,#5911,.F.);
#4944=ORIENTED_EDGE('',*,*,#5771,.F.);
#4945=ORIENTED_EDGE('',*,*,#5994,.F.);
#4946=ORIENTED_EDGE('',*,*,#5569,.F.);
#4947=ORIENTED_EDGE('',*,*,#5912,.F.);
#4948=ORIENTED_EDGE('',*,*,#5575,.F.);
#4949=ORIENTED_EDGE('',*,*,#5995,.T.);
#4950=ORIENTED_EDGE('',*,*,#5765,.F.);
#4951=ORIENTED_EDGE('',*,*,#5766,.F.);
#4952=ORIENTED_EDGE('',*,*,#5995,.F.);
#4953=ORIENTED_EDGE('',*,*,#5574,.F.);
#4954=ORIENTED_EDGE('',*,*,#5996,.T.);
#4955=ORIENTED_EDGE('',*,*,#5767,.F.);
#4956=ORIENTED_EDGE('',*,*,#5996,.F.);
#4957=ORIENTED_EDGE('',*,*,#5573,.F.);
#4958=ORIENTED_EDGE('',*,*,#5997,.T.);
#4959=ORIENTED_EDGE('',*,*,#5768,.F.);
#4960=ORIENTED_EDGE('',*,*,#5997,.F.);
#4961=ORIENTED_EDGE('',*,*,#5572,.F.);
#4962=ORIENTED_EDGE('',*,*,#5998,.T.);
#4963=ORIENTED_EDGE('',*,*,#5769,.F.);
#4964=ORIENTED_EDGE('',*,*,#5998,.F.);
#4965=ORIENTED_EDGE('',*,*,#5571,.F.);
#4966=ORIENTED_EDGE('',*,*,#5999,.T.);
#4967=ORIENTED_EDGE('',*,*,#5770,.F.);
#4968=ORIENTED_EDGE('',*,*,#5999,.F.);
#4969=ORIENTED_EDGE('',*,*,#5570,.F.);
#4970=ORIENTED_EDGE('',*,*,#5994,.T.);
#4971=ORIENTED_EDGE('',*,*,#5909,.F.);
#4972=ORIENTED_EDGE('',*,*,#5779,.F.);
#4973=ORIENTED_EDGE('',*,*,#6000,.F.);
#4974=ORIENTED_EDGE('',*,*,#5561,.F.);
#4975=ORIENTED_EDGE('',*,*,#5910,.F.);
#4976=ORIENTED_EDGE('',*,*,#5567,.F.);
#4977=ORIENTED_EDGE('',*,*,#6001,.T.);
#4978=ORIENTED_EDGE('',*,*,#5773,.F.);
#4979=ORIENTED_EDGE('',*,*,#5774,.F.);
#4980=ORIENTED_EDGE('',*,*,#6001,.F.);
#4981=ORIENTED_EDGE('',*,*,#5566,.F.);
#4982=ORIENTED_EDGE('',*,*,#6002,.T.);
#4983=ORIENTED_EDGE('',*,*,#5775,.F.);
#4984=ORIENTED_EDGE('',*,*,#6002,.F.);
#4985=ORIENTED_EDGE('',*,*,#5565,.F.);
#4986=ORIENTED_EDGE('',*,*,#6003,.T.);
#4987=ORIENTED_EDGE('',*,*,#5776,.F.);
#4988=ORIENTED_EDGE('',*,*,#6003,.F.);
#4989=ORIENTED_EDGE('',*,*,#5564,.F.);
#4990=ORIENTED_EDGE('',*,*,#6004,.T.);
#4991=ORIENTED_EDGE('',*,*,#5777,.F.);
#4992=ORIENTED_EDGE('',*,*,#6004,.F.);
#4993=ORIENTED_EDGE('',*,*,#5563,.F.);
#4994=ORIENTED_EDGE('',*,*,#6005,.T.);
#4995=ORIENTED_EDGE('',*,*,#5778,.F.);
#4996=ORIENTED_EDGE('',*,*,#6005,.F.);
#4997=ORIENTED_EDGE('',*,*,#5562,.F.);
#4998=ORIENTED_EDGE('',*,*,#6000,.T.);
#4999=ORIENTED_EDGE('',*,*,#5907,.F.);
#5000=ORIENTED_EDGE('',*,*,#5787,.F.);
#5001=ORIENTED_EDGE('',*,*,#6006,.F.);
#5002=ORIENTED_EDGE('',*,*,#5553,.F.);
#5003=ORIENTED_EDGE('',*,*,#5908,.F.);
#5004=ORIENTED_EDGE('',*,*,#5559,.F.);
#5005=ORIENTED_EDGE('',*,*,#6007,.T.);
#5006=ORIENTED_EDGE('',*,*,#5781,.F.);
#5007=ORIENTED_EDGE('',*,*,#5782,.F.);
#5008=ORIENTED_EDGE('',*,*,#6007,.F.);
#5009=ORIENTED_EDGE('',*,*,#5558,.F.);
#5010=ORIENTED_EDGE('',*,*,#6008,.T.);
#5011=ORIENTED_EDGE('',*,*,#5783,.F.);
#5012=ORIENTED_EDGE('',*,*,#6008,.F.);
#5013=ORIENTED_EDGE('',*,*,#5557,.F.);
#5014=ORIENTED_EDGE('',*,*,#6009,.T.);
#5015=ORIENTED_EDGE('',*,*,#5784,.F.);
#5016=ORIENTED_EDGE('',*,*,#6009,.F.);
#5017=ORIENTED_EDGE('',*,*,#5556,.F.);
#5018=ORIENTED_EDGE('',*,*,#6010,.T.);
#5019=ORIENTED_EDGE('',*,*,#5785,.F.);
#5020=ORIENTED_EDGE('',*,*,#6010,.F.);
#5021=ORIENTED_EDGE('',*,*,#5555,.F.);
#5022=ORIENTED_EDGE('',*,*,#6011,.T.);
#5023=ORIENTED_EDGE('',*,*,#5786,.F.);
#5024=ORIENTED_EDGE('',*,*,#6011,.F.);
#5025=ORIENTED_EDGE('',*,*,#5554,.F.);
#5026=ORIENTED_EDGE('',*,*,#6006,.T.);
#5027=ORIENTED_EDGE('',*,*,#5905,.F.);
#5028=ORIENTED_EDGE('',*,*,#5795,.F.);
#5029=ORIENTED_EDGE('',*,*,#6012,.F.);
#5030=ORIENTED_EDGE('',*,*,#5545,.F.);
#5031=ORIENTED_EDGE('',*,*,#5906,.F.);
#5032=ORIENTED_EDGE('',*,*,#5551,.F.);
#5033=ORIENTED_EDGE('',*,*,#6013,.T.);
#5034=ORIENTED_EDGE('',*,*,#5789,.F.);
#5035=ORIENTED_EDGE('',*,*,#5790,.F.);
#5036=ORIENTED_EDGE('',*,*,#6013,.F.);
#5037=ORIENTED_EDGE('',*,*,#5550,.F.);
#5038=ORIENTED_EDGE('',*,*,#6014,.T.);
#5039=ORIENTED_EDGE('',*,*,#5791,.F.);
#5040=ORIENTED_EDGE('',*,*,#6014,.F.);
#5041=ORIENTED_EDGE('',*,*,#5549,.F.);
#5042=ORIENTED_EDGE('',*,*,#6015,.T.);
#5043=ORIENTED_EDGE('',*,*,#5792,.F.);
#5044=ORIENTED_EDGE('',*,*,#6015,.F.);
#5045=ORIENTED_EDGE('',*,*,#5548,.F.);
#5046=ORIENTED_EDGE('',*,*,#6016,.T.);
#5047=ORIENTED_EDGE('',*,*,#5793,.F.);
#5048=ORIENTED_EDGE('',*,*,#6016,.F.);
#5049=ORIENTED_EDGE('',*,*,#5547,.F.);
#5050=ORIENTED_EDGE('',*,*,#6017,.T.);
#5051=ORIENTED_EDGE('',*,*,#5794,.F.);
#5052=ORIENTED_EDGE('',*,*,#6017,.F.);
#5053=ORIENTED_EDGE('',*,*,#5546,.F.);
#5054=ORIENTED_EDGE('',*,*,#6012,.T.);
#5055=ORIENTED_EDGE('',*,*,#5903,.F.);
#5056=ORIENTED_EDGE('',*,*,#5803,.F.);
#5057=ORIENTED_EDGE('',*,*,#6018,.F.);
#5058=ORIENTED_EDGE('',*,*,#5537,.F.);
#5059=ORIENTED_EDGE('',*,*,#5904,.F.);
#5060=ORIENTED_EDGE('',*,*,#5543,.F.);
#5061=ORIENTED_EDGE('',*,*,#6019,.T.);
#5062=ORIENTED_EDGE('',*,*,#5797,.F.);
#5063=ORIENTED_EDGE('',*,*,#5798,.F.);
#5064=ORIENTED_EDGE('',*,*,#6019,.F.);
#5065=ORIENTED_EDGE('',*,*,#5542,.F.);
#5066=ORIENTED_EDGE('',*,*,#6020,.T.);
#5067=ORIENTED_EDGE('',*,*,#5799,.F.);
#5068=ORIENTED_EDGE('',*,*,#6020,.F.);
#5069=ORIENTED_EDGE('',*,*,#5541,.F.);
#5070=ORIENTED_EDGE('',*,*,#6021,.T.);
#5071=ORIENTED_EDGE('',*,*,#5800,.F.);
#5072=ORIENTED_EDGE('',*,*,#6021,.F.);
#5073=ORIENTED_EDGE('',*,*,#5540,.F.);
#5074=ORIENTED_EDGE('',*,*,#6022,.T.);
#5075=ORIENTED_EDGE('',*,*,#5801,.F.);
#5076=ORIENTED_EDGE('',*,*,#6022,.F.);
#5077=ORIENTED_EDGE('',*,*,#5539,.F.);
#5078=ORIENTED_EDGE('',*,*,#6023,.T.);
#5079=ORIENTED_EDGE('',*,*,#5802,.F.);
#5080=ORIENTED_EDGE('',*,*,#6023,.F.);
#5081=ORIENTED_EDGE('',*,*,#5538,.F.);
#5082=ORIENTED_EDGE('',*,*,#6018,.T.);
#5083=ORIENTED_EDGE('',*,*,#5901,.F.);
#5084=ORIENTED_EDGE('',*,*,#5811,.F.);
#5085=ORIENTED_EDGE('',*,*,#6024,.F.);
#5086=ORIENTED_EDGE('',*,*,#5529,.F.);
#5087=ORIENTED_EDGE('',*,*,#5902,.F.);
#5088=ORIENTED_EDGE('',*,*,#5535,.F.);
#5089=ORIENTED_EDGE('',*,*,#6025,.T.);
#5090=ORIENTED_EDGE('',*,*,#5805,.F.);
#5091=ORIENTED_EDGE('',*,*,#5806,.F.);
#5092=ORIENTED_EDGE('',*,*,#6025,.F.);
#5093=ORIENTED_EDGE('',*,*,#5534,.F.);
#5094=ORIENTED_EDGE('',*,*,#6026,.T.);
#5095=ORIENTED_EDGE('',*,*,#5807,.F.);
#5096=ORIENTED_EDGE('',*,*,#6026,.F.);
#5097=ORIENTED_EDGE('',*,*,#5533,.F.);
#5098=ORIENTED_EDGE('',*,*,#6027,.T.);
#5099=ORIENTED_EDGE('',*,*,#5808,.F.);
#5100=ORIENTED_EDGE('',*,*,#6027,.F.);
#5101=ORIENTED_EDGE('',*,*,#5532,.F.);
#5102=ORIENTED_EDGE('',*,*,#6028,.T.);
#5103=ORIENTED_EDGE('',*,*,#5809,.F.);
#5104=ORIENTED_EDGE('',*,*,#6028,.F.);
#5105=ORIENTED_EDGE('',*,*,#5531,.F.);
#5106=ORIENTED_EDGE('',*,*,#6029,.T.);
#5107=ORIENTED_EDGE('',*,*,#5810,.F.);
#5108=ORIENTED_EDGE('',*,*,#6029,.F.);
#5109=ORIENTED_EDGE('',*,*,#5530,.F.);
#5110=ORIENTED_EDGE('',*,*,#6024,.T.);
#5111=ORIENTED_EDGE('',*,*,#5899,.F.);
#5112=ORIENTED_EDGE('',*,*,#5819,.F.);
#5113=ORIENTED_EDGE('',*,*,#6030,.F.);
#5114=ORIENTED_EDGE('',*,*,#5521,.F.);
#5115=ORIENTED_EDGE('',*,*,#5900,.F.);
#5116=ORIENTED_EDGE('',*,*,#5527,.F.);
#5117=ORIENTED_EDGE('',*,*,#6031,.T.);
#5118=ORIENTED_EDGE('',*,*,#5813,.F.);
#5119=ORIENTED_EDGE('',*,*,#5814,.F.);
#5120=ORIENTED_EDGE('',*,*,#6031,.F.);
#5121=ORIENTED_EDGE('',*,*,#5526,.F.);
#5122=ORIENTED_EDGE('',*,*,#6032,.T.);
#5123=ORIENTED_EDGE('',*,*,#5815,.F.);
#5124=ORIENTED_EDGE('',*,*,#6032,.F.);
#5125=ORIENTED_EDGE('',*,*,#5525,.F.);
#5126=ORIENTED_EDGE('',*,*,#6033,.T.);
#5127=ORIENTED_EDGE('',*,*,#5816,.F.);
#5128=ORIENTED_EDGE('',*,*,#6033,.F.);
#5129=ORIENTED_EDGE('',*,*,#5524,.F.);
#5130=ORIENTED_EDGE('',*,*,#6034,.T.);
#5131=ORIENTED_EDGE('',*,*,#5817,.F.);
#5132=ORIENTED_EDGE('',*,*,#6034,.F.);
#5133=ORIENTED_EDGE('',*,*,#5523,.F.);
#5134=ORIENTED_EDGE('',*,*,#6035,.T.);
#5135=ORIENTED_EDGE('',*,*,#5818,.F.);
#5136=ORIENTED_EDGE('',*,*,#6035,.F.);
#5137=ORIENTED_EDGE('',*,*,#5522,.F.);
#5138=ORIENTED_EDGE('',*,*,#6030,.T.);
#5139=ORIENTED_EDGE('',*,*,#5897,.F.);
#5140=ORIENTED_EDGE('',*,*,#5827,.F.);
#5141=ORIENTED_EDGE('',*,*,#6036,.F.);
#5142=ORIENTED_EDGE('',*,*,#5513,.F.);
#5143=ORIENTED_EDGE('',*,*,#5898,.F.);
#5144=ORIENTED_EDGE('',*,*,#5519,.F.);
#5145=ORIENTED_EDGE('',*,*,#6037,.T.);
#5146=ORIENTED_EDGE('',*,*,#5821,.F.);
#5147=ORIENTED_EDGE('',*,*,#5822,.F.);
#5148=ORIENTED_EDGE('',*,*,#6037,.F.);
#5149=ORIENTED_EDGE('',*,*,#5518,.F.);
#5150=ORIENTED_EDGE('',*,*,#6038,.T.);
#5151=ORIENTED_EDGE('',*,*,#5823,.F.);
#5152=ORIENTED_EDGE('',*,*,#6038,.F.);
#5153=ORIENTED_EDGE('',*,*,#5517,.F.);
#5154=ORIENTED_EDGE('',*,*,#6039,.T.);
#5155=ORIENTED_EDGE('',*,*,#5824,.F.);
#5156=ORIENTED_EDGE('',*,*,#6039,.F.);
#5157=ORIENTED_EDGE('',*,*,#5516,.F.);
#5158=ORIENTED_EDGE('',*,*,#6040,.T.);
#5159=ORIENTED_EDGE('',*,*,#5825,.F.);
#5160=ORIENTED_EDGE('',*,*,#6040,.F.);
#5161=ORIENTED_EDGE('',*,*,#5515,.F.);
#5162=ORIENTED_EDGE('',*,*,#6041,.T.);
#5163=ORIENTED_EDGE('',*,*,#5826,.F.);
#5164=ORIENTED_EDGE('',*,*,#6041,.F.);
#5165=ORIENTED_EDGE('',*,*,#5514,.F.);
#5166=ORIENTED_EDGE('',*,*,#6036,.T.);
#5167=ORIENTED_EDGE('',*,*,#5895,.F.);
#5168=ORIENTED_EDGE('',*,*,#5835,.F.);
#5169=ORIENTED_EDGE('',*,*,#6042,.F.);
#5170=ORIENTED_EDGE('',*,*,#5505,.F.);
#5171=ORIENTED_EDGE('',*,*,#5896,.F.);
#5172=ORIENTED_EDGE('',*,*,#5511,.F.);
#5173=ORIENTED_EDGE('',*,*,#6043,.T.);
#5174=ORIENTED_EDGE('',*,*,#5829,.F.);
#5175=ORIENTED_EDGE('',*,*,#5830,.F.);
#5176=ORIENTED_EDGE('',*,*,#6043,.F.);
#5177=ORIENTED_EDGE('',*,*,#5510,.F.);
#5178=ORIENTED_EDGE('',*,*,#6044,.T.);
#5179=ORIENTED_EDGE('',*,*,#5831,.F.);
#5180=ORIENTED_EDGE('',*,*,#6044,.F.);
#5181=ORIENTED_EDGE('',*,*,#5509,.F.);
#5182=ORIENTED_EDGE('',*,*,#6045,.T.);
#5183=ORIENTED_EDGE('',*,*,#5832,.F.);
#5184=ORIENTED_EDGE('',*,*,#6045,.F.);
#5185=ORIENTED_EDGE('',*,*,#5508,.F.);
#5186=ORIENTED_EDGE('',*,*,#6046,.T.);
#5187=ORIENTED_EDGE('',*,*,#5833,.F.);
#5188=ORIENTED_EDGE('',*,*,#6046,.F.);
#5189=ORIENTED_EDGE('',*,*,#5507,.F.);
#5190=ORIENTED_EDGE('',*,*,#6047,.T.);
#5191=ORIENTED_EDGE('',*,*,#5834,.F.);
#5192=ORIENTED_EDGE('',*,*,#6047,.F.);
#5193=ORIENTED_EDGE('',*,*,#5506,.F.);
#5194=ORIENTED_EDGE('',*,*,#6042,.T.);
#5195=ORIENTED_EDGE('',*,*,#5893,.F.);
#5196=ORIENTED_EDGE('',*,*,#5843,.F.);
#5197=ORIENTED_EDGE('',*,*,#6048,.F.);
#5198=ORIENTED_EDGE('',*,*,#5497,.F.);
#5199=ORIENTED_EDGE('',*,*,#5894,.F.);
#5200=ORIENTED_EDGE('',*,*,#5503,.F.);
#5201=ORIENTED_EDGE('',*,*,#6049,.T.);
#5202=ORIENTED_EDGE('',*,*,#5837,.F.);
#5203=ORIENTED_EDGE('',*,*,#5838,.F.);
#5204=ORIENTED_EDGE('',*,*,#6049,.F.);
#5205=ORIENTED_EDGE('',*,*,#5502,.F.);
#5206=ORIENTED_EDGE('',*,*,#6050,.T.);
#5207=ORIENTED_EDGE('',*,*,#5839,.F.);
#5208=ORIENTED_EDGE('',*,*,#6050,.F.);
#5209=ORIENTED_EDGE('',*,*,#5501,.F.);
#5210=ORIENTED_EDGE('',*,*,#6051,.T.);
#5211=ORIENTED_EDGE('',*,*,#5840,.F.);
#5212=ORIENTED_EDGE('',*,*,#6051,.F.);
#5213=ORIENTED_EDGE('',*,*,#5500,.F.);
#5214=ORIENTED_EDGE('',*,*,#6052,.T.);
#5215=ORIENTED_EDGE('',*,*,#5841,.F.);
#5216=ORIENTED_EDGE('',*,*,#6052,.F.);
#5217=ORIENTED_EDGE('',*,*,#5499,.F.);
#5218=ORIENTED_EDGE('',*,*,#6053,.T.);
#5219=ORIENTED_EDGE('',*,*,#5842,.F.);
#5220=ORIENTED_EDGE('',*,*,#6053,.F.);
#5221=ORIENTED_EDGE('',*,*,#5498,.F.);
#5222=ORIENTED_EDGE('',*,*,#6048,.T.);
#5223=ORIENTED_EDGE('',*,*,#5891,.F.);
#5224=ORIENTED_EDGE('',*,*,#5851,.F.);
#5225=ORIENTED_EDGE('',*,*,#6054,.F.);
#5226=ORIENTED_EDGE('',*,*,#5489,.F.);
#5227=ORIENTED_EDGE('',*,*,#5892,.F.);
#5228=ORIENTED_EDGE('',*,*,#5495,.F.);
#5229=ORIENTED_EDGE('',*,*,#6055,.T.);
#5230=ORIENTED_EDGE('',*,*,#5845,.F.);
#5231=ORIENTED_EDGE('',*,*,#5846,.F.);
#5232=ORIENTED_EDGE('',*,*,#6055,.F.);
#5233=ORIENTED_EDGE('',*,*,#5494,.F.);
#5234=ORIENTED_EDGE('',*,*,#6056,.T.);
#5235=ORIENTED_EDGE('',*,*,#5847,.F.);
#5236=ORIENTED_EDGE('',*,*,#6056,.F.);
#5237=ORIENTED_EDGE('',*,*,#5493,.F.);
#5238=ORIENTED_EDGE('',*,*,#6057,.T.);
#5239=ORIENTED_EDGE('',*,*,#5848,.F.);
#5240=ORIENTED_EDGE('',*,*,#6057,.F.);
#5241=ORIENTED_EDGE('',*,*,#5492,.F.);
#5242=ORIENTED_EDGE('',*,*,#6058,.T.);
#5243=ORIENTED_EDGE('',*,*,#5849,.F.);
#5244=ORIENTED_EDGE('',*,*,#6058,.F.);
#5245=ORIENTED_EDGE('',*,*,#5491,.F.);
#5246=ORIENTED_EDGE('',*,*,#6059,.T.);
#5247=ORIENTED_EDGE('',*,*,#5850,.F.);
#5248=ORIENTED_EDGE('',*,*,#6059,.F.);
#5249=ORIENTED_EDGE('',*,*,#5490,.F.);
#5250=ORIENTED_EDGE('',*,*,#6054,.T.);
#5251=ORIENTED_EDGE('',*,*,#5889,.F.);
#5252=ORIENTED_EDGE('',*,*,#5859,.F.);
#5253=ORIENTED_EDGE('',*,*,#6060,.F.);
#5254=ORIENTED_EDGE('',*,*,#5481,.F.);
#5255=ORIENTED_EDGE('',*,*,#5890,.F.);
#5256=ORIENTED_EDGE('',*,*,#5487,.F.);
#5257=ORIENTED_EDGE('',*,*,#6061,.T.);
#5258=ORIENTED_EDGE('',*,*,#5853,.F.);
#5259=ORIENTED_EDGE('',*,*,#5854,.F.);
#5260=ORIENTED_EDGE('',*,*,#6061,.F.);
#5261=ORIENTED_EDGE('',*,*,#5486,.F.);
#5262=ORIENTED_EDGE('',*,*,#6062,.T.);
#5263=ORIENTED_EDGE('',*,*,#5855,.F.);
#5264=ORIENTED_EDGE('',*,*,#6062,.F.);
#5265=ORIENTED_EDGE('',*,*,#5485,.F.);
#5266=ORIENTED_EDGE('',*,*,#6063,.T.);
#5267=ORIENTED_EDGE('',*,*,#5856,.F.);
#5268=ORIENTED_EDGE('',*,*,#6063,.F.);
#5269=ORIENTED_EDGE('',*,*,#5484,.F.);
#5270=ORIENTED_EDGE('',*,*,#6064,.T.);
#5271=ORIENTED_EDGE('',*,*,#5857,.F.);
#5272=ORIENTED_EDGE('',*,*,#6064,.F.);
#5273=ORIENTED_EDGE('',*,*,#5483,.F.);
#5274=ORIENTED_EDGE('',*,*,#6065,.T.);
#5275=ORIENTED_EDGE('',*,*,#5858,.F.);
#5276=ORIENTED_EDGE('',*,*,#6065,.F.);
#5277=ORIENTED_EDGE('',*,*,#5482,.F.);
#5278=ORIENTED_EDGE('',*,*,#6060,.T.);
#5279=ORIENTED_EDGE('',*,*,#5887,.F.);
#5280=ORIENTED_EDGE('',*,*,#5867,.F.);
#5281=ORIENTED_EDGE('',*,*,#6066,.F.);
#5282=ORIENTED_EDGE('',*,*,#5473,.F.);
#5283=ORIENTED_EDGE('',*,*,#5888,.F.);
#5284=ORIENTED_EDGE('',*,*,#5479,.F.);
#5285=ORIENTED_EDGE('',*,*,#6067,.T.);
#5286=ORIENTED_EDGE('',*,*,#5861,.F.);
#5287=ORIENTED_EDGE('',*,*,#5862,.F.);
#5288=ORIENTED_EDGE('',*,*,#6067,.F.);
#5289=ORIENTED_EDGE('',*,*,#5478,.F.);
#5290=ORIENTED_EDGE('',*,*,#6068,.T.);
#5291=ORIENTED_EDGE('',*,*,#5863,.F.);
#5292=ORIENTED_EDGE('',*,*,#6068,.F.);
#5293=ORIENTED_EDGE('',*,*,#5477,.F.);
#5294=ORIENTED_EDGE('',*,*,#6069,.T.);
#5295=ORIENTED_EDGE('',*,*,#5864,.F.);
#5296=ORIENTED_EDGE('',*,*,#6069,.F.);
#5297=ORIENTED_EDGE('',*,*,#5476,.F.);
#5298=ORIENTED_EDGE('',*,*,#6070,.T.);
#5299=ORIENTED_EDGE('',*,*,#5865,.F.);
#5300=ORIENTED_EDGE('',*,*,#6070,.F.);
#5301=ORIENTED_EDGE('',*,*,#5475,.F.);
#5302=ORIENTED_EDGE('',*,*,#6071,.T.);
#5303=ORIENTED_EDGE('',*,*,#5866,.F.);
#5304=ORIENTED_EDGE('',*,*,#6071,.F.);
#5305=ORIENTED_EDGE('',*,*,#5474,.F.);
#5306=ORIENTED_EDGE('',*,*,#6066,.T.);
#5307=ORIENTED_EDGE('',*,*,#5883,.F.);
#5308=ORIENTED_EDGE('',*,*,#5875,.F.);
#5309=ORIENTED_EDGE('',*,*,#6072,.F.);
#5310=ORIENTED_EDGE('',*,*,#5465,.F.);
#5311=ORIENTED_EDGE('',*,*,#5886,.F.);
#5312=ORIENTED_EDGE('',*,*,#5471,.F.);
#5313=ORIENTED_EDGE('',*,*,#6073,.T.);
#5314=ORIENTED_EDGE('',*,*,#5869,.F.);
#5315=ORIENTED_EDGE('',*,*,#5870,.F.);
#5316=ORIENTED_EDGE('',*,*,#6073,.F.);
#5317=ORIENTED_EDGE('',*,*,#5470,.F.);
#5318=ORIENTED_EDGE('',*,*,#6074,.T.);
#5319=ORIENTED_EDGE('',*,*,#5871,.F.);
#5320=ORIENTED_EDGE('',*,*,#6074,.F.);
#5321=ORIENTED_EDGE('',*,*,#5469,.F.);
#5322=ORIENTED_EDGE('',*,*,#6075,.T.);
#5323=ORIENTED_EDGE('',*,*,#5872,.F.);
#5324=ORIENTED_EDGE('',*,*,#6075,.F.);
#5325=ORIENTED_EDGE('',*,*,#5468,.F.);
#5326=ORIENTED_EDGE('',*,*,#6076,.T.);
#5327=ORIENTED_EDGE('',*,*,#5873,.F.);
#5328=ORIENTED_EDGE('',*,*,#6076,.F.);
#5329=ORIENTED_EDGE('',*,*,#5467,.F.);
#5330=ORIENTED_EDGE('',*,*,#6077,.T.);
#5331=ORIENTED_EDGE('',*,*,#5874,.F.);
#5332=ORIENTED_EDGE('',*,*,#6077,.F.);
#5333=ORIENTED_EDGE('',*,*,#5466,.F.);
#5334=ORIENTED_EDGE('',*,*,#6072,.T.);
#5335=ORIENTED_EDGE('',*,*,#5884,.F.);
#5336=ORIENTED_EDGE('',*,*,#5671,.F.);
#5337=ORIENTED_EDGE('',*,*,#6078,.F.);
#5338=ORIENTED_EDGE('',*,*,#5669,.F.);
#5339=ORIENTED_EDGE('',*,*,#5882,.F.);
#5340=ORIENTED_EDGE('',*,*,#5463,.F.);
#5341=ORIENTED_EDGE('',*,*,#6079,.T.);
#5342=ORIENTED_EDGE('',*,*,#5877,.F.);
#5343=ORIENTED_EDGE('',*,*,#5878,.F.);
#5344=ORIENTED_EDGE('',*,*,#6079,.F.);
#5345=ORIENTED_EDGE('',*,*,#5462,.F.);
#5346=ORIENTED_EDGE('',*,*,#6080,.T.);
#5347=ORIENTED_EDGE('',*,*,#5879,.F.);
#5348=ORIENTED_EDGE('',*,*,#6080,.F.);
#5349=ORIENTED_EDGE('',*,*,#5461,.F.);
#5350=ORIENTED_EDGE('',*,*,#6081,.T.);
#5351=ORIENTED_EDGE('',*,*,#5880,.F.);
#5352=ORIENTED_EDGE('',*,*,#6081,.F.);
#5353=ORIENTED_EDGE('',*,*,#5460,.F.);
#5354=ORIENTED_EDGE('',*,*,#6082,.T.);
#5355=ORIENTED_EDGE('',*,*,#5881,.F.);
#5356=ORIENTED_EDGE('',*,*,#6082,.F.);
#5357=ORIENTED_EDGE('',*,*,#5459,.F.);
#5358=ORIENTED_EDGE('',*,*,#6083,.T.);
#5359=ORIENTED_EDGE('',*,*,#5670,.F.);
#5360=ORIENTED_EDGE('',*,*,#6083,.F.);
#5361=ORIENTED_EDGE('',*,*,#5458,.F.);
#5362=ORIENTED_EDGE('',*,*,#6078,.T.);
#5363=ORIENTED_EDGE('',*,*,#6084,.T.);
#5364=ORIENTED_EDGE('',*,*,#5657,.T.);
#5365=ORIENTED_EDGE('',*,*,#5933,.F.);
#5366=ORIENTED_EDGE('',*,*,#5683,.F.);
#5367=ORIENTED_EDGE('',*,*,#5682,.F.);
#5368=ORIENTED_EDGE('',*,*,#6085,.F.);
#5369=ORIENTED_EDGE('',*,*,#5658,.F.);
#5370=ORIENTED_EDGE('',*,*,#6084,.F.);
#5371=ORIENTED_EDGE('',*,*,#6085,.T.);
#5372=ORIENTED_EDGE('',*,*,#5681,.T.);
#5373=ORIENTED_EDGE('',*,*,#6086,.F.);
#5374=ORIENTED_EDGE('',*,*,#5659,.F.);
#5375=ORIENTED_EDGE('',*,*,#6087,.T.);
#5376=ORIENTED_EDGE('',*,*,#5660,.T.);
#5377=ORIENTED_EDGE('',*,*,#6086,.T.);
#5378=ORIENTED_EDGE('',*,*,#5680,.T.);
#5379=ORIENTED_EDGE('',*,*,#5661,.F.);
#5380=ORIENTED_EDGE('',*,*,#6087,.F.);
#5381=ORIENTED_EDGE('',*,*,#5679,.F.);
#5382=ORIENTED_EDGE('',*,*,#6088,.F.);
#5383=ORIENTED_EDGE('',*,*,#5662,.F.);
#5384=ORIENTED_EDGE('',*,*,#6088,.T.);
#5385=ORIENTED_EDGE('',*,*,#5678,.F.);
#5386=ORIENTED_EDGE('',*,*,#6089,.F.);
#5387=ORIENTED_EDGE('',*,*,#5663,.F.);
#5388=ORIENTED_EDGE('',*,*,#6089,.T.);
#5389=ORIENTED_EDGE('',*,*,#5677,.F.);
#5390=ORIENTED_EDGE('',*,*,#6090,.F.);
#5391=ORIENTED_EDGE('',*,*,#5664,.F.);
#5392=ORIENTED_EDGE('',*,*,#6090,.T.);
#5393=ORIENTED_EDGE('',*,*,#5676,.F.);
#5394=ORIENTED_EDGE('',*,*,#6091,.F.);
#5395=ORIENTED_EDGE('',*,*,#5665,.F.);
#5396=ORIENTED_EDGE('',*,*,#6091,.T.);
#5397=ORIENTED_EDGE('',*,*,#5675,.F.);
#5398=ORIENTED_EDGE('',*,*,#6092,.F.);
#5399=ORIENTED_EDGE('',*,*,#5666,.F.);
#5400=ORIENTED_EDGE('',*,*,#6092,.T.);
#5401=ORIENTED_EDGE('',*,*,#5674,.F.);
#5402=ORIENTED_EDGE('',*,*,#6093,.F.);
#5403=ORIENTED_EDGE('',*,*,#5667,.F.);
#5404=ORIENTED_EDGE('',*,*,#6093,.T.);
#5405=ORIENTED_EDGE('',*,*,#5673,.F.);
#5406=ORIENTED_EDGE('',*,*,#5885,.F.);
#5407=ORIENTED_EDGE('',*,*,#6094,.T.);
#5408=ORIENTED_EDGE('',*,*,#6094,.F.);
#5409=ORIENTED_EDGE('',*,*,#6095,.T.);
#5410=ORIENTED_EDGE('',*,*,#6096,.T.);
#5411=ORIENTED_EDGE('',*,*,#6095,.F.);
#5412=ORIENTED_EDGE('',*,*,#6096,.F.);
#5413=EDGE_CURVE('',#6097,#6097,#6098,.T.);
#5414=EDGE_CURVE('',#6099,#6097,#6100,.T.);
#5415=EDGE_CURVE('',#6101,#6099,#6102,.T.);
#5416=EDGE_CURVE('',#6101,#6103,#6104,.F.);
#5417=EDGE_CURVE('',#6105,#6103,#6106,.T.);
#5418=EDGE_CURVE('',#6097,#6105,#6107,.T.);
#5419=EDGE_CURVE('',#6108,#6108,#6109,.T.);
#5420=EDGE_CURVE('',#6105,#6110,#6111,.T.);
#5421=EDGE_CURVE('',#6112,#6110,#6113,.T.);
#5422=EDGE_CURVE('',#6099,#6112,#6114,.T.);
#5423=EDGE_CURVE('',#6115,#6116,#6117,.T.);
#5424=EDGE_CURVE('',#6116,#6101,#6118,.T.);
#5425=EDGE_CURVE('',#6119,#6112,#6120,.T.);
#5426=EDGE_CURVE('',#6115,#6119,#6121,.T.);
#5427=EDGE_CURVE('',#6116,#6122,#6123,.T.);
#5428=EDGE_CURVE('',#6122,#6103,#6124,.T.);
#5429=EDGE_CURVE('',#6122,#6125,#6126,.T.);
#5430=EDGE_CURVE('',#6125,#6127,#6128,.T.);
#5431=EDGE_CURVE('',#6110,#6127,#6129,.T.);
#5432=EDGE_CURVE('',#6127,#6119,#6130,.T.);
#5433=EDGE_CURVE('',#6115,#6131,#6132,.T.);
#5434=EDGE_CURVE('',#6131,#6133,#6134,.T.);
#5435=EDGE_CURVE('',#6133,#6135,#6136,.T.);
#5436=EDGE_CURVE('',#6135,#6137,#6138,.T.);
#5437=EDGE_CURVE('',#6137,#6125,#6139,.T.);
#5438=EDGE_CURVE('',#6140,#6141,#6142,.T.);
#5439=EDGE_CURVE('',#6143,#6140,#6144,.T.);
#5440=EDGE_CURVE('',#6145,#6143,#6146,.T.);
#5441=EDGE_CURVE('',#6141,#6145,#6147,.T.);
#5442=EDGE_CURVE('',#6148,#6149,#6150,.T.);
#5443=EDGE_CURVE('',#6149,#6131,#6151,.T.);
#5444=EDGE_CURVE('',#6148,#6137,#6152,.T.);
#5445=EDGE_CURVE('',#6149,#6153,#6154,.T.);
#5446=EDGE_CURVE('',#6153,#6133,#6155,.T.);
#5447=EDGE_CURVE('',#6153,#6156,#6157,.T.);
#5448=EDGE_CURVE('',#6156,#6135,#6158,.T.);
#5449=EDGE_CURVE('',#6156,#6148,#6159,.T.);
#5450=EDGE_CURVE('',#6141,#6160,#6161,.T.);
#5451=EDGE_CURVE('',#6162,#6160,#6163,.T.);
#5452=EDGE_CURVE('',#6140,#6162,#6164,.T.);
#5453=EDGE_CURVE('',#6165,#6162,#6166,.T.);
#5454=EDGE_CURVE('',#6143,#6165,#6167,.T.);
#5455=EDGE_CURVE('',#6168,#6165,#6169,.T.);
#5456=EDGE_CURVE('',#6145,#6168,#6170,.T.);
#5457=EDGE_CURVE('',#6160,#6168,#6171,.T.);
#5458=EDGE_CURVE('',#6172,#6173,#6174,.F.);
#5459=EDGE_CURVE('',#6173,#6175,#6176,.F.);
#5460=EDGE_CURVE('',#6175,#6177,#6178,.F.);
#5461=EDGE_CURVE('',#6177,#6179,#6180,.F.);
#5462=EDGE_CURVE('',#6179,#6181,#6182,.F.);
#5463=EDGE_CURVE('',#6181,#6183,#6184,.F.);
#5464=EDGE_CURVE('',#6185,#6183,#6186,.T.);
#5465=EDGE_CURVE('',#6185,#6187,#6188,.F.);
#5466=EDGE_CURVE('',#6187,#6189,#6190,.F.);
#5467=EDGE_CURVE('',#6189,#6191,#6192,.F.);
#5468=EDGE_CURVE('',#6191,#6193,#6194,.F.);
#5469=EDGE_CURVE('',#6193,#6195,#6196,.F.);
#5470=EDGE_CURVE('',#6195,#6197,#6198,.F.);
#5471=EDGE_CURVE('',#6197,#6199,#6200,.F.);
#5472=EDGE_CURVE('',#6201,#6199,#6202,.T.);
#5473=EDGE_CURVE('',#6201,#6203,#6204,.F.);
#5474=EDGE_CURVE('',#6203,#6205,#6206,.F.);
#5475=EDGE_CURVE('',#6205,#6207,#6208,.F.);
#5476=EDGE_CURVE('',#6207,#6209,#6210,.F.);
#5477=EDGE_CURVE('',#6209,#6211,#6212,.F.);
#5478=EDGE_CURVE('',#6211,#6213,#6214,.F.);
#5479=EDGE_CURVE('',#6213,#6215,#6216,.F.);
#5480=EDGE_CURVE('',#6217,#6215,#6218,.T.);
#5481=EDGE_CURVE('',#6217,#6219,#6220,.F.);
#5482=EDGE_CURVE('',#6219,#6221,#6222,.F.);
#5483=EDGE_CURVE('',#6221,#6223,#6224,.F.);
#5484=EDGE_CURVE('',#6223,#6225,#6226,.F.);
#5485=EDGE_CURVE('',#6225,#6227,#6228,.F.);
#5486=EDGE_CURVE('',#6227,#6229,#6230,.F.);
#5487=EDGE_CURVE('',#6229,#6231,#6232,.F.);
#5488=EDGE_CURVE('',#6233,#6231,#6234,.T.);
#5489=EDGE_CURVE('',#6233,#6235,#6236,.F.);
#5490=EDGE_CURVE('',#6235,#6237,#6238,.F.);
#5491=EDGE_CURVE('',#6237,#6239,#6240,.F.);
#5492=EDGE_CURVE('',#6239,#6241,#6242,.F.);
#5493=EDGE_CURVE('',#6241,#6243,#6244,.F.);
#5494=EDGE_CURVE('',#6243,#6245,#6246,.F.);
#5495=EDGE_CURVE('',#6245,#6247,#6248,.F.);
#5496=EDGE_CURVE('',#6249,#6247,#6250,.T.);
#5497=EDGE_CURVE('',#6249,#6251,#6252,.F.);
#5498=EDGE_CURVE('',#6251,#6253,#6254,.F.);
#5499=EDGE_CURVE('',#6253,#6255,#6256,.F.);
#5500=EDGE_CURVE('',#6255,#6257,#6258,.F.);
#5501=EDGE_CURVE('',#6257,#6259,#6260,.F.);
#5502=EDGE_CURVE('',#6259,#6261,#6262,.F.);
#5503=EDGE_CURVE('',#6261,#6263,#6264,.F.);
#5504=EDGE_CURVE('',#6265,#6263,#6266,.T.);
#5505=EDGE_CURVE('',#6265,#6267,#6268,.F.);
#5506=EDGE_CURVE('',#6267,#6269,#6270,.F.);
#5507=EDGE_CURVE('',#6269,#6271,#6272,.F.);
#5508=EDGE_CURVE('',#6271,#6273,#6274,.F.);
#5509=EDGE_CURVE('',#6273,#6275,#6276,.F.);
#5510=EDGE_CURVE('',#6275,#6277,#6278,.F.);
#5511=EDGE_CURVE('',#6277,#6279,#6280,.F.);
#5512=EDGE_CURVE('',#6281,#6279,#6282,.T.);
#5513=EDGE_CURVE('',#6281,#6283,#6284,.F.);
#5514=EDGE_CURVE('',#6283,#6285,#6286,.F.);
#5515=EDGE_CURVE('',#6285,#6287,#6288,.F.);
#5516=EDGE_CURVE('',#6287,#6289,#6290,.F.);
#5517=EDGE_CURVE('',#6289,#6291,#6292,.F.);
#5518=EDGE_CURVE('',#6291,#6293,#6294,.F.);
#5519=EDGE_CURVE('',#6293,#6295,#6296,.F.);
#5520=EDGE_CURVE('',#6297,#6295,#6298,.T.);
#5521=EDGE_CURVE('',#6297,#6299,#6300,.F.);
#5522=EDGE_CURVE('',#6299,#6301,#6302,.F.);
#5523=EDGE_CURVE('',#6301,#6303,#6304,.F.);
#5524=EDGE_CURVE('',#6303,#6305,#6306,.F.);
#5525=EDGE_CURVE('',#6305,#6307,#6308,.F.);
#5526=EDGE_CURVE('',#6307,#6309,#6310,.F.);
#5527=EDGE_CURVE('',#6309,#6311,#6312,.F.);
#5528=EDGE_CURVE('',#6313,#6311,#6314,.T.);
#5529=EDGE_CURVE('',#6313,#6315,#6316,.F.);
#5530=EDGE_CURVE('',#6315,#6317,#6318,.F.);
#5531=EDGE_CURVE('',#6317,#6319,#6320,.F.);
#5532=EDGE_CURVE('',#6319,#6321,#6322,.F.);
#5533=EDGE_CURVE('',#6321,#6323,#6324,.F.);
#5534=EDGE_CURVE('',#6323,#6325,#6326,.F.);
#5535=EDGE_CURVE('',#6325,#6327,#6328,.F.);
#5536=EDGE_CURVE('',#6329,#6327,#6330,.T.);
#5537=EDGE_CURVE('',#6329,#6331,#6332,.F.);
#5538=EDGE_CURVE('',#6331,#6333,#6334,.F.);
#5539=EDGE_CURVE('',#6333,#6335,#6336,.F.);
#5540=EDGE_CURVE('',#6335,#6337,#6338,.F.);
#5541=EDGE_CURVE('',#6337,#6339,#6340,.F.);
#5542=EDGE_CURVE('',#6339,#6341,#6342,.F.);
#5543=EDGE_CURVE('',#6341,#6343,#6344,.F.);
#5544=EDGE_CURVE('',#6345,#6343,#6346,.T.);
#5545=EDGE_CURVE('',#6345,#6347,#6348,.F.);
#5546=EDGE_CURVE('',#6347,#6349,#6350,.F.);
#5547=EDGE_CURVE('',#6349,#6351,#6352,.F.);
#5548=EDGE_CURVE('',#6351,#6353,#6354,.F.);
#5549=EDGE_CURVE('',#6353,#6355,#6356,.F.);
#5550=EDGE_CURVE('',#6355,#6357,#6358,.F.);
#5551=EDGE_CURVE('',#6357,#6359,#6360,.F.);
#5552=EDGE_CURVE('',#6361,#6359,#6362,.T.);
#5553=EDGE_CURVE('',#6361,#6363,#6364,.F.);
#5554=EDGE_CURVE('',#6363,#6365,#6366,.F.);
#5555=EDGE_CURVE('',#6365,#6367,#6368,.F.);
#5556=EDGE_CURVE('',#6367,#6369,#6370,.F.);
#5557=EDGE_CURVE('',#6369,#6371,#6372,.F.);
#5558=EDGE_CURVE('',#6371,#6373,#6374,.F.);
#5559=EDGE_CURVE('',#6373,#6375,#6376,.F.);
#5560=EDGE_CURVE('',#6377,#6375,#6378,.T.);
#5561=EDGE_CURVE('',#6377,#6379,#6380,.F.);
#5562=EDGE_CURVE('',#6379,#6381,#6382,.F.);
#5563=EDGE_CURVE('',#6381,#6383,#6384,.F.);
#5564=EDGE_CURVE('',#6383,#6385,#6386,.F.);
#5565=EDGE_CURVE('',#6385,#6387,#6388,.F.);
#5566=EDGE_CURVE('',#6387,#6389,#6390,.F.);
#5567=EDGE_CURVE('',#6389,#6391,#6392,.F.);
#5568=EDGE_CURVE('',#6393,#6391,#6394,.T.);
#5569=EDGE_CURVE('',#6393,#6395,#6396,.F.);
#5570=EDGE_CURVE('',#6395,#6397,#6398,.F.);
#5571=EDGE_CURVE('',#6397,#6399,#6400,.F.);
#5572=EDGE_CURVE('',#6399,#6401,#6402,.F.);
#5573=EDGE_CURVE('',#6401,#6403,#6404,.F.);
#5574=EDGE_CURVE('',#6403,#6405,#6406,.F.);
#5575=EDGE_CURVE('',#6405,#6407,#6408,.F.);
#5576=EDGE_CURVE('',#6409,#6407,#6410,.T.);
#5577=EDGE_CURVE('',#6409,#6411,#6412,.F.);
#5578=EDGE_CURVE('',#6411,#6413,#6414,.F.);
#5579=EDGE_CURVE('',#6413,#6415,#6416,.F.);
#5580=EDGE_CURVE('',#6415,#6417,#6418,.F.);
#5581=EDGE_CURVE('',#6417,#6419,#6420,.F.);
#5582=EDGE_CURVE('',#6419,#6421,#6422,.F.);
#5583=EDGE_CURVE('',#6421,#6423,#6424,.F.);
#5584=EDGE_CURVE('',#6425,#6423,#6426,.T.);
#5585=EDGE_CURVE('',#6425,#6427,#6428,.F.);
#5586=EDGE_CURVE('',#6427,#6429,#6430,.F.);
#5587=EDGE_CURVE('',#6429,#6431,#6432,.F.);
#5588=EDGE_CURVE('',#6431,#6433,#6434,.F.);
#5589=EDGE_CURVE('',#6433,#6435,#6436,.F.);
#5590=EDGE_CURVE('',#6435,#6437,#6438,.F.);
#5591=EDGE_CURVE('',#6437,#6439,#6440,.F.);
#5592=EDGE_CURVE('',#6441,#6439,#6442,.T.);
#5593=EDGE_CURVE('',#6441,#6443,#6444,.F.);
#5594=EDGE_CURVE('',#6443,#6445,#6446,.F.);
#5595=EDGE_CURVE('',#6445,#6447,#6448,.F.);
#5596=EDGE_CURVE('',#6447,#6449,#6450,.F.);
#5597=EDGE_CURVE('',#6449,#6451,#6452,.F.);
#5598=EDGE_CURVE('',#6451,#6453,#6454,.F.);
#5599=EDGE_CURVE('',#6453,#6455,#6456,.F.);
#5600=EDGE_CURVE('',#6457,#6455,#6458,.T.);
#5601=EDGE_CURVE('',#6457,#6459,#6460,.F.);
#5602=EDGE_CURVE('',#6459,#6461,#6462,.F.);
#5603=EDGE_CURVE('',#6461,#6463,#6464,.F.);
#5604=EDGE_CURVE('',#6463,#6465,#6466,.F.);
#5605=EDGE_CURVE('',#6465,#6467,#6468,.F.);
#5606=EDGE_CURVE('',#6467,#6469,#6470,.F.);
#5607=EDGE_CURVE('',#6469,#6471,#6472,.F.);
#5608=EDGE_CURVE('',#6473,#6471,#6474,.T.);
#5609=EDGE_CURVE('',#6473,#6475,#6476,.F.);
#5610=EDGE_CURVE('',#6475,#6477,#6478,.F.);
#5611=EDGE_CURVE('',#6477,#6479,#6480,.F.);
#5612=EDGE_CURVE('',#6479,#6481,#6482,.F.);
#5613=EDGE_CURVE('',#6481,#6483,#6484,.F.);
#5614=EDGE_CURVE('',#6483,#6485,#6486,.F.);
#5615=EDGE_CURVE('',#6485,#6487,#6488,.F.);
#5616=EDGE_CURVE('',#6489,#6487,#6490,.T.);
#5617=EDGE_CURVE('',#6489,#6491,#6492,.F.);
#5618=EDGE_CURVE('',#6491,#6493,#6494,.F.);
#5619=EDGE_CURVE('',#6493,#6495,#6496,.F.);
#5620=EDGE_CURVE('',#6495,#6497,#6498,.F.);
#5621=EDGE_CURVE('',#6497,#6499,#6500,.F.);
#5622=EDGE_CURVE('',#6499,#6501,#6502,.F.);
#5623=EDGE_CURVE('',#6501,#6503,#6504,.F.);
#5624=EDGE_CURVE('',#6505,#6503,#6506,.T.);
#5625=EDGE_CURVE('',#6505,#6507,#6508,.F.);
#5626=EDGE_CURVE('',#6507,#6509,#6510,.F.);
#5627=EDGE_CURVE('',#6509,#6511,#6512,.F.);
#5628=EDGE_CURVE('',#6511,#6513,#6514,.F.);
#5629=EDGE_CURVE('',#6513,#6515,#6516,.F.);
#5630=EDGE_CURVE('',#6515,#6517,#6518,.F.);
#5631=EDGE_CURVE('',#6517,#6519,#6520,.F.);
#5632=EDGE_CURVE('',#6521,#6519,#6522,.T.);
#5633=EDGE_CURVE('',#6521,#6523,#6524,.F.);
#5634=EDGE_CURVE('',#6523,#6525,#6526,.F.);
#5635=EDGE_CURVE('',#6525,#6527,#6528,.F.);
#5636=EDGE_CURVE('',#6527,#6529,#6530,.F.);
#5637=EDGE_CURVE('',#6529,#6531,#6532,.F.);
#5638=EDGE_CURVE('',#6531,#6533,#6534,.F.);
#5639=EDGE_CURVE('',#6533,#6535,#6536,.F.);
#5640=EDGE_CURVE('',#6537,#6535,#6538,.T.);
#5641=EDGE_CURVE('',#6537,#6539,#6540,.F.);
#5642=EDGE_CURVE('',#6539,#6541,#6542,.F.);
#5643=EDGE_CURVE('',#6541,#6543,#6544,.F.);
#5644=EDGE_CURVE('',#6543,#6545,#6546,.F.);
#5645=EDGE_CURVE('',#6545,#6547,#6548,.F.);
#5646=EDGE_CURVE('',#6547,#6549,#6550,.F.);
#5647=EDGE_CURVE('',#6549,#6551,#6552,.F.);
#5648=EDGE_CURVE('',#6553,#6551,#6554,.T.);
#5649=EDGE_CURVE('',#6553,#6555,#6556,.F.);
#5650=EDGE_CURVE('',#6555,#6557,#6558,.F.);
#5651=EDGE_CURVE('',#6557,#6559,#6560,.F.);
#5652=EDGE_CURVE('',#6559,#6561,#6562,.F.);
#5653=EDGE_CURVE('',#6561,#6563,#6564,.F.);
#5654=EDGE_CURVE('',#6563,#6565,#6566,.F.);
#5655=EDGE_CURVE('',#6565,#6567,#6568,.F.);
#5656=EDGE_CURVE('',#6569,#6567,#6570,.T.);
#5657=EDGE_CURVE('',#6571,#6569,#6572,.T.);
#5658=EDGE_CURVE('',#6571,#6573,#6574,.T.);
#5659=EDGE_CURVE('',#6573,#6575,#6576,.T.);
#5660=EDGE_CURVE('',#6577,#6575,#6578,.T.);
#5661=EDGE_CURVE('',#6577,#6579,#6580,.F.);
#5662=EDGE_CURVE('',#6579,#6581,#6582,.F.);
#5663=EDGE_CURVE('',#6581,#6583,#6584,.F.);
#5664=EDGE_CURVE('',#6583,#6585,#6586,.F.);
#5665=EDGE_CURVE('',#6585,#6587,#6588,.F.);
#5666=EDGE_CURVE('',#6587,#6589,#6590,.F.);
#5667=EDGE_CURVE('',#6589,#6591,#6592,.F.);
#5668=EDGE_CURVE('',#6593,#6591,#6594,.T.);
#5669=EDGE_CURVE('',#6593,#6172,#6595,.F.);
#5670=EDGE_CURVE('',#6596,#6597,#6598,.F.);
#5671=EDGE_CURVE('',#6597,#6599,#6600,.F.);
#5672=EDGE_CURVE('',#6601,#6599,#6602,.T.);
#5673=EDGE_CURVE('',#6601,#6603,#6604,.F.);
#5674=EDGE_CURVE('',#6603,#6605,#6606,.F.);
#5675=EDGE_CURVE('',#6605,#6607,#6608,.F.);
#5676=EDGE_CURVE('',#6607,#6609,#6610,.F.);
#5677=EDGE_CURVE('',#6609,#6611,#6612,.F.);
#5678=EDGE_CURVE('',#6611,#6613,#6614,.F.);
#5679=EDGE_CURVE('',#6613,#6615,#6616,.F.);
#5680=EDGE_CURVE('',#6617,#6615,#6618,.T.);
#5681=EDGE_CURVE('',#6619,#6617,#6620,.T.);
#5682=EDGE_CURVE('',#6619,#6621,#6622,.T.);
#5683=EDGE_CURVE('',#6621,#6623,#6624,.T.);
#5684=EDGE_CURVE('',#6625,#6623,#6626,.T.);
#5685=EDGE_CURVE('',#6625,#6627,#6628,.F.);
#5686=EDGE_CURVE('',#6627,#6629,#6630,.F.);
#5687=EDGE_CURVE('',#6629,#6631,#6632,.F.);
#5688=EDGE_CURVE('',#6631,#6633,#6634,.F.);
#5689=EDGE_CURVE('',#6633,#6635,#6636,.F.);
#5690=EDGE_CURVE('',#6635,#6637,#6638,.F.);
#5691=EDGE_CURVE('',#6637,#6639,#6640,.F.);
#5692=EDGE_CURVE('',#6641,#6639,#6642,.T.);
#5693=EDGE_CURVE('',#6641,#6643,#6644,.F.);
#5694=EDGE_CURVE('',#6643,#6645,#6646,.F.);
#5695=EDGE_CURVE('',#6645,#6647,#6648,.F.);
#5696=EDGE_CURVE('',#6647,#6649,#6650,.F.);
#5697=EDGE_CURVE('',#6649,#6651,#6652,.F.);
#5698=EDGE_CURVE('',#6651,#6653,#6654,.F.);
#5699=EDGE_CURVE('',#6653,#6655,#6656,.F.);
#5700=EDGE_CURVE('',#6657,#6655,#6658,.T.);
#5701=EDGE_CURVE('',#6657,#6659,#6660,.F.);
#5702=EDGE_CURVE('',#6659,#6661,#6662,.F.);
#5703=EDGE_CURVE('',#6661,#6663,#6664,.F.);
#5704=EDGE_CURVE('',#6663,#6665,#6666,.F.);
#5705=EDGE_CURVE('',#6665,#6667,#6668,.F.);
#5706=EDGE_CURVE('',#6667,#6669,#6670,.F.);
#5707=EDGE_CURVE('',#6669,#6671,#6672,.F.);
#5708=EDGE_CURVE('',#6673,#6671,#6674,.T.);
#5709=EDGE_CURVE('',#6673,#6675,#6676,.F.);
#5710=EDGE_CURVE('',#6675,#6677,#6678,.F.);
#5711=EDGE_CURVE('',#6677,#6679,#6680,.F.);
#5712=EDGE_CURVE('',#6679,#6681,#6682,.F.);
#5713=EDGE_CURVE('',#6681,#6683,#6684,.F.);
#5714=EDGE_CURVE('',#6683,#6685,#6686,.F.);
#5715=EDGE_CURVE('',#6685,#6687,#6688,.F.);
#5716=EDGE_CURVE('',#6689,#6687,#6690,.T.);
#5717=EDGE_CURVE('',#6689,#6691,#6692,.F.);
#5718=EDGE_CURVE('',#6691,#6693,#6694,.F.);
#5719=EDGE_CURVE('',#6693,#6695,#6696,.F.);
#5720=EDGE_CURVE('',#6695,#6697,#6698,.F.);
#5721=EDGE_CURVE('',#6697,#6699,#6700,.F.);
#5722=EDGE_CURVE('',#6699,#6701,#6702,.F.);
#5723=EDGE_CURVE('',#6701,#6703,#6704,.F.);
#5724=EDGE_CURVE('',#6705,#6703,#6706,.T.);
#5725=EDGE_CURVE('',#6705,#6707,#6708,.F.);
#5726=EDGE_CURVE('',#6707,#6709,#6710,.F.);
#5727=EDGE_CURVE('',#6709,#6711,#6712,.F.);
#5728=EDGE_CURVE('',#6711,#6713,#6714,.F.);
#5729=EDGE_CURVE('',#6713,#6715,#6716,.F.);
#5730=EDGE_CURVE('',#6715,#6717,#6718,.F.);
#5731=EDGE_CURVE('',#6717,#6719,#6720,.F.);
#5732=EDGE_CURVE('',#6721,#6719,#6722,.T.);
#5733=EDGE_CURVE('',#6721,#6723,#6724,.F.);
#5734=EDGE_CURVE('',#6723,#6725,#6726,.F.);
#5735=EDGE_CURVE('',#6725,#6727,#6728,.F.);
#5736=EDGE_CURVE('',#6727,#6729,#6730,.F.);
#5737=EDGE_CURVE('',#6729,#6731,#6732,.F.);
#5738=EDGE_CURVE('',#6731,#6733,#6734,.F.);
#5739=EDGE_CURVE('',#6733,#6735,#6736,.F.);
#5740=EDGE_CURVE('',#6737,#6735,#6738,.T.);
#5741=EDGE_CURVE('',#6737,#6739,#6740,.F.);
#5742=EDGE_CURVE('',#6739,#6741,#6742,.F.);
#5743=EDGE_CURVE('',#6741,#6743,#6744,.F.);
#5744=EDGE_CURVE('',#6743,#6745,#6746,.F.);
#5745=EDGE_CURVE('',#6745,#6747,#6748,.F.);
#5746=EDGE_CURVE('',#6747,#6749,#6750,.F.);
#5747=EDGE_CURVE('',#6749,#6751,#6752,.F.);
#5748=EDGE_CURVE('',#6753,#6751,#6754,.T.);
#5749=EDGE_CURVE('',#6753,#6755,#6756,.F.);
#5750=EDGE_CURVE('',#6755,#6757,#6758,.F.);
#5751=EDGE_CURVE('',#6757,#6759,#6760,.F.);
#5752=EDGE_CURVE('',#6759,#6761,#6762,.F.);
#5753=EDGE_CURVE('',#6761,#6763,#6764,.F.);
#5754=EDGE_CURVE('',#6763,#6765,#6766,.F.);
#5755=EDGE_CURVE('',#6765,#6767,#6768,.F.);
#5756=EDGE_CURVE('',#6769,#6767,#6770,.T.);
#5757=EDGE_CURVE('',#6769,#6771,#6772,.F.);
#5758=EDGE_CURVE('',#6771,#6773,#6774,.F.);
#5759=EDGE_CURVE('',#6773,#6775,#6776,.F.);
#5760=EDGE_CURVE('',#6775,#6777,#6778,.F.);
#5761=EDGE_CURVE('',#6777,#6779,#6780,.F.);
#5762=EDGE_CURVE('',#6779,#6781,#6782,.F.);
#5763=EDGE_CURVE('',#6781,#6783,#6784,.F.);
#5764=EDGE_CURVE('',#6785,#6783,#6786,.T.);
#5765=EDGE_CURVE('',#6785,#6787,#6788,.F.);
#5766=EDGE_CURVE('',#6787,#6789,#6790,.F.);
#5767=EDGE_CURVE('',#6789,#6791,#6792,.F.);
#5768=EDGE_CURVE('',#6791,#6793,#6794,.F.);
#5769=EDGE_CURVE('',#6793,#6795,#6796,.F.);
#5770=EDGE_CURVE('',#6795,#6797,#6798,.F.);
#5771=EDGE_CURVE('',#6797,#6799,#6800,.F.);
#5772=EDGE_CURVE('',#6801,#6799,#6802,.T.);
#5773=EDGE_CURVE('',#6801,#6803,#6804,.F.);
#5774=EDGE_CURVE('',#6803,#6805,#6806,.F.);
#5775=EDGE_CURVE('',#6805,#6807,#6808,.F.);
#5776=EDGE_CURVE('',#6807,#6809,#6810,.F.);
#5777=EDGE_CURVE('',#6809,#6811,#6812,.F.);
#5778=EDGE_CURVE('',#6811,#6813,#6814,.F.);
#5779=EDGE_CURVE('',#6813,#6815,#6816,.F.);
#5780=EDGE_CURVE('',#6817,#6815,#6818,.T.);
#5781=EDGE_CURVE('',#6817,#6819,#6820,.F.);
#5782=EDGE_CURVE('',#6819,#6821,#6822,.F.);
#5783=EDGE_CURVE('',#6821,#6823,#6824,.F.);
#5784=EDGE_CURVE('',#6823,#6825,#6826,.F.);
#5785=EDGE_CURVE('',#6825,#6827,#6828,.F.);
#5786=EDGE_CURVE('',#6827,#6829,#6830,.F.);
#5787=EDGE_CURVE('',#6829,#6831,#6832,.F.);
#5788=EDGE_CURVE('',#6833,#6831,#6834,.T.);
#5789=EDGE_CURVE('',#6833,#6835,#6836,.F.);
#5790=EDGE_CURVE('',#6835,#6837,#6838,.F.);
#5791=EDGE_CURVE('',#6837,#6839,#6840,.F.);
#5792=EDGE_CURVE('',#6839,#6841,#6842,.F.);
#5793=EDGE_CURVE('',#6841,#6843,#6844,.F.);
#5794=EDGE_CURVE('',#6843,#6845,#6846,.F.);
#5795=EDGE_CURVE('',#6845,#6847,#6848,.F.);
#5796=EDGE_CURVE('',#6849,#6847,#6850,.T.);
#5797=EDGE_CURVE('',#6849,#6851,#6852,.F.);
#5798=EDGE_CURVE('',#6851,#6853,#6854,.F.);
#5799=EDGE_CURVE('',#6853,#6855,#6856,.F.);
#5800=EDGE_CURVE('',#6855,#6857,#6858,.F.);
#5801=EDGE_CURVE('',#6857,#6859,#6860,.F.);
#5802=EDGE_CURVE('',#6859,#6861,#6862,.F.);
#5803=EDGE_CURVE('',#6861,#6863,#6864,.F.);
#5804=EDGE_CURVE('',#6865,#6863,#6866,.T.);
#5805=EDGE_CURVE('',#6865,#6867,#6868,.F.);
#5806=EDGE_CURVE('',#6867,#6869,#6870,.F.);
#5807=EDGE_CURVE('',#6869,#6871,#6872,.F.);
#5808=EDGE_CURVE('',#6871,#6873,#6874,.F.);
#5809=EDGE_CURVE('',#6873,#6875,#6876,.F.);
#5810=EDGE_CURVE('',#6875,#6877,#6878,.F.);
#5811=EDGE_CURVE('',#6877,#6879,#6880,.F.);
#5812=EDGE_CURVE('',#6881,#6879,#6882,.T.);
#5813=EDGE_CURVE('',#6881,#6883,#6884,.F.);
#5814=EDGE_CURVE('',#6883,#6885,#6886,.F.);
#5815=EDGE_CURVE('',#6885,#6887,#6888,.F.);
#5816=EDGE_CURVE('',#6887,#6889,#6890,.F.);
#5817=EDGE_CURVE('',#6889,#6891,#6892,.F.);
#5818=EDGE_CURVE('',#6891,#6893,#6894,.F.);
#5819=EDGE_CURVE('',#6893,#6895,#6896,.F.);
#5820=EDGE_CURVE('',#6897,#6895,#6898,.T.);
#5821=EDGE_CURVE('',#6897,#6899,#6900,.F.);
#5822=EDGE_CURVE('',#6899,#6901,#6902,.F.);
#5823=EDGE_CURVE('',#6901,#6903,#6904,.F.);
#5824=EDGE_CURVE('',#6903,#6905,#6906,.F.);
#5825=EDGE_CURVE('',#6905,#6907,#6908,.F.);
#5826=EDGE_CURVE('',#6907,#6909,#6910,.F.);
#5827=EDGE_CURVE('',#6909,#6911,#6912,.F.);
#5828=EDGE_CURVE('',#6913,#6911,#6914,.T.);
#5829=EDGE_CURVE('',#6913,#6915,#6916,.F.);
#5830=EDGE_CURVE('',#6915,#6917,#6918,.F.);
#5831=EDGE_CURVE('',#6917,#6919,#6920,.F.);
#5832=EDGE_CURVE('',#6919,#6921,#6922,.F.);
#5833=EDGE_CURVE('',#6921,#6923,#6924,.F.);
#5834=EDGE_CURVE('',#6923,#6925,#6926,.F.);
#5835=EDGE_CURVE('',#6925,#6927,#6928,.F.);
#5836=EDGE_CURVE('',#6929,#6927,#6930,.T.);
#5837=EDGE_CURVE('',#6929,#6931,#6932,.F.);
#5838=EDGE_CURVE('',#6931,#6933,#6934,.F.);
#5839=EDGE_CURVE('',#6933,#6935,#6936,.F.);
#5840=EDGE_CURVE('',#6935,#6937,#6938,.F.);
#5841=EDGE_CURVE('',#6937,#6939,#6940,.F.);
#5842=EDGE_CURVE('',#6939,#6941,#6942,.F.);
#5843=EDGE_CURVE('',#6941,#6943,#6944,.F.);
#5844=EDGE_CURVE('',#6945,#6943,#6946,.T.);
#5845=EDGE_CURVE('',#6945,#6947,#6948,.F.);
#5846=EDGE_CURVE('',#6947,#6949,#6950,.F.);
#5847=EDGE_CURVE('',#6949,#6951,#6952,.F.);
#5848=EDGE_CURVE('',#6951,#6953,#6954,.F.);
#5849=EDGE_CURVE('',#6953,#6955,#6956,.F.);
#5850=EDGE_CURVE('',#6955,#6957,#6958,.F.);
#5851=EDGE_CURVE('',#6957,#6959,#6960,.F.);
#5852=EDGE_CURVE('',#6961,#6959,#6962,.T.);
#5853=EDGE_CURVE('',#6961,#6963,#6964,.F.);
#5854=EDGE_CURVE('',#6963,#6965,#6966,.F.);
#5855=EDGE_CURVE('',#6965,#6967,#6968,.F.);
#5856=EDGE_CURVE('',#6967,#6969,#6970,.F.);
#5857=EDGE_CURVE('',#6969,#6971,#6972,.F.);
#5858=EDGE_CURVE('',#6971,#6973,#6974,.F.);
#5859=EDGE_CURVE('',#6973,#6975,#6976,.F.);
#5860=EDGE_CURVE('',#6977,#6975,#6978,.T.);
#5861=EDGE_CURVE('',#6977,#6979,#6980,.F.);
#5862=EDGE_CURVE('',#6979,#6981,#6982,.F.);
#5863=EDGE_CURVE('',#6981,#6983,#6984,.F.);
#5864=EDGE_CURVE('',#6983,#6985,#6986,.F.);
#5865=EDGE_CURVE('',#6985,#6987,#6988,.F.);
#5866=EDGE_CURVE('',#6987,#6989,#6990,.F.);
#5867=EDGE_CURVE('',#6989,#6991,#6992,.F.);
#5868=EDGE_CURVE('',#6993,#6991,#6994,.T.);
#5869=EDGE_CURVE('',#6993,#6995,#6996,.F.);
#5870=EDGE_CURVE('',#6995,#6997,#6998,.F.);
#5871=EDGE_CURVE('',#6997,#6999,#7000,.F.);
#5872=EDGE_CURVE('',#6999,#7001,#7002,.F.);
#5873=EDGE_CURVE('',#7001,#7003,#7004,.F.);
#5874=EDGE_CURVE('',#7003,#7005,#7006,.F.);
#5875=EDGE_CURVE('',#7005,#7007,#7008,.F.);
#5876=EDGE_CURVE('',#7009,#7007,#7010,.T.);
#5877=EDGE_CURVE('',#7009,#7011,#7012,.F.);
#5878=EDGE_CURVE('',#7011,#7013,#7014,.F.);
#5879=EDGE_CURVE('',#7013,#7015,#7016,.F.);
#5880=EDGE_CURVE('',#7015,#7017,#7018,.F.);
#5881=EDGE_CURVE('',#7017,#6596,#7019,.F.);
#5882=EDGE_CURVE('',#6183,#7009,#7020,.F.);
#5883=EDGE_CURVE('',#7007,#6185,#7021,.F.);
#5884=EDGE_CURVE('',#6599,#6593,#7022,.F.);
#5885=EDGE_CURVE('',#6591,#6601,#7023,.F.);
#5886=EDGE_CURVE('',#6199,#6993,#7024,.F.);
#5887=EDGE_CURVE('',#6991,#6201,#7025,.F.);
#5888=EDGE_CURVE('',#6215,#6977,#7026,.F.);
#5889=EDGE_CURVE('',#6975,#6217,#7027,.F.);
#5890=EDGE_CURVE('',#6231,#6961,#7028,.F.);
#5891=EDGE_CURVE('',#6959,#6233,#7029,.F.);
#5892=EDGE_CURVE('',#6247,#6945,#7030,.F.);
#5893=EDGE_CURVE('',#6943,#6249,#7031,.F.);
#5894=EDGE_CURVE('',#6263,#6929,#7032,.F.);
#5895=EDGE_CURVE('',#6927,#6265,#7033,.F.);
#5896=EDGE_CURVE('',#6279,#6913,#7034,.F.);
#5897=EDGE_CURVE('',#6911,#6281,#7035,.F.);
#5898=EDGE_CURVE('',#6295,#6897,#7036,.F.);
#5899=EDGE_CURVE('',#6895,#6297,#7037,.F.);
#5900=EDGE_CURVE('',#6311,#6881,#7038,.F.);
#5901=EDGE_CURVE('',#6879,#6313,#7039,.F.);
#5902=EDGE_CURVE('',#6327,#6865,#7040,.F.);
#5903=EDGE_CURVE('',#6863,#6329,#7041,.F.);
#5904=EDGE_CURVE('',#6343,#6849,#7042,.F.);
#5905=EDGE_CURVE('',#6847,#6345,#7043,.F.);
#5906=EDGE_CURVE('',#6359,#6833,#7044,.F.);
#5907=EDGE_CURVE('',#6831,#6361,#7045,.F.);
#5908=EDGE_CURVE('',#6375,#6817,#7046,.F.);
#5909=EDGE_CURVE('',#6815,#6377,#7047,.F.);
#5910=EDGE_CURVE('',#6391,#6801,#7048,.F.);
#5911=EDGE_CURVE('',#6799,#6393,#7049,.F.);
#5912=EDGE_CURVE('',#6407,#6785,#7050,.F.);
#5913=EDGE_CURVE('',#6783,#6409,#7051,.F.);
#5914=EDGE_CURVE('',#6423,#6769,#7052,.F.);
#5915=EDGE_CURVE('',#6767,#6425,#7053,.F.);
#5916=EDGE_CURVE('',#6439,#6753,#7054,.F.);
#5917=EDGE_CURVE('',#6751,#6441,#7055,.F.);
#5918=EDGE_CURVE('',#6455,#6737,#7056,.F.);
#5919=EDGE_CURVE('',#6735,#6457,#7057,.F.);
#5920=EDGE_CURVE('',#6471,#6721,#7058,.F.);
#5921=EDGE_CURVE('',#6719,#6473,#7059,.F.);
#5922=EDGE_CURVE('',#6487,#6705,#7060,.F.);
#5923=EDGE_CURVE('',#6703,#6489,#7061,.F.);
#5924=EDGE_CURVE('',#6503,#6689,#7062,.F.);
#5925=EDGE_CURVE('',#6687,#6505,#7063,.F.);
#5926=EDGE_CURVE('',#6519,#6673,#7064,.F.);
#5927=EDGE_CURVE('',#6671,#6521,#7065,.F.);
#5928=EDGE_CURVE('',#6535,#6657,#7066,.F.);
#5929=EDGE_CURVE('',#6655,#6537,#7067,.F.);
#5930=EDGE_CURVE('',#6551,#6641,#7068,.F.);
#5931=EDGE_CURVE('',#6639,#6553,#7069,.F.);
#5932=EDGE_CURVE('',#6567,#6625,#7070,.F.);
#5933=EDGE_CURVE('',#6623,#6569,#7071,.T.);
#5934=EDGE_CURVE('',#6555,#6637,#7072,.T.);
#5935=EDGE_CURVE('',#6565,#6627,#7073,.T.);
#5936=EDGE_CURVE('',#6563,#6629,#7074,.T.);
#5937=EDGE_CURVE('',#6561,#6631,#7075,.T.);
#5938=EDGE_CURVE('',#6559,#6633,#7076,.T.);
#5939=EDGE_CURVE('',#6557,#6635,#7077,.T.);
#5940=EDGE_CURVE('',#6539,#6653,#7078,.T.);
#5941=EDGE_CURVE('',#6549,#6643,#7079,.T.);
#5942=EDGE_CURVE('',#6547,#6645,#7080,.T.);
#5943=EDGE_CURVE('',#6545,#6647,#7081,.T.);
#5944=EDGE_CURVE('',#6543,#6649,#7082,.T.);
#5945=EDGE_CURVE('',#6541,#6651,#7083,.T.);
#5946=EDGE_CURVE('',#6523,#6669,#7084,.T.);
#5947=EDGE_CURVE('',#6533,#6659,#7085,.T.);
#5948=EDGE_CURVE('',#6531,#6661,#7086,.T.);
#5949=EDGE_CURVE('',#6529,#6663,#7087,.T.);
#5950=EDGE_CURVE('',#6527,#6665,#7088,.T.);
#5951=EDGE_CURVE('',#6525,#6667,#7089,.T.);
#5952=EDGE_CURVE('',#6507,#6685,#7090,.T.);
#5953=EDGE_CURVE('',#6517,#6675,#7091,.T.);
#5954=EDGE_CURVE('',#6515,#6677,#7092,.T.);
#5955=EDGE_CURVE('',#6513,#6679,#7093,.T.);
#5956=EDGE_CURVE('',#6511,#6681,#7094,.T.);
#5957=EDGE_CURVE('',#6509,#6683,#7095,.T.);
#5958=EDGE_CURVE('',#6491,#6701,#7096,.T.);
#5959=EDGE_CURVE('',#6501,#6691,#7097,.T.);
#5960=EDGE_CURVE('',#6499,#6693,#7098,.T.);
#5961=EDGE_CURVE('',#6497,#6695,#7099,.T.);
#5962=EDGE_CURVE('',#6495,#6697,#7100,.T.);
#5963=EDGE_CURVE('',#6493,#6699,#7101,.T.);
#5964=EDGE_CURVE('',#6475,#6717,#7102,.T.);
#5965=EDGE_CURVE('',#6485,#6707,#7103,.T.);
#5966=EDGE_CURVE('',#6483,#6709,#7104,.T.);
#5967=EDGE_CURVE('',#6481,#6711,#7105,.T.);
#5968=EDGE_CURVE('',#6479,#6713,#7106,.T.);
#5969=EDGE_CURVE('',#6477,#6715,#7107,.T.);
#5970=EDGE_CURVE('',#6459,#6733,#7108,.T.);
#5971=EDGE_CURVE('',#6469,#6723,#7109,.T.);
#5972=EDGE_CURVE('',#6467,#6725,#7110,.T.);
#5973=EDGE_CURVE('',#6465,#6727,#7111,.T.);
#5974=EDGE_CURVE('',#6463,#6729,#7112,.T.);
#5975=EDGE_CURVE('',#6461,#6731,#7113,.T.);
#5976=EDGE_CURVE('',#6443,#6749,#7114,.T.);
#5977=EDGE_CURVE('',#6453,#6739,#7115,.T.);
#5978=EDGE_CURVE('',#6451,#6741,#7116,.T.);
#5979=EDGE_CURVE('',#6449,#6743,#7117,.T.);
#5980=EDGE_CURVE('',#6447,#6745,#7118,.T.);
#5981=EDGE_CURVE('',#6445,#6747,#7119,.T.);
#5982=EDGE_CURVE('',#6427,#6765,#7120,.T.);
#5983=EDGE_CURVE('',#6437,#6755,#7121,.T.);
#5984=EDGE_CURVE('',#6435,#6757,#7122,.T.);
#5985=EDGE_CURVE('',#6433,#6759,#7123,.T.);
#5986=EDGE_CURVE('',#6431,#6761,#7124,.T.);
#5987=EDGE_CURVE('',#6429,#6763,#7125,.T.);
#5988=EDGE_CURVE('',#6411,#6781,#7126,.T.);
#5989=EDGE_CURVE('',#6421,#6771,#7127,.T.);
#5990=EDGE_CURVE('',#6419,#6773,#7128,.T.);
#5991=EDGE_CURVE('',#6417,#6775,#7129,.T.);
#5992=EDGE_CURVE('',#6415,#6777,#7130,.T.);
#5993=EDGE_CURVE('',#6413,#6779,#7131,.T.);
#5994=EDGE_CURVE('',#6395,#6797,#7132,.T.);
#5995=EDGE_CURVE('',#6405,#6787,#7133,.T.);
#5996=EDGE_CURVE('',#6403,#6789,#7134,.T.);
#5997=EDGE_CURVE('',#6401,#6791,#7135,.T.);
#5998=EDGE_CURVE('',#6399,#6793,#7136,.T.);
#5999=EDGE_CURVE('',#6397,#6795,#7137,.T.);
#6000=EDGE_CURVE('',#6379,#6813,#7138,.T.);
#6001=EDGE_CURVE('',#6389,#6803,#7139,.T.);
#6002=EDGE_CURVE('',#6387,#6805,#7140,.T.);
#6003=EDGE_CURVE('',#6385,#6807,#7141,.T.);
#6004=EDGE_CURVE('',#6383,#6809,#7142,.T.);
#6005=EDGE_CURVE('',#6381,#6811,#7143,.T.);
#6006=EDGE_CURVE('',#6363,#6829,#7144,.T.);
#6007=EDGE_CURVE('',#6373,#6819,#7145,.T.);
#6008=EDGE_CURVE('',#6371,#6821,#7146,.T.);
#6009=EDGE_CURVE('',#6369,#6823,#7147,.T.);
#6010=EDGE_CURVE('',#6367,#6825,#7148,.T.);
#6011=EDGE_CURVE('',#6365,#6827,#7149,.T.);
#6012=EDGE_CURVE('',#6347,#6845,#7150,.T.);
#6013=EDGE_CURVE('',#6357,#6835,#7151,.T.);
#6014=EDGE_CURVE('',#6355,#6837,#7152,.T.);
#6015=EDGE_CURVE('',#6353,#6839,#7153,.T.);
#6016=EDGE_CURVE('',#6351,#6841,#7154,.T.);
#6017=EDGE_CURVE('',#6349,#6843,#7155,.T.);
#6018=EDGE_CURVE('',#6331,#6861,#7156,.T.);
#6019=EDGE_CURVE('',#6341,#6851,#7157,.T.);
#6020=EDGE_CURVE('',#6339,#6853,#7158,.T.);
#6021=EDGE_CURVE('',#6337,#6855,#7159,.T.);
#6022=EDGE_CURVE('',#6335,#6857,#7160,.T.);
#6023=EDGE_CURVE('',#6333,#6859,#7161,.T.);
#6024=EDGE_CURVE('',#6315,#6877,#7162,.T.);
#6025=EDGE_CURVE('',#6325,#6867,#7163,.T.);
#6026=EDGE_CURVE('',#6323,#6869,#7164,.T.);
#6027=EDGE_CURVE('',#6321,#6871,#7165,.T.);
#6028=EDGE_CURVE('',#6319,#6873,#7166,.T.);
#6029=EDGE_CURVE('',#6317,#6875,#7167,.T.);
#6030=EDGE_CURVE('',#6299,#6893,#7168,.T.);
#6031=EDGE_CURVE('',#6309,#6883,#7169,.T.);
#6032=EDGE_CURVE('',#6307,#6885,#7170,.T.);
#6033=EDGE_CURVE('',#6305,#6887,#7171,.T.);
#6034=EDGE_CURVE('',#6303,#6889,#7172,.T.);
#6035=EDGE_CURVE('',#6301,#6891,#7173,.T.);
#6036=EDGE_CURVE('',#6283,#6909,#7174,.T.);
#6037=EDGE_CURVE('',#6293,#6899,#7175,.T.);
#6038=EDGE_CURVE('',#6291,#6901,#7176,.T.);
#6039=EDGE_CURVE('',#6289,#6903,#7177,.T.);
#6040=EDGE_CURVE('',#6287,#6905,#7178,.T.);
#6041=EDGE_CURVE('',#6285,#6907,#7179,.T.);
#6042=EDGE_CURVE('',#6267,#6925,#7180,.T.);
#6043=EDGE_CURVE('',#6277,#6915,#7181,.T.);
#6044=EDGE_CURVE('',#6275,#6917,#7182,.T.);
#6045=EDGE_CURVE('',#6273,#6919,#7183,.T.);
#6046=EDGE_CURVE('',#6271,#6921,#7184,.T.);
#6047=EDGE_CURVE('',#6269,#6923,#7185,.T.);
#6048=EDGE_CURVE('',#6251,#6941,#7186,.T.);
#6049=EDGE_CURVE('',#6261,#6931,#7187,.T.);
#6050=EDGE_CURVE('',#6259,#6933,#7188,.T.);
#6051=EDGE_CURVE('',#6257,#6935,#7189,.T.);
#6052=EDGE_CURVE('',#6255,#6937,#7190,.T.);
#6053=EDGE_CURVE('',#6253,#6939,#7191,.T.);
#6054=EDGE_CURVE('',#6235,#6957,#7192,.T.);
#6055=EDGE_CURVE('',#6245,#6947,#7193,.T.);
#6056=EDGE_CURVE('',#6243,#6949,#7194,.T.);
#6057=EDGE_CURVE('',#6241,#6951,#7195,.T.);
#6058=EDGE_CURVE('',#6239,#6953,#7196,.T.);
#6059=EDGE_CURVE('',#6237,#6955,#7197,.T.);
#6060=EDGE_CURVE('',#6219,#6973,#7198,.T.);
#6061=EDGE_CURVE('',#6229,#6963,#7199,.T.);
#6062=EDGE_CURVE('',#6227,#6965,#7200,.T.);
#6063=EDGE_CURVE('',#6225,#6967,#7201,.T.);
#6064=EDGE_CURVE('',#6223,#6969,#7202,.T.);
#6065=EDGE_CURVE('',#6221,#6971,#7203,.T.);
#6066=EDGE_CURVE('',#6203,#6989,#7204,.T.);
#6067=EDGE_CURVE('',#6213,#6979,#7205,.T.);
#6068=EDGE_CURVE('',#6211,#6981,#7206,.T.);
#6069=EDGE_CURVE('',#6209,#6983,#7207,.T.);
#6070=EDGE_CURVE('',#6207,#6985,#7208,.T.);
#6071=EDGE_CURVE('',#6205,#6987,#7209,.T.);
#6072=EDGE_CURVE('',#6187,#7005,#7210,.T.);
#6073=EDGE_CURVE('',#6197,#6995,#7211,.T.);
#6074=EDGE_CURVE('',#6195,#6997,#7212,.T.);
#6075=EDGE_CURVE('',#6193,#6999,#7213,.T.);
#6076=EDGE_CURVE('',#6191,#7001,#7214,.T.);
#6077=EDGE_CURVE('',#6189,#7003,#7215,.T.);
#6078=EDGE_CURVE('',#6172,#6597,#7216,.T.);
#6079=EDGE_CURVE('',#6181,#7011,#7217,.T.);
#6080=EDGE_CURVE('',#6179,#7013,#7218,.T.);
#6081=EDGE_CURVE('',#6177,#7015,#7219,.T.);
#6082=EDGE_CURVE('',#6175,#7017,#7220,.T.);
#6083=EDGE_CURVE('',#6173,#6596,#7221,.T.);
#6084=EDGE_CURVE('',#6621,#6571,#7222,.T.);
#6085=EDGE_CURVE('',#6573,#6619,#7223,.T.);
#6086=EDGE_CURVE('',#6575,#6617,#7224,.T.);
#6087=EDGE_CURVE('',#6615,#6577,#7225,.F.);
#6088=EDGE_CURVE('',#6579,#6613,#7226,.T.);
#6089=EDGE_CURVE('',#6581,#6611,#7227,.T.);
#6090=EDGE_CURVE('',#6583,#6609,#7228,.T.);
#6091=EDGE_CURVE('',#6585,#6607,#7229,.T.);
#6092=EDGE_CURVE('',#6587,#6605,#7230,.T.);
#6093=EDGE_CURVE('',#6589,#6603,#7231,.T.);
#6094=EDGE_CURVE('',#7232,#7232,#7233,.T.);
#6095=EDGE_CURVE('',#7234,#7234,#7235,.T.);
#6096=EDGE_CURVE('',#7236,#7236,#7237,.T.);
#6097=VERTEX_POINT('',#7238);
#6098=CIRCLE('',#7239,140.);
#6099=VERTEX_POINT('',#7243);
#6100=LINE('',#7244,#7245);
#6101=VERTEX_POINT('',#7247);
#6102=LINE('',#7248,#7249);
#6103=VERTEX_POINT('',#7251);
#6104=LINE('',#7252,#7253);
#6105=VERTEX_POINT('',#7255);
#6106=LINE('',#7256,#7257);
#6107=LINE('',#7259,#7260);
#6108=VERTEX_POINT('',#7262);
#6109=CIRCLE('',#7263,140.);
#6110=VERTEX_POINT('',#7267);
#6111=LINE('',#7268,#7269);
#6112=VERTEX_POINT('',#7271);
#6113=LINE('',#7272,#7273);
#6114=LINE('',#7275,#7276);
#6115=VERTEX_POINT('',#7278);
#6116=VERTEX_POINT('',#7279);
#6117=LINE('',#7280,#7281);
#6118=LINE('',#7283,#7284);
#6119=VERTEX_POINT('',#7286);
#6120=LINE('',#7287,#7288);
#6121=LINE('',#7290,#7291);
#6122=VERTEX_POINT('',#7293);
#6123=LINE('',#7294,#7295);
#6124=LINE('',#7297,#7298);
#6125=VERTEX_POINT('',#7300);
#6126=LINE('',#7301,#7302);
#6127=VERTEX_POINT('',#7304);
#6128=LINE('',#7305,#7306);
#6129=LINE('',#7308,#7309);
#6130=LINE('',#7311,#7312);
#6131=VERTEX_POINT('',#7314);
#6132=LINE('',#7315,#7316);
#6133=VERTEX_POINT('',#7318);
#6134=LINE('',#7319,#7320);
#6135=VERTEX_POINT('',#7322);
#6136=LINE('',#7323,#7324);
#6137=VERTEX_POINT('',#7326);
#6138=LINE('',#7327,#7328);
#6139=LINE('',#7330,#7331);
#6140=VERTEX_POINT('',#7333);
#6141=VERTEX_POINT('',#7334);
#6142=LINE('',#7335,#7336);
#6143=VERTEX_POINT('',#7338);
#6144=LINE('',#7339,#7340);
#6145=VERTEX_POINT('',#7342);
#6146=LINE('',#7343,#7344);
#6147=LINE('',#7346,#7347);
#6148=VERTEX_POINT('',#7349);
#6149=VERTEX_POINT('',#7350);
#6150=LINE('',#7351,#7352);
#6151=LINE('',#7354,#7355);
#6152=LINE('',#7357,#7358);
#6153=VERTEX_POINT('',#7360);
#6154=LINE('',#7361,#7362);
#6155=LINE('',#7364,#7365);
#6156=VERTEX_POINT('',#7367);
#6157=LINE('',#7368,#7369);
#6158=LINE('',#7371,#7372);
#6159=LINE('',#7374,#7375);
#6160=VERTEX_POINT('',#7377);
#6161=LINE('',#7378,#7379);
#6162=VERTEX_POINT('',#7381);
#6163=LINE('',#7382,#7383);
#6164=LINE('',#7385,#7386);
#6165=VERTEX_POINT('',#7388);
#6166=LINE('',#7389,#7390);
#6167=LINE('',#7392,#7393);
#6168=VERTEX_POINT('',#7395);
#6169=LINE('',#7396,#7397);
#6170=LINE('',#7399,#7400);
#6171=LINE('',#7402,#7403);
#6172=VERTEX_POINT('',#7405);
#6173=VERTEX_POINT('',#7406);
#6174=LINE('',#7407,#7408);
#6175=VERTEX_POINT('',#7410);
#6176=LINE('',#7411,#7412);
#6177=VERTEX_POINT('',#7414);
#6178=LINE('',#7415,#7416);
#6179=VERTEX_POINT('',#7418);
#6180=LINE('',#7419,#7420);
#6181=VERTEX_POINT('',#7422);
#6182=LINE('',#7423,#7424);
#6183=VERTEX_POINT('',#7426);
#6184=LINE('',#7427,#7428);
#6185=VERTEX_POINT('',#7430);
#6186=LINE('',#7431,#7432);
#6187=VERTEX_POINT('',#7434);
#6188=LINE('',#7435,#7436);
#6189=VERTEX_POINT('',#7438);
#6190=LINE('',#7439,#7440);
#6191=VERTEX_POINT('',#7442);
#6192=LINE('',#7443,#7444);
#6193=VERTEX_POINT('',#7446);
#6194=LINE('',#7447,#7448);
#6195=VERTEX_POINT('',#7450);
#6196=LINE('',#7451,#7452);
#6197=VERTEX_POINT('',#7454);
#6198=LINE('',#7455,#7456);
#6199=VERTEX_POINT('',#7458);
#6200=LINE('',#7459,#7460);
#6201=VERTEX_POINT('',#7462);
#6202=LINE('',#7463,#7464);
#6203=VERTEX_POINT('',#7466);
#6204=LINE('',#7467,#7468);
#6205=VERTEX_POINT('',#7470);
#6206=LINE('',#7471,#7472);
#6207=VERTEX_POINT('',#7474);
#6208=LINE('',#7475,#7476);
#6209=VERTEX_POINT('',#7478);
#6210=LINE('',#7479,#7480);
#6211=VERTEX_POINT('',#7482);
#6212=LINE('',#7483,#7484);
#6213=VERTEX_POINT('',#7486);
#6214=LINE('',#7487,#7488);
#6215=VERTEX_POINT('',#7490);
#6216=LINE('',#7491,#7492);
#6217=VERTEX_POINT('',#7494);
#6218=LINE('',#7495,#7496);
#6219=VERTEX_POINT('',#7498);
#6220=LINE('',#7499,#7500);
#6221=VERTEX_POINT('',#7502);
#6222=LINE('',#7503,#7504);
#6223=VERTEX_POINT('',#7506);
#6224=LINE('',#7507,#7508);
#6225=VERTEX_POINT('',#7510);
#6226=LINE('',#7511,#7512);
#6227=VERTEX_POINT('',#7514);
#6228=LINE('',#7515,#7516);
#6229=VERTEX_POINT('',#7518);
#6230=LINE('',#7519,#7520);
#6231=VERTEX_POINT('',#7522);
#6232=LINE('',#7523,#7524);
#6233=VERTEX_POINT('',#7526);
#6234=LINE('',#7527,#7528);
#6235=VERTEX_POINT('',#7530);
#6236=LINE('',#7531,#7532);
#6237=VERTEX_POINT('',#7534);
#6238=LINE('',#7535,#7536);
#6239=VERTEX_POINT('',#7538);
#6240=LINE('',#7539,#7540);
#6241=VERTEX_POINT('',#7542);
#6242=LINE('',#7543,#7544);
#6243=VERTEX_POINT('',#7546);
#6244=LINE('',#7547,#7548);
#6245=VERTEX_POINT('',#7550);
#6246=LINE('',#7551,#7552);
#6247=VERTEX_POINT('',#7554);
#6248=LINE('',#7555,#7556);
#6249=VERTEX_POINT('',#7558);
#6250=LINE('',#7559,#7560);
#6251=VERTEX_POINT('',#7562);
#6252=LINE('',#7563,#7564);
#6253=VERTEX_POINT('',#7566);
#6254=LINE('',#7567,#7568);
#6255=VERTEX_POINT('',#7570);
#6256=LINE('',#7571,#7572);
#6257=VERTEX_POINT('',#7574);
#6258=LINE('',#7575,#7576);
#6259=VERTEX_POINT('',#7578);
#6260=LINE('',#7579,#7580);
#6261=VERTEX_POINT('',#7582);
#6262=LINE('',#7583,#7584);
#6263=VERTEX_POINT('',#7586);
#6264=LINE('',#7587,#7588);
#6265=VERTEX_POINT('',#7590);
#6266=LINE('',#7591,#7592);
#6267=VERTEX_POINT('',#7594);
#6268=LINE('',#7595,#7596);
#6269=VERTEX_POINT('',#7598);
#6270=LINE('',#7599,#7600);
#6271=VERTEX_POINT('',#7602);
#6272=LINE('',#7603,#7604);
#6273=VERTEX_POINT('',#7606);
#6274=LINE('',#7607,#7608);
#6275=VERTEX_POINT('',#7610);
#6276=LINE('',#7611,#7612);
#6277=VERTEX_POINT('',#7614);
#6278=LINE('',#7615,#7616);
#6279=VERTEX_POINT('',#7618);
#6280=LINE('',#7619,#7620);
#6281=VERTEX_POINT('',#7622);
#6282=LINE('',#7623,#7624);
#6283=VERTEX_POINT('',#7626);
#6284=LINE('',#7627,#7628);
#6285=VERTEX_POINT('',#7630);
#6286=LINE('',#7631,#7632);
#6287=VERTEX_POINT('',#7634);
#6288=LINE('',#7635,#7636);
#6289=VERTEX_POINT('',#7638);
#6290=LINE('',#7639,#7640);
#6291=VERTEX_POINT('',#7642);
#6292=LINE('',#7643,#7644);
#6293=VERTEX_POINT('',#7646);
#6294=LINE('',#7647,#7648);
#6295=VERTEX_POINT('',#7650);
#6296=LINE('',#7651,#7652);
#6297=VERTEX_POINT('',#7654);
#6298=LINE('',#7655,#7656);
#6299=VERTEX_POINT('',#7658);
#6300=LINE('',#7659,#7660);
#6301=VERTEX_POINT('',#7662);
#6302=LINE('',#7663,#7664);
#6303=VERTEX_POINT('',#7666);
#6304=LINE('',#7667,#7668);
#6305=VERTEX_POINT('',#7670);
#6306=LINE('',#7671,#7672);
#6307=VERTEX_POINT('',#7674);
#6308=LINE('',#7675,#7676);
#6309=VERTEX_POINT('',#7678);
#6310=LINE('',#7679,#7680);
#6311=VERTEX_POINT('',#7682);
#6312=LINE('',#7683,#7684);
#6313=VERTEX_POINT('',#7686);
#6314=LINE('',#7687,#7688);
#6315=VERTEX_POINT('',#7690);
#6316=LINE('',#7691,#7692);
#6317=VERTEX_POINT('',#7694);
#6318=LINE('',#7695,#7696);
#6319=VERTEX_POINT('',#7698);
#6320=LINE('',#7699,#7700);
#6321=VERTEX_POINT('',#7702);
#6322=LINE('',#7703,#7704);
#6323=VERTEX_POINT('',#7706);
#6324=LINE('',#7707,#7708);
#6325=VERTEX_POINT('',#7710);
#6326=LINE('',#7711,#7712);
#6327=VERTEX_POINT('',#7714);
#6328=LINE('',#7715,#7716);
#6329=VERTEX_POINT('',#7718);
#6330=LINE('',#7719,#7720);
#6331=VERTEX_POINT('',#7722);
#6332=LINE('',#7723,#7724);
#6333=VERTEX_POINT('',#7726);
#6334=LINE('',#7727,#7728);
#6335=VERTEX_POINT('',#7730);
#6336=LINE('',#7731,#7732);
#6337=VERTEX_POINT('',#7734);
#6338=LINE('',#7735,#7736);
#6339=VERTEX_POINT('',#7738);
#6340=LINE('',#7739,#7740);
#6341=VERTEX_POINT('',#7742);
#6342=LINE('',#7743,#7744);
#6343=VERTEX_POINT('',#7746);
#6344=LINE('',#7747,#7748);
#6345=VERTEX_POINT('',#7750);
#6346=LINE('',#7751,#7752);
#6347=VERTEX_POINT('',#7754);
#6348=LINE('',#7755,#7756);
#6349=VERTEX_POINT('',#7758);
#6350=LINE('',#7759,#7760);
#6351=VERTEX_POINT('',#7762);
#6352=LINE('',#7763,#7764);
#6353=VERTEX_POINT('',#7766);
#6354=LINE('',#7767,#7768);
#6355=VERTEX_POINT('',#7770);
#6356=LINE('',#7771,#7772);
#6357=VERTEX_POINT('',#7774);
#6358=LINE('',#7775,#7776);
#6359=VERTEX_POINT('',#7778);
#6360=LINE('',#7779,#7780);
#6361=VERTEX_POINT('',#7782);
#6362=LINE('',#7783,#7784);
#6363=VERTEX_POINT('',#7786);
#6364=LINE('',#7787,#7788);
#6365=VERTEX_POINT('',#7790);
#6366=LINE('',#7791,#7792);
#6367=VERTEX_POINT('',#7794);
#6368=LINE('',#7795,#7796);
#6369=VERTEX_POINT('',#7798);
#6370=LINE('',#7799,#7800);
#6371=VERTEX_POINT('',#7802);
#6372=LINE('',#7803,#7804);
#6373=VERTEX_POINT('',#7806);
#6374=LINE('',#7807,#7808);
#6375=VERTEX_POINT('',#7810);
#6376=LINE('',#7811,#7812);
#6377=VERTEX_POINT('',#7814);
#6378=LINE('',#7815,#7816);
#6379=VERTEX_POINT('',#7818);
#6380=LINE('',#7819,#7820);
#6381=VERTEX_POINT('',#7822);
#6382=LINE('',#7823,#7824);
#6383=VERTEX_POINT('',#7826);
#6384=LINE('',#7827,#7828);
#6385=VERTEX_POINT('',#7830);
#6386=LINE('',#7831,#7832);
#6387=VERTEX_POINT('',#7834);
#6388=LINE('',#7835,#7836);
#6389=VERTEX_POINT('',#7838);
#6390=LINE('',#7839,#7840);
#6391=VERTEX_POINT('',#7842);
#6392=LINE('',#7843,#7844);
#6393=VERTEX_POINT('',#7846);
#6394=LINE('',#7847,#7848);
#6395=VERTEX_POINT('',#7850);
#6396=LINE('',#7851,#7852);
#6397=VERTEX_POINT('',#7854);
#6398=LINE('',#7855,#7856);
#6399=VERTEX_POINT('',#7858);
#6400=LINE('',#7859,#7860);
#6401=VERTEX_POINT('',#7862);
#6402=LINE('',#7863,#7864);
#6403=VERTEX_POINT('',#7866);
#6404=LINE('',#7867,#7868);
#6405=VERTEX_POINT('',#7870);
#6406=LINE('',#7871,#7872);
#6407=VERTEX_POINT('',#7874);
#6408=LINE('',#7875,#7876);
#6409=VERTEX_POINT('',#7878);
#6410=LINE('',#7879,#7880);
#6411=VERTEX_POINT('',#7882);
#6412=LINE('',#7883,#7884);
#6413=VERTEX_POINT('',#7886);
#6414=LINE('',#7887,#7888);
#6415=VERTEX_POINT('',#7890);
#6416=LINE('',#7891,#7892);
#6417=VERTEX_POINT('',#7894);
#6418=LINE('',#7895,#7896);
#6419=VERTEX_POINT('',#7898);
#6420=LINE('',#7899,#7900);
#6421=VERTEX_POINT('',#7902);
#6422=LINE('',#7903,#7904);
#6423=VERTEX_POINT('',#7906);
#6424=LINE('',#7907,#7908);
#6425=VERTEX_POINT('',#7910);
#6426=LINE('',#7911,#7912);
#6427=VERTEX_POINT('',#7914);
#6428=LINE('',#7915,#7916);
#6429=VERTEX_POINT('',#7918);
#6430=LINE('',#7919,#7920);
#6431=VERTEX_POINT('',#7922);
#6432=LINE('',#7923,#7924);
#6433=VERTEX_POINT('',#7926);
#6434=LINE('',#7927,#7928);
#6435=VERTEX_POINT('',#7930);
#6436=LINE('',#7931,#7932);
#6437=VERTEX_POINT('',#7934);
#6438=LINE('',#7935,#7936);
#6439=VERTEX_POINT('',#7938);
#6440=LINE('',#7939,#7940);
#6441=VERTEX_POINT('',#7942);
#6442=LINE('',#7943,#7944);
#6443=VERTEX_POINT('',#7946);
#6444=LINE('',#7947,#7948);
#6445=VERTEX_POINT('',#7950);
#6446=LINE('',#7951,#7952);
#6447=VERTEX_POINT('',#7954);
#6448=LINE('',#7955,#7956);
#6449=VERTEX_POINT('',#7958);
#6450=LINE('',#7959,#7960);
#6451=VERTEX_POINT('',#7962);
#6452=LINE('',#7963,#7964);
#6453=VERTEX_POINT('',#7966);
#6454=LINE('',#7967,#7968);
#6455=VERTEX_POINT('',#7970);
#6456=LINE('',#7971,#7972);
#6457=VERTEX_POINT('',#7974);
#6458=LINE('',#7975,#7976);
#6459=VERTEX_POINT('',#7978);
#6460=LINE('',#7979,#7980);
#6461=VERTEX_POINT('',#7982);
#6462=LINE('',#7983,#7984);
#6463=VERTEX_POINT('',#7986);
#6464=LINE('',#7987,#7988);
#6465=VERTEX_POINT('',#7990);
#6466=LINE('',#7991,#7992);
#6467=VERTEX_POINT('',#7994);
#6468=LINE('',#7995,#7996);
#6469=VERTEX_POINT('',#7998);
#6470=LINE('',#7999,#8000);
#6471=VERTEX_POINT('',#8002);
#6472=LINE('',#8003,#8004);
#6473=VERTEX_POINT('',#8006);
#6474=LINE('',#8007,#8008);
#6475=VERTEX_POINT('',#8010);
#6476=LINE('',#8011,#8012);
#6477=VERTEX_POINT('',#8014);
#6478=LINE('',#8015,#8016);
#6479=VERTEX_POINT('',#8018);
#6480=LINE('',#8019,#8020);
#6481=VERTEX_POINT('',#8022);
#6482=LINE('',#8023,#8024);
#6483=VERTEX_POINT('',#8026);
#6484=LINE('',#8027,#8028);
#6485=VERTEX_POINT('',#8030);
#6486=LINE('',#8031,#8032);
#6487=VERTEX_POINT('',#8034);
#6488=LINE('',#8035,#8036);
#6489=VERTEX_POINT('',#8038);
#6490=LINE('',#8039,#8040);
#6491=VERTEX_POINT('',#8042);
#6492=LINE('',#8043,#8044);
#6493=VERTEX_POINT('',#8046);
#6494=LINE('',#8047,#8048);
#6495=VERTEX_POINT('',#8050);
#6496=LINE('',#8051,#8052);
#6497=VERTEX_POINT('',#8054);
#6498=LINE('',#8055,#8056);
#6499=VERTEX_POINT('',#8058);
#6500=LINE('',#8059,#8060);
#6501=VERTEX_POINT('',#8062);
#6502=LINE('',#8063,#8064);
#6503=VERTEX_POINT('',#8066);
#6504=LINE('',#8067,#8068);
#6505=VERTEX_POINT('',#8070);
#6506=LINE('',#8071,#8072);
#6507=VERTEX_POINT('',#8074);
#6508=LINE('',#8075,#8076);
#6509=VERTEX_POINT('',#8078);
#6510=LINE('',#8079,#8080);
#6511=VERTEX_POINT('',#8082);
#6512=LINE('',#8083,#8084);
#6513=VERTEX_POINT('',#8086);
#6514=LINE('',#8087,#8088);
#6515=VERTEX_POINT('',#8090);
#6516=LINE('',#8091,#8092);
#6517=VERTEX_POINT('',#8094);
#6518=LINE('',#8095,#8096);
#6519=VERTEX_POINT('',#8098);
#6520=LINE('',#8099,#8100);
#6521=VERTEX_POINT('',#8102);
#6522=LINE('',#8103,#8104);
#6523=VERTEX_POINT('',#8106);
#6524=LINE('',#8107,#8108);
#6525=VERTEX_POINT('',#8110);
#6526=LINE('',#8111,#8112);
#6527=VERTEX_POINT('',#8114);
#6528=LINE('',#8115,#8116);
#6529=VERTEX_POINT('',#8118);
#6530=LINE('',#8119,#8120);
#6531=VERTEX_POINT('',#8122);
#6532=LINE('',#8123,#8124);
#6533=VERTEX_POINT('',#8126);
#6534=LINE('',#8127,#8128);
#6535=VERTEX_POINT('',#8130);
#6536=LINE('',#8131,#8132);
#6537=VERTEX_POINT('',#8134);
#6538=LINE('',#8135,#8136);
#6539=VERTEX_POINT('',#8138);
#6540=LINE('',#8139,#8140);
#6541=VERTEX_POINT('',#8142);
#6542=LINE('',#8143,#8144);
#6543=VERTEX_POINT('',#8146);
#6544=LINE('',#8147,#8148);
#6545=VERTEX_POINT('',#8150);
#6546=LINE('',#8151,#8152);
#6547=VERTEX_POINT('',#8154);
#6548=LINE('',#8155,#8156);
#6549=VERTEX_POINT('',#8158);
#6550=LINE('',#8159,#8160);
#6551=VERTEX_POINT('',#8162);
#6552=LINE('',#8163,#8164);
#6553=VERTEX_POINT('',#8166);
#6554=LINE('',#8167,#8168);
#6555=VERTEX_POINT('',#8170);
#6556=LINE('',#8171,#8172);
#6557=VERTEX_POINT('',#8174);
#6558=LINE('',#8175,#8176);
#6559=VERTEX_POINT('',#8178);
#6560=LINE('',#8179,#8180);
#6561=VERTEX_POINT('',#8182);
#6562=LINE('',#8183,#8184);
#6563=VERTEX_POINT('',#8186);
#6564=LINE('',#8187,#8188);
#6565=VERTEX_POINT('',#8190);
#6566=LINE('',#8191,#8192);
#6567=VERTEX_POINT('',#8194);
#6568=LINE('',#8195,#8196);
#6569=VERTEX_POINT('',#8198);
#6570=LINE('',#8199,#8200);
#6571=VERTEX_POINT('',#8202);
#6572=LINE('',#8203,#8204);
#6573=VERTEX_POINT('',#8206);
#6574=LINE('',#8207,#8208);
#6575=VERTEX_POINT('',#8210);
#6576=LINE('',#8211,#8212);
#6577=VERTEX_POINT('',#8214);
#6578=LINE('',#8215,#8216);
#6579=VERTEX_POINT('',#8218);
#6580=LINE('',#8219,#8220);
#6581=VERTEX_POINT('',#8222);
#6582=LINE('',#8223,#8224);
#6583=VERTEX_POINT('',#8226);
#6584=LINE('',#8227,#8228);
#6585=VERTEX_POINT('',#8230);
#6586=LINE('',#8231,#8232);
#6587=VERTEX_POINT('',#8234);
#6588=LINE('',#8235,#8236);
#6589=VERTEX_POINT('',#8238);
#6590=LINE('',#8239,#8240);
#6591=VERTEX_POINT('',#8242);
#6592=LINE('',#8243,#8244);
#6593=VERTEX_POINT('',#8246);
#6594=LINE('',#8247,#8248);
#6595=LINE('',#8250,#8251);
#6596=VERTEX_POINT('',#8253);
#6597=VERTEX_POINT('',#8254);
#6598=LINE('',#8255,#8256);
#6599=VERTEX_POINT('',#8258);
#6600=LINE('',#8259,#8260);
#6601=VERTEX_POINT('',#8262);
#6602=LINE('',#8263,#8264);
#6603=VERTEX_POINT('',#8266);
#6604=LINE('',#8267,#8268);
#6605=VERTEX_POINT('',#8270);
#6606=LINE('',#8271,#8272);
#6607=VERTEX_POINT('',#8274);
#6608=LINE('',#8275,#8276);
#6609=VERTEX_POINT('',#8278);
#6610=LINE('',#8279,#8280);
#6611=VERTEX_POINT('',#8282);
#6612=LINE('',#8283,#8284);
#6613=VERTEX_POINT('',#8286);
#6614=LINE('',#8287,#8288);
#6615=VERTEX_POINT('',#8290);
#6616=LINE('',#8291,#8292);
#6617=VERTEX_POINT('',#8294);
#6618=LINE('',#8295,#8296);
#6619=VERTEX_POINT('',#8298);
#6620=LINE('',#8299,#8300);
#6621=VERTEX_POINT('',#8302);
#6622=LINE('',#8303,#8304);
#6623=VERTEX_POINT('',#8306);
#6624=LINE('',#8307,#8308);
#6625=VERTEX_POINT('',#8310);
#6626=LINE('',#8311,#8312);
#6627=VERTEX_POINT('',#8314);
#6628=LINE('',#8315,#8316);
#6629=VERTEX_POINT('',#8318);
#6630=LINE('',#8319,#8320);
#6631=VERTEX_POINT('',#8322);
#6632=LINE('',#8323,#8324);
#6633=VERTEX_POINT('',#8326);
#6634=LINE('',#8327,#8328);
#6635=VERTEX_POINT('',#8330);
#6636=LINE('',#8331,#8332);
#6637=VERTEX_POINT('',#8334);
#6638=LINE('',#8335,#8336);
#6639=VERTEX_POINT('',#8338);
#6640=LINE('',#8339,#8340);
#6641=VERTEX_POINT('',#8342);
#6642=LINE('',#8343,#8344);
#6643=VERTEX_POINT('',#8346);
#6644=LINE('',#8347,#8348);
#6645=VERTEX_POINT('',#8350);
#6646=LINE('',#8351,#8352);
#6647=VERTEX_POINT('',#8354);
#6648=LINE('',#8355,#8356);
#6649=VERTEX_POINT('',#8358);
#6650=LINE('',#8359,#8360);
#6651=VERTEX_POINT('',#8362);
#6652=LINE('',#8363,#8364);
#6653=VERTEX_POINT('',#8366);
#6654=LINE('',#8367,#8368);
#6655=VERTEX_POINT('',#8370);
#6656=LINE('',#8371,#8372);
#6657=VERTEX_POINT('',#8374);
#6658=LINE('',#8375,#8376);
#6659=VERTEX_POINT('',#8378);
#6660=LINE('',#8379,#8380);
#6661=VERTEX_POINT('',#8382);
#6662=LINE('',#8383,#8384);
#6663=VERTEX_POINT('',#8386);
#6664=LINE('',#8387,#8388);
#6665=VERTEX_POINT('',#8390);
#6666=LINE('',#8391,#8392);
#6667=VERTEX_POINT('',#8394);
#6668=LINE('',#8395,#8396);
#6669=VERTEX_POINT('',#8398);
#6670=LINE('',#8399,#8400);
#6671=VERTEX_POINT('',#8402);
#6672=LINE('',#8403,#8404);
#6673=VERTEX_POINT('',#8406);
#6674=LINE('',#8407,#8408);
#6675=VERTEX_POINT('',#8410);
#6676=LINE('',#8411,#8412);
#6677=VERTEX_POINT('',#8414);
#6678=LINE('',#8415,#8416);
#6679=VERTEX_POINT('',#8418);
#6680=LINE('',#8419,#8420);
#6681=VERTEX_POINT('',#8422);
#6682=LINE('',#8423,#8424);
#6683=VERTEX_POINT('',#8426);
#6684=LINE('',#8427,#8428);
#6685=VERTEX_POINT('',#8430);
#6686=LINE('',#8431,#8432);
#6687=VERTEX_POINT('',#8434);
#6688=LINE('',#8435,#8436);
#6689=VERTEX_POINT('',#8438);
#6690=LINE('',#8439,#8440);
#6691=VERTEX_POINT('',#8442);
#6692=LINE('',#8443,#8444);
#6693=VERTEX_POINT('',#8446);
#6694=LINE('',#8447,#8448);
#6695=VERTEX_POINT('',#8450);
#6696=LINE('',#8451,#8452);
#6697=VERTEX_POINT('',#8454);
#6698=LINE('',#8455,#8456);
#6699=VERTEX_POINT('',#8458);
#6700=LINE('',#8459,#8460);
#6701=VERTEX_POINT('',#8462);
#6702=LINE('',#8463,#8464);
#6703=VERTEX_POINT('',#8466);
#6704=LINE('',#8467,#8468);
#6705=VERTEX_POINT('',#8470);
#6706=LINE('',#8471,#8472);
#6707=VERTEX_POINT('',#8474);
#6708=LINE('',#8475,#8476);
#6709=VERTEX_POINT('',#8478);
#6710=LINE('',#8479,#8480);
#6711=VERTEX_POINT('',#8482);
#6712=LINE('',#8483,#8484);
#6713=VERTEX_POINT('',#8486);
#6714=LINE('',#8487,#8488);
#6715=VERTEX_POINT('',#8490);
#6716=LINE('',#8491,#8492);
#6717=VERTEX_POINT('',#8494);
#6718=LINE('',#8495,#8496);
#6719=VERTEX_POINT('',#8498);
#6720=LINE('',#8499,#8500);
#6721=VERTEX_POINT('',#8502);
#6722=LINE('',#8503,#8504);
#6723=VERTEX_POINT('',#8506);
#6724=LINE('',#8507,#8508);
#6725=VERTEX_POINT('',#8510);
#6726=LINE('',#8511,#8512);
#6727=VERTEX_POINT('',#8514);
#6728=LINE('',#8515,#8516);
#6729=VERTEX_POINT('',#8518);
#6730=LINE('',#8519,#8520);
#6731=VERTEX_POINT('',#8522);
#6732=LINE('',#8523,#8524);
#6733=VERTEX_POINT('',#8526);
#6734=LINE('',#8527,#8528);
#6735=VERTEX_POINT('',#8530);
#6736=LINE('',#8531,#8532);
#6737=VERTEX_POINT('',#8534);
#6738=LINE('',#8535,#8536);
#6739=VERTEX_POINT('',#8538);
#6740=LINE('',#8539,#8540);
#6741=VERTEX_POINT('',#8542);
#6742=LINE('',#8543,#8544);
#6743=VERTEX_POINT('',#8546);
#6744=LINE('',#8547,#8548);
#6745=VERTEX_POINT('',#8550);
#6746=LINE('',#8551,#8552);
#6747=VERTEX_POINT('',#8554);
#6748=LINE('',#8555,#8556);
#6749=VERTEX_POINT('',#8558);
#6750=LINE('',#8559,#8560);
#6751=VERTEX_POINT('',#8562);
#6752=LINE('',#8563,#8564);
#6753=VERTEX_POINT('',#8566);
#6754=LINE('',#8567,#8568);
#6755=VERTEX_POINT('',#8570);
#6756=LINE('',#8571,#8572);
#6757=VERTEX_POINT('',#8574);
#6758=LINE('',#8575,#8576);
#6759=VERTEX_POINT('',#8578);
#6760=LINE('',#8579,#8580);
#6761=VERTEX_POINT('',#8582);
#6762=LINE('',#8583,#8584);
#6763=VERTEX_POINT('',#8586);
#6764=LINE('',#8587,#8588);
#6765=VERTEX_POINT('',#8590);
#6766=LINE('',#8591,#8592);
#6767=VERTEX_POINT('',#8594);
#6768=LINE('',#8595,#8596);
#6769=VERTEX_POINT('',#8598);
#6770=LINE('',#8599,#8600);
#6771=VERTEX_POINT('',#8602);
#6772=LINE('',#8603,#8604);
#6773=VERTEX_POINT('',#8606);
#6774=LINE('',#8607,#8608);
#6775=VERTEX_POINT('',#8610);
#6776=LINE('',#8611,#8612);
#6777=VERTEX_POINT('',#8614);
#6778=LINE('',#8615,#8616);
#6779=VERTEX_POINT('',#8618);
#6780=LINE('',#8619,#8620);
#6781=VERTEX_POINT('',#8622);
#6782=LINE('',#8623,#8624);
#6783=VERTEX_POINT('',#8626);
#6784=LINE('',#8627,#8628);
#6785=VERTEX_POINT('',#8630);
#6786=LINE('',#8631,#8632);
#6787=VERTEX_POINT('',#8634);
#6788=LINE('',#8635,#8636);
#6789=VERTEX_POINT('',#8638);
#6790=LINE('',#8639,#8640);
#6791=VERTEX_POINT('',#8642);
#6792=LINE('',#8643,#8644);
#6793=VERTEX_POINT('',#8646);
#6794=LINE('',#8647,#8648);
#6795=VERTEX_POINT('',#8650);
#6796=LINE('',#8651,#8652);
#6797=VERTEX_POINT('',#8654);
#6798=LINE('',#8655,#8656);
#6799=VERTEX_POINT('',#8658);
#6800=LINE('',#8659,#8660);
#6801=VERTEX_POINT('',#8662);
#6802=LINE('',#8663,#8664);
#6803=VERTEX_POINT('',#8666);
#6804=LINE('',#8667,#8668);
#6805=VERTEX_POINT('',#8670);
#6806=LINE('',#8671,#8672);
#6807=VERTEX_POINT('',#8674);
#6808=LINE('',#8675,#8676);
#6809=VERTEX_POINT('',#8678);
#6810=LINE('',#8679,#8680);
#6811=VERTEX_POINT('',#8682);
#6812=LINE('',#8683,#8684);
#6813=VERTEX_POINT('',#8686);
#6814=LINE('',#8687,#8688);
#6815=VERTEX_POINT('',#8690);
#6816=LINE('',#8691,#8692);
#6817=VERTEX_POINT('',#8694);
#6818=LINE('',#8695,#8696);
#6819=VERTEX_POINT('',#8698);
#6820=LINE('',#8699,#8700);
#6821=VERTEX_POINT('',#8702);
#6822=LINE('',#8703,#8704);
#6823=VERTEX_POINT('',#8706);
#6824=LINE('',#8707,#8708);
#6825=VERTEX_POINT('',#8710);
#6826=LINE('',#8711,#8712);
#6827=VERTEX_POINT('',#8714);
#6828=LINE('',#8715,#8716);
#6829=VERTEX_POINT('',#8718);
#6830=LINE('',#8719,#8720);
#6831=VERTEX_POINT('',#8722);
#6832=LINE('',#8723,#8724);
#6833=VERTEX_POINT('',#8726);
#6834=LINE('',#8727,#8728);
#6835=VERTEX_POINT('',#8730);
#6836=LINE('',#8731,#8732);
#6837=VERTEX_POINT('',#8734);
#6838=LINE('',#8735,#8736);
#6839=VERTEX_POINT('',#8738);
#6840=LINE('',#8739,#8740);
#6841=VERTEX_POINT('',#8742);
#6842=LINE('',#8743,#8744);
#6843=VERTEX_POINT('',#8746);
#6844=LINE('',#8747,#8748);
#6845=VERTEX_POINT('',#8750);
#6846=LINE('',#8751,#8752);
#6847=VERTEX_POINT('',#8754);
#6848=LINE('',#8755,#8756);
#6849=VERTEX_POINT('',#8758);
#6850=LINE('',#8759,#8760);
#6851=VERTEX_POINT('',#8762);
#6852=LINE('',#8763,#8764);
#6853=VERTEX_POINT('',#8766);
#6854=LINE('',#8767,#8768);
#6855=VERTEX_POINT('',#8770);
#6856=LINE('',#8771,#8772);
#6857=VERTEX_POINT('',#8774);
#6858=LINE('',#8775,#8776);
#6859=VERTEX_POINT('',#8778);
#6860=LINE('',#8779,#8780);
#6861=VERTEX_POINT('',#8782);
#6862=LINE('',#8783,#8784);
#6863=VERTEX_POINT('',#8786);
#6864=LINE('',#8787,#8788);
#6865=VERTEX_POINT('',#8790);
#6866=LINE('',#8791,#8792);
#6867=VERTEX_POINT('',#8794);
#6868=LINE('',#8795,#8796);
#6869=VERTEX_POINT('',#8798);
#6870=LINE('',#8799,#8800);
#6871=VERTEX_POINT('',#8802);
#6872=LINE('',#8803,#8804);
#6873=VERTEX_POINT('',#8806);
#6874=LINE('',#8807,#8808);
#6875=VERTEX_POINT('',#8810);
#6876=LINE('',#8811,#8812);
#6877=VERTEX_POINT('',#8814);
#6878=LINE('',#8815,#8816);
#6879=VERTEX_POINT('',#8818);
#6880=LINE('',#8819,#8820);
#6881=VERTEX_POINT('',#8822);
#6882=LINE('',#8823,#8824);
#6883=VERTEX_POINT('',#8826);
#6884=LINE('',#8827,#8828);
#6885=VERTEX_POINT('',#8830);
#6886=LINE('',#8831,#8832);
#6887=VERTEX_POINT('',#8834);
#6888=LINE('',#8835,#8836);
#6889=VERTEX_POINT('',#8838);
#6890=LINE('',#8839,#8840);
#6891=VERTEX_POINT('',#8842);
#6892=LINE('',#8843,#8844);
#6893=VERTEX_POINT('',#8846);
#6894=LINE('',#8847,#8848);
#6895=VERTEX_POINT('',#8850);
#6896=LINE('',#8851,#8852);
#6897=VERTEX_POINT('',#8854);
#6898=LINE('',#8855,#8856);
#6899=VERTEX_POINT('',#8858);
#6900=LINE('',#8859,#8860);
#6901=VERTEX_POINT('',#8862);
#6902=LINE('',#8863,#8864);
#6903=VERTEX_POINT('',#8866);
#6904=LINE('',#8867,#8868);
#6905=VERTEX_POINT('',#8870);
#6906=LINE('',#8871,#8872);
#6907=VERTEX_POINT('',#8874);
#6908=LINE('',#8875,#8876);
#6909=VERTEX_POINT('',#8878);
#6910=LINE('',#8879,#8880);
#6911=VERTEX_POINT('',#8882);
#6912=LINE('',#8883,#8884);
#6913=VERTEX_POINT('',#8886);
#6914=LINE('',#8887,#8888);
#6915=VERTEX_POINT('',#8890);
#6916=LINE('',#8891,#8892);
#6917=VERTEX_POINT('',#8894);
#6918=LINE('',#8895,#8896);
#6919=VERTEX_POINT('',#8898);
#6920=LINE('',#8899,#8900);
#6921=VERTEX_POINT('',#8902);
#6922=LINE('',#8903,#8904);
#6923=VERTEX_POINT('',#8906);
#6924=LINE('',#8907,#8908);
#6925=VERTEX_POINT('',#8910);
#6926=LINE('',#8911,#8912);
#6927=VERTEX_POINT('',#8914);
#6928=LINE('',#8915,#8916);
#6929=VERTEX_POINT('',#8918);
#6930=LINE('',#8919,#8920);
#6931=VERTEX_POINT('',#8922);
#6932=LINE('',#8923,#8924);
#6933=VERTEX_POINT('',#8926);
#6934=LINE('',#8927,#8928);
#6935=VERTEX_POINT('',#8930);
#6936=LINE('',#8931,#8932);
#6937=VERTEX_POINT('',#8934);
#6938=LINE('',#8935,#8936);
#6939=VERTEX_POINT('',#8938);
#6940=LINE('',#8939,#8940);
#6941=VERTEX_POINT('',#8942);
#6942=LINE('',#8943,#8944);
#6943=VERTEX_POINT('',#8946);
#6944=LINE('',#8947,#8948);
#6945=VERTEX_POINT('',#8950);
#6946=LINE('',#8951,#8952);
#6947=VERTEX_POINT('',#8954);
#6948=LINE('',#8955,#8956);
#6949=VERTEX_POINT('',#8958);
#6950=LINE('',#8959,#8960);
#6951=VERTEX_POINT('',#8962);
#6952=LINE('',#8963,#8964);
#6953=VERTEX_POINT('',#8966);
#6954=LINE('',#8967,#8968);
#6955=VERTEX_POINT('',#8970);
#6956=LINE('',#8971,#8972);
#6957=VERTEX_POINT('',#8974);
#6958=LINE('',#8975,#8976);
#6959=VERTEX_POINT('',#8978);
#6960=LINE('',#8979,#8980);
#6961=VERTEX_POINT('',#8982);
#6962=LINE('',#8983,#8984);
#6963=VERTEX_POINT('',#8986);
#6964=LINE('',#8987,#8988);
#6965=VERTEX_POINT('',#8990);
#6966=LINE('',#8991,#8992);
#6967=VERTEX_POINT('',#8994);
#6968=LINE('',#8995,#8996);
#6969=VERTEX_POINT('',#8998);
#6970=LINE('',#8999,#9000);
#6971=VERTEX_POINT('',#9002);
#6972=LINE('',#9003,#9004);
#6973=VERTEX_POINT('',#9006);
#6974=LINE('',#9007,#9008);
#6975=VERTEX_POINT('',#9010);
#6976=LINE('',#9011,#9012);
#6977=VERTEX_POINT('',#9014);
#6978=LINE('',#9015,#9016);
#6979=VERTEX_POINT('',#9018);
#6980=LINE('',#9019,#9020);
#6981=VERTEX_POINT('',#9022);
#6982=LINE('',#9023,#9024);
#6983=VERTEX_POINT('',#9026);
#6984=LINE('',#9027,#9028);
#6985=VERTEX_POINT('',#9030);
#6986=LINE('',#9031,#9032);
#6987=VERTEX_POINT('',#9034);
#6988=LINE('',#9035,#9036);
#6989=VERTEX_POINT('',#9038);
#6990=LINE('',#9039,#9040);
#6991=VERTEX_POINT('',#9042);
#6992=LINE('',#9043,#9044);
#6993=VERTEX_POINT('',#9046);
#6994=LINE('',#9047,#9048);
#6995=VERTEX_POINT('',#9050);
#6996=LINE('',#9051,#9052);
#6997=VERTEX_POINT('',#9054);
#6998=LINE('',#9055,#9056);
#6999=VERTEX_POINT('',#9058);
#7000=LINE('',#9059,#9060);
#7001=VERTEX_POINT('',#9062);
#7002=LINE('',#9063,#9064);
#7003=VERTEX_POINT('',#9066);
#7004=LINE('',#9067,#9068);
#7005=VERTEX_POINT('',#9070);
#7006=LINE('',#9071,#9072);
#7007=VERTEX_POINT('',#9074);
#7008=LINE('',#9075,#9076);
#7009=VERTEX_POINT('',#9078);
#7010=LINE('',#9079,#9080);
#7011=VERTEX_POINT('',#9082);
#7012=LINE('',#9083,#9084);
#7013=VERTEX_POINT('',#9086);
#7014=LINE('',#9087,#9088);
#7015=VERTEX_POINT('',#9090);
#7016=LINE('',#9091,#9092);
#7017=VERTEX_POINT('',#9094);
#7018=LINE('',#9095,#9096);
#7019=LINE('',#9098,#9099);
#7020=LINE('',#9101,#9102);
#7021=LINE('',#9104,#9105);
#7022=LINE('',#9107,#9108);
#7023=LINE('',#9110,#9111);
#7024=LINE('',#9113,#9114);
#7025=LINE('',#9116,#9117);
#7026=LINE('',#9119,#9120);
#7027=LINE('',#9122,#9123);
#7028=LINE('',#9125,#9126);
#7029=LINE('',#9128,#9129);
#7030=LINE('',#9131,#9132);
#7031=LINE('',#9134,#9135);
#7032=LINE('',#9137,#9138);
#7033=LINE('',#9140,#9141);
#7034=LINE('',#9143,#9144);
#7035=LINE('',#9146,#9147);
#7036=LINE('',#9149,#9150);
#7037=LINE('',#9152,#9153);
#7038=LINE('',#9155,#9156);
#7039=LINE('',#9158,#9159);
#7040=LINE('',#9161,#9162);
#7041=LINE('',#9164,#9165);
#7042=LINE('',#9167,#9168);
#7043=LINE('',#9170,#9171);
#7044=LINE('',#9173,#9174);
#7045=LINE('',#9176,#9177);
#7046=LINE('',#9179,#9180);
#7047=LINE('',#9182,#9183);
#7048=LINE('',#9185,#9186);
#7049=LINE('',#9188,#9189);
#7050=LINE('',#9191,#9192);
#7051=LINE('',#9194,#9195);
#7052=LINE('',#9197,#9198);
#7053=LINE('',#9200,#9201);
#7054=LINE('',#9203,#9204);
#7055=LINE('',#9206,#9207);
#7056=LINE('',#9209,#9210);
#7057=LINE('',#9212,#9213);
#7058=LINE('',#9215,#9216);
#7059=LINE('',#9218,#9219);
#7060=LINE('',#9221,#9222);
#7061=LINE('',#9224,#9225);
#7062=LINE('',#9227,#9228);
#7063=LINE('',#9230,#9231);
#7064=LINE('',#9233,#9234);
#7065=LINE('',#9236,#9237);
#7066=LINE('',#9239,#9240);
#7067=LINE('',#9242,#9243);
#7068=LINE('',#9245,#9246);
#7069=LINE('',#9248,#9249);
#7070=LINE('',#9251,#9252);
#7071=LINE('',#9254,#9255);
#7072=LINE('',#9257,#9258);
#7073=LINE('',#9260,#9261);
#7074=LINE('',#9263,#9264);
#7075=LINE('',#9266,#9267);
#7076=LINE('',#9269,#9270);
#7077=LINE('',#9272,#9273);
#7078=LINE('',#9275,#9276);
#7079=LINE('',#9278,#9279);
#7080=LINE('',#9281,#9282);
#7081=LINE('',#9284,#9285);
#7082=LINE('',#9287,#9288);
#7083=LINE('',#9290,#9291);
#7084=LINE('',#9293,#9294);
#7085=LINE('',#9296,#9297);
#7086=LINE('',#9299,#9300);
#7087=LINE('',#9302,#9303);
#7088=LINE('',#9305,#9306);
#7089=LINE('',#9308,#9309);
#7090=LINE('',#9311,#9312);
#7091=LINE('',#9314,#9315);
#7092=LINE('',#9317,#9318);
#7093=LINE('',#9320,#9321);
#7094=LINE('',#9323,#9324);
#7095=LINE('',#9326,#9327);
#7096=LINE('',#9329,#9330);
#7097=LINE('',#9332,#9333);
#7098=LINE('',#9335,#9336);
#7099=LINE('',#9338,#9339);
#7100=LINE('',#9341,#9342);
#7101=LINE('',#9344,#9345);
#7102=LINE('',#9347,#9348);
#7103=LINE('',#9350,#9351);
#7104=LINE('',#9353,#9354);
#7105=LINE('',#9356,#9357);
#7106=LINE('',#9359,#9360);
#7107=LINE('',#9362,#9363);
#7108=LINE('',#9365,#9366);
#7109=LINE('',#9368,#9369);
#7110=LINE('',#9371,#9372);
#7111=LINE('',#9374,#9375);
#7112=LINE('',#9377,#9378);
#7113=LINE('',#9380,#9381);
#7114=LINE('',#9383,#9384);
#7115=LINE('',#9386,#9387);
#7116=LINE('',#9389,#9390);
#7117=LINE('',#9392,#9393);
#7118=LINE('',#9395,#9396);
#7119=LINE('',#9398,#9399);
#7120=LINE('',#9401,#9402);
#7121=LINE('',#9404,#9405);
#7122=LINE('',#9407,#9408);
#7123=LINE('',#9410,#9411);
#7124=LINE('',#9413,#9414);
#7125=LINE('',#9416,#9417);
#7126=LINE('',#9419,#9420);
#7127=LINE('',#9422,#9423);
#7128=LINE('',#9425,#9426);
#7129=LINE('',#9428,#9429);
#7130=LINE('',#9431,#9432);
#7131=LINE('',#9434,#9435);
#7132=LINE('',#9437,#9438);
#7133=LINE('',#9440,#9441);
#7134=LINE('',#9443,#9444);
#7135=LINE('',#9446,#9447);
#7136=LINE('',#9449,#9450);
#7137=LINE('',#9452,#9453);
#7138=LINE('',#9455,#9456);
#7139=LINE('',#9458,#9459);
#7140=LINE('',#9461,#9462);
#7141=LINE('',#9464,#9465);
#7142=LINE('',#9467,#9468);
#7143=LINE('',#9470,#9471);
#7144=LINE('',#9473,#9474);
#7145=LINE('',#9476,#9477);
#7146=LINE('',#9479,#9480);
#7147=LINE('',#9482,#9483);
#7148=LINE('',#9485,#9486);
#7149=LINE('',#9488,#9489);
#7150=LINE('',#9491,#9492);
#7151=LINE('',#9494,#9495);
#7152=LINE('',#9497,#9498);
#7153=LINE('',#9500,#9501);
#7154=LINE('',#9503,#9504);
#7155=LINE('',#9506,#9507);
#7156=LINE('',#9509,#9510);
#7157=LINE('',#9512,#9513);
#7158=LINE('',#9515,#9516);
#7159=LINE('',#9518,#9519);
#7160=LINE('',#9521,#9522);
#7161=LINE('',#9524,#9525);
#7162=LINE('',#9527,#9528);
#7163=LINE('',#9530,#9531);
#7164=LINE('',#9533,#9534);
#7165=LINE('',#9536,#9537);
#7166=LINE('',#9539,#9540);
#7167=LINE('',#9542,#9543);
#7168=LINE('',#9545,#9546);
#7169=LINE('',#9548,#9549);
#7170=LINE('',#9551,#9552);
#7171=LINE('',#9554,#9555);
#7172=LINE('',#9557,#9558);
#7173=LINE('',#9560,#9561);
#7174=LINE('',#9563,#9564);
#7175=LINE('',#9566,#9567);
#7176=LINE('',#9569,#9570);
#7177=LINE('',#9572,#9573);
#7178=LINE('',#9575,#9576);
#7179=LINE('',#9578,#9579);
#7180=LINE('',#9581,#9582);
#7181=LINE('',#9584,#9585);
#7182=LINE('',#9587,#9588);
#7183=LINE('',#9590,#9591);
#7184=LINE('',#9593,#9594);
#7185=LINE('',#9596,#9597);
#7186=LINE('',#9599,#9600);
#7187=LINE('',#9602,#9603);
#7188=LINE('',#9605,#9606);
#7189=LINE('',#9608,#9609);
#7190=LINE('',#9611,#9612);
#7191=LINE('',#9614,#9615);
#7192=LINE('',#9617,#9618);
#7193=LINE('',#9620,#9621);
#7194=LINE('',#9623,#9624);
#7195=LINE('',#9626,#9627);
#7196=LINE('',#9629,#9630);
#7197=LINE('',#9632,#9633);
#7198=LINE('',#9635,#9636);
#7199=LINE('',#9638,#9639);
#7200=LINE('',#9641,#9642);
#7201=LINE('',#9644,#9645);
#7202=LINE('',#9647,#9648);
#7203=LINE('',#9650,#9651);
#7204=LINE('',#9653,#9654);
#7205=LINE('',#9656,#9657);
#7206=LINE('',#9659,#9660);
#7207=LINE('',#9662,#9663);
#7208=LINE('',#9665,#9666);
#7209=LINE('',#9668,#9669);
#7210=LINE('',#9671,#9672);
#7211=LINE('',#9674,#9675);
#7212=LINE('',#9677,#9678);
#7213=LINE('',#9680,#9681);
#7214=LINE('',#9683,#9684);
#7215=LINE('',#9686,#9687);
#7216=LINE('',#9689,#9690);
#7217=LINE('',#9692,#9693);
#7218=LINE('',#9695,#9696);
#7219=LINE('',#9698,#9699);
#7220=LINE('',#9701,#9702);
#7221=LINE('',#9704,#9705);
#7222=LINE('',#9707,#9708);
#7223=LINE('',#9710,#9711);
#7224=LINE('',#9713,#9714);
#7225=LINE('',#9716,#9717);
#7226=LINE('',#9719,#9720);
#7227=LINE('',#9722,#9723);
#7228=LINE('',#9725,#9726);
#7229=LINE('',#9728,#9729);
#7230=LINE('',#9731,#9732);
#7231=LINE('',#9734,#9735);
#7232=VERTEX_POINT('',#9737);
#7233=CIRCLE('',#9738,135.);
#7234=VERTEX_POINT('',#9742);
#7235=CIRCLE('',#9743,135.);
#7236=VERTEX_POINT('',#9747);
#7237=CIRCLE('',#9748,80.);
#7238=CARTESIAN_POINT('',(4.61174936383143E-14,250.,1050.));
#7239=AXIS2_PLACEMENT_3D('',#7240,#7241,#7242);
#7240=CARTESIAN_POINT('',(5.01078614654976E-14,110.,1050.));
#7241=DIRECTION('',(0.,0.,-1.));
#7242=DIRECTION('',(-6.12323399573677E-17,1.,0.));
#7243=CARTESIAN_POINT('',(150.,250.,1050.));
#7244=CARTESIAN_POINT('',(150.,250.,1050.));
#7245=VECTOR('',#7246,1.);
#7246=DIRECTION('',(-1.,0.,0.));
#7247=CARTESIAN_POINT('',(150.,-400.,1050.));
#7248=CARTESIAN_POINT('',(150.,-400.,1050.));
#7249=VECTOR('',#7250,1.);
#7250=DIRECTION('',(8.74514136320123E-17,1.,0.));
#7251=CARTESIAN_POINT('',(-150.,-400.,1050.));
#7252=CARTESIAN_POINT('',(-150.,-400.,1050.));
#7253=VECTOR('',#7254,1.);
#7254=DIRECTION('',(1.,0.,0.));
#7255=CARTESIAN_POINT('',(-150.,250.,1050.));
#7256=CARTESIAN_POINT('',(-150.,250.,1050.));
#7257=VECTOR('',#7258,1.);
#7258=DIRECTION('',(-8.74514136320123E-17,-1.,0.));
#7259=CARTESIAN_POINT('',(7.8708316070681E-14,250.,1050.));
#7260=VECTOR('',#7261,1.);
#7261=DIRECTION('',(-1.,0.,0.));
#7262=CARTESIAN_POINT('',(2.43902786834032E-14,250.,950.));
#7263=AXIS2_PLACEMENT_3D('',#7264,#7265,#7266);
#7264=CARTESIAN_POINT('',(5.01078614654976E-14,110.,950.));
#7265=DIRECTION('',(0.,0.,-1.));
#7266=DIRECTION('',(-6.12323399573677E-17,1.,0.));
#7267=CARTESIAN_POINT('',(-150.,250.,1300.));
#7268=CARTESIAN_POINT('',(-150.,250.,1050.));
#7269=VECTOR('',#7270,1.);
#7270=DIRECTION('',(0.,0.,1.));
#7271=CARTESIAN_POINT('',(150.,250.,1300.));
#7272=CARTESIAN_POINT('',(150.,250.,1300.));
#7273=VECTOR('',#7274,1.);
#7274=DIRECTION('',(-1.,0.,0.));
#7275=CARTESIAN_POINT('',(150.,250.,1050.));
#7276=VECTOR('',#7277,1.);
#7277=DIRECTION('',(0.,0.,1.));
#7278=CARTESIAN_POINT('',(150.,-700.,200.));
#7279=CARTESIAN_POINT('',(150.,-400.,200.));
#7280=CARTESIAN_POINT('',(150.,-700.,200.));
#7281=VECTOR('',#7282,1.);
#7282=DIRECTION('',(9.473903143468E-17,1.,0.));
#7283=CARTESIAN_POINT('',(150.,-400.,200.));
#7284=VECTOR('',#7285,1.);
#7285=DIRECTION('',(0.,0.,1.));
#7286=CARTESIAN_POINT('',(150.,-700.,1300.));
#7287=CARTESIAN_POINT('',(150.,-700.,1300.));
#7288=VECTOR('',#7289,1.);
#7289=DIRECTION('',(8.97527666223284E-17,1.,0.));
#7290=CARTESIAN_POINT('',(150.,-700.,200.));
#7291=VECTOR('',#7292,1.);
#7292=DIRECTION('',(0.,0.,1.));
#7293=CARTESIAN_POINT('',(-150.,-400.,200.));
#7294=CARTESIAN_POINT('',(150.,-400.,200.));
#7295=VECTOR('',#7296,1.);
#7296=DIRECTION('',(-1.,0.,0.));
#7297=CARTESIAN_POINT('',(-150.,-400.,200.));
#7298=VECTOR('',#7299,1.);
#7299=DIRECTION('',(0.,0.,1.));
#7300=CARTESIAN_POINT('',(-150.,-700.,200.));
#7301=CARTESIAN_POINT('',(-150.,-400.,200.));
#7302=VECTOR('',#7303,1.);
#7303=DIRECTION('',(-9.47390314346801E-17,-1.,0.));
#7304=CARTESIAN_POINT('',(-150.,-700.,1300.));
#7305=CARTESIAN_POINT('',(-150.,-700.,200.));
#7306=VECTOR('',#7307,1.);
#7307=DIRECTION('',(0.,0.,1.));
#7308=CARTESIAN_POINT('',(-150.,250.,1300.));
#7309=VECTOR('',#7310,1.);
#7310=DIRECTION('',(-8.97527666223285E-17,-1.,0.));
#7311=CARTESIAN_POINT('',(-150.,-700.,1300.));
#7312=VECTOR('',#7313,1.);
#7313=DIRECTION('',(1.,0.,0.));
#7314=CARTESIAN_POINT('',(700.,-700.,200.));
#7315=CARTESIAN_POINT('',(150.,-700.,200.));
#7316=VECTOR('',#7317,1.);
#7317=DIRECTION('',(1.,0.,0.));
#7318=CARTESIAN_POINT('',(700.,700.,200.));
#7319=CARTESIAN_POINT('',(700.,-700.,200.));
#7320=VECTOR('',#7321,1.);
#7321=DIRECTION('',(0.,1.,0.));
#7322=CARTESIAN_POINT('',(-700.,700.,200.));
#7323=CARTESIAN_POINT('',(700.,700.,200.));
#7324=VECTOR('',#7325,1.);
#7325=DIRECTION('',(-1.,0.,0.));
#7326=CARTESIAN_POINT('',(-700.,-700.,200.));
#7327=CARTESIAN_POINT('',(-700.,700.,200.));
#7328=VECTOR('',#7329,1.);
#7329=DIRECTION('',(0.,-1.,0.));
#7330=CARTESIAN_POINT('',(-700.,-700.,200.));
#7331=VECTOR('',#7332,1.);
#7332=DIRECTION('',(1.,0.,0.));
#7333=CARTESIAN_POINT('',(-300.,-150.,200.));
#7334=CARTESIAN_POINT('',(300.,-150.,200.));
#7335=CARTESIAN_POINT('',(-300.,-150.,200.));
#7336=VECTOR('',#7337,1.);
#7337=DIRECTION('',(1.,-9.473903143468E-17,0.));
#7338=CARTESIAN_POINT('',(-300.,300.,200.));
#7339=CARTESIAN_POINT('',(-300.,300.,200.));
#7340=VECTOR('',#7341,1.);
#7341=DIRECTION('',(0.,-1.,0.));
#7342=CARTESIAN_POINT('',(300.,300.,200.));
#7343=CARTESIAN_POINT('',(300.,300.,200.));
#7344=VECTOR('',#7345,1.);
#7345=DIRECTION('',(-1.,0.,0.));
#7346=CARTESIAN_POINT('',(300.,-150.,200.));
#7347=VECTOR('',#7348,1.);
#7348=DIRECTION('',(0.,1.,0.));
#7349=CARTESIAN_POINT('',(-700.,-700.,0.));
#7350=CARTESIAN_POINT('',(700.,-700.,0.));
#7351=CARTESIAN_POINT('',(-700.,-700.,0.));
#7352=VECTOR('',#7353,1.);
#7353=DIRECTION('',(1.,0.,0.));
#7354=CARTESIAN_POINT('',(700.,-700.,0.));
#7355=VECTOR('',#7356,1.);
#7356=DIRECTION('',(0.,0.,1.));
#7357=CARTESIAN_POINT('',(-700.,-700.,0.));
#7358=VECTOR('',#7359,1.);
#7359=DIRECTION('',(0.,0.,1.));
#7360=CARTESIAN_POINT('',(700.,700.,0.));
#7361=CARTESIAN_POINT('',(700.,-700.,0.));
#7362=VECTOR('',#7363,1.);
#7363=DIRECTION('',(0.,1.,0.));
#7364=CARTESIAN_POINT('',(700.,700.,0.));
#7365=VECTOR('',#7366,1.);
#7366=DIRECTION('',(0.,0.,1.));
#7367=CARTESIAN_POINT('',(-700.,700.,0.));
#7368=CARTESIAN_POINT('',(700.,700.,0.));
#7369=VECTOR('',#7370,1.);
#7370=DIRECTION('',(-1.,0.,0.));
#7371=CARTESIAN_POINT('',(-700.,700.,0.));
#7372=VECTOR('',#7373,1.);
#7373=DIRECTION('',(0.,0.,1.));
#7374=CARTESIAN_POINT('',(-700.,700.,0.));
#7375=VECTOR('',#7376,1.);
#7376=DIRECTION('',(0.,-1.,0.));
#7377=CARTESIAN_POINT('',(300.,-150.,300.));
#7378=CARTESIAN_POINT('',(300.,-150.,200.));
#7379=VECTOR('',#7380,1.);
#7380=DIRECTION('',(0.,0.,1.));
#7381=CARTESIAN_POINT('',(-300.,-150.,300.));
#7382=CARTESIAN_POINT('',(-300.,-150.,300.));
#7383=VECTOR('',#7384,1.);
#7384=DIRECTION('',(1.,-9.473903143468E-17,0.));
#7385=CARTESIAN_POINT('',(-300.,-150.,200.));
#7386=VECTOR('',#7387,1.);
#7387=DIRECTION('',(0.,0.,1.));
#7388=CARTESIAN_POINT('',(-300.,300.,300.));
#7389=CARTESIAN_POINT('',(-300.,300.,300.));
#7390=VECTOR('',#7391,1.);
#7391=DIRECTION('',(0.,-1.,0.));
#7392=CARTESIAN_POINT('',(-300.,300.,200.));
#7393=VECTOR('',#7394,1.);
#7394=DIRECTION('',(0.,0.,1.));
#7395=CARTESIAN_POINT('',(300.,300.,300.));
#7396=CARTESIAN_POINT('',(300.,300.,300.));
#7397=VECTOR('',#7398,1.);
#7398=DIRECTION('',(-1.,0.,0.));
#7399=CARTESIAN_POINT('',(300.,300.,200.));
#7400=VECTOR('',#7401,1.);
#7401=DIRECTION('',(0.,0.,1.));
#7402=CARTESIAN_POINT('',(300.,-150.,300.));
#7403=VECTOR('',#7404,1.);
#7404=DIRECTION('',(0.,1.,0.));
#7405=CARTESIAN_POINT('',(320.,-300.,30.));
#7406=CARTESIAN_POINT('',(323.,-300.,30.));
#7407=CARTESIAN_POINT('',(323.,-300.,30.));
#7408=VECTOR('',#7409,1.);
#7409=DIRECTION('',(-1.,0.,0.));
#7410=CARTESIAN_POINT('',(323.,-300.,26.));
#7411=CARTESIAN_POINT('',(323.,-300.,26.));
#7412=VECTOR('',#7413,1.);
#7413=DIRECTION('',(0.,0.,1.));
#7414=CARTESIAN_POINT('',(303.,-300.,26.));
#7415=CARTESIAN_POINT('',(303.,-300.,26.));
#7416=VECTOR('',#7417,1.);
#7417=DIRECTION('',(1.,0.,0.));
#7418=CARTESIAN_POINT('',(303.,-300.,30.));
#7419=CARTESIAN_POINT('',(303.,-300.,30.));
#7420=VECTOR('',#7421,1.);
#7421=DIRECTION('',(0.,0.,-1.));
#7422=CARTESIAN_POINT('',(306.,-300.,30.));
#7423=CARTESIAN_POINT('',(306.,-300.,30.));
#7424=VECTOR('',#7425,1.);
#7425=DIRECTION('',(-1.,0.,0.));
#7426=CARTESIAN_POINT('',(306.,-300.,40.));
#7427=CARTESIAN_POINT('',(306.,-300.,40.));
#7428=VECTOR('',#7429,1.);
#7429=DIRECTION('',(0.,0.,-1.));
#7430=CARTESIAN_POINT('',(293.,-300.,40.));
#7431=CARTESIAN_POINT('',(293.,-300.,40.));
#7432=VECTOR('',#7433,1.);
#7433=DIRECTION('',(1.,0.,0.));
#7434=CARTESIAN_POINT('',(293.,-300.,30.));
#7435=CARTESIAN_POINT('',(293.,-300.,30.));
#7436=VECTOR('',#7437,1.);
#7437=DIRECTION('',(0.,0.,1.));
#7438=CARTESIAN_POINT('',(296.,-300.,30.));
#7439=CARTESIAN_POINT('',(296.,-300.,30.));
#7440=VECTOR('',#7441,1.);
#7441=DIRECTION('',(-1.,0.,0.));
#7442=CARTESIAN_POINT('',(296.,-300.,26.));
#7443=CARTESIAN_POINT('',(296.,-300.,26.));
#7444=VECTOR('',#7445,1.);
#7445=DIRECTION('',(0.,0.,1.));
#7446=CARTESIAN_POINT('',(276.,-300.,26.));
#7447=CARTESIAN_POINT('',(276.,-300.,26.));
#7448=VECTOR('',#7449,1.);
#7449=DIRECTION('',(1.,0.,0.));
#7450=CARTESIAN_POINT('',(276.,-300.,30.));
#7451=CARTESIAN_POINT('',(276.,-300.,30.));
#7452=VECTOR('',#7453,1.);
#7453=DIRECTION('',(0.,0.,-1.));
#7454=CARTESIAN_POINT('',(279.,-300.,30.));
#7455=CARTESIAN_POINT('',(279.,-300.,30.));
#7456=VECTOR('',#7457,1.);
#7457=DIRECTION('',(-1.,0.,0.));
#7458=CARTESIAN_POINT('',(279.,-300.,40.));
#7459=CARTESIAN_POINT('',(279.,-300.,40.));
#7460=VECTOR('',#7461,1.);
#7461=DIRECTION('',(0.,0.,-1.));
#7462=CARTESIAN_POINT('',(266.,-300.,40.));
#7463=CARTESIAN_POINT('',(266.,-300.,40.));
#7464=VECTOR('',#7465,1.);
#7465=DIRECTION('',(1.,0.,0.));
#7466=CARTESIAN_POINT('',(266.,-300.,30.));
#7467=CARTESIAN_POINT('',(266.,-300.,30.));
#7468=VECTOR('',#7469,1.);
#7469=DIRECTION('',(0.,0.,1.));
#7470=CARTESIAN_POINT('',(269.,-300.,30.));
#7471=CARTESIAN_POINT('',(269.,-300.,30.));
#7472=VECTOR('',#7473,1.);
#7473=DIRECTION('',(-1.,0.,0.));
#7474=CARTESIAN_POINT('',(269.,-300.,26.));
#7475=CARTESIAN_POINT('',(269.,-300.,26.));
#7476=VECTOR('',#7477,1.);
#7477=DIRECTION('',(0.,0.,1.));
#7478=CARTESIAN_POINT('',(249.,-300.,26.));
#7479=CARTESIAN_POINT('',(249.,-300.,26.));
#7480=VECTOR('',#7481,1.);
#7481=DIRECTION('',(1.,0.,0.));
#7482=CARTESIAN_POINT('',(249.,-300.,30.));
#7483=CARTESIAN_POINT('',(249.,-300.,30.));
#7484=VECTOR('',#7485,1.);
#7485=DIRECTION('',(0.,0.,-1.));
#7486=CARTESIAN_POINT('',(252.,-300.,30.));
#7487=CARTESIAN_POINT('',(252.,-300.,30.));
#7488=VECTOR('',#7489,1.);
#7489=DIRECTION('',(-1.,0.,0.));
#7490=CARTESIAN_POINT('',(252.,-300.,40.));
#7491=CARTESIAN_POINT('',(252.,-300.,40.));
#7492=VECTOR('',#7493,1.);
#7493=DIRECTION('',(0.,0.,-1.));
#7494=CARTESIAN_POINT('',(239.,-300.,40.));
#7495=CARTESIAN_POINT('',(239.,-300.,40.));
#7496=VECTOR('',#7497,1.);
#7497=DIRECTION('',(1.,0.,0.));
#7498=CARTESIAN_POINT('',(239.,-300.,30.));
#7499=CARTESIAN_POINT('',(239.,-300.,30.));
#7500=VECTOR('',#7501,1.);
#7501=DIRECTION('',(0.,0.,1.));
#7502=CARTESIAN_POINT('',(242.,-300.,30.));
#7503=CARTESIAN_POINT('',(242.,-300.,30.));
#7504=VECTOR('',#7505,1.);
#7505=DIRECTION('',(-1.,0.,0.));
#7506=CARTESIAN_POINT('',(242.,-300.,26.));
#7507=CARTESIAN_POINT('',(242.,-300.,26.));
#7508=VECTOR('',#7509,1.);
#7509=DIRECTION('',(0.,0.,1.));
#7510=CARTESIAN_POINT('',(222.,-300.,26.));
#7511=CARTESIAN_POINT('',(222.,-300.,26.));
#7512=VECTOR('',#7513,1.);
#7513=DIRECTION('',(1.,0.,0.));
#7514=CARTESIAN_POINT('',(222.,-300.,30.));
#7515=CARTESIAN_POINT('',(222.,-300.,30.));
#7516=VECTOR('',#7517,1.);
#7517=DIRECTION('',(0.,0.,-1.));
#7518=CARTESIAN_POINT('',(225.,-300.,30.));
#7519=CARTESIAN_POINT('',(225.,-300.,30.));
#7520=VECTOR('',#7521,1.);
#7521=DIRECTION('',(-1.,0.,0.));
#7522=CARTESIAN_POINT('',(225.,-300.,40.));
#7523=CARTESIAN_POINT('',(225.,-300.,40.));
#7524=VECTOR('',#7525,1.);
#7525=DIRECTION('',(0.,0.,-1.));
#7526=CARTESIAN_POINT('',(212.,-300.,40.));
#7527=CARTESIAN_POINT('',(212.,-300.,40.));
#7528=VECTOR('',#7529,1.);
#7529=DIRECTION('',(1.,0.,0.));
#7530=CARTESIAN_POINT('',(212.,-300.,30.));
#7531=CARTESIAN_POINT('',(212.,-300.,30.));
#7532=VECTOR('',#7533,1.);
#7533=DIRECTION('',(0.,0.,1.));
#7534=CARTESIAN_POINT('',(215.,-300.,30.));
#7535=CARTESIAN_POINT('',(215.,-300.,30.));
#7536=VECTOR('',#7537,1.);
#7537=DIRECTION('',(-1.,0.,0.));
#7538=CARTESIAN_POINT('',(215.,-300.,26.));
#7539=CARTESIAN_POINT('',(215.,-300.,26.));
#7540=VECTOR('',#7541,1.);
#7541=DIRECTION('',(0.,0.,1.));
#7542=CARTESIAN_POINT('',(195.,-300.,26.));
#7543=CARTESIAN_POINT('',(195.,-300.,26.));
#7544=VECTOR('',#7545,1.);
#7545=DIRECTION('',(1.,0.,3.55271367880048E-16));
#7546=CARTESIAN_POINT('',(195.,-300.,30.));
#7547=CARTESIAN_POINT('',(195.,-300.,30.));
#7548=VECTOR('',#7549,1.);
#7549=DIRECTION('',(0.,0.,-1.));
#7550=CARTESIAN_POINT('',(198.,-300.,30.));
#7551=CARTESIAN_POINT('',(198.,-300.,30.));
#7552=VECTOR('',#7553,1.);
#7553=DIRECTION('',(-1.,0.,0.));
#7554=CARTESIAN_POINT('',(198.,-300.,40.));
#7555=CARTESIAN_POINT('',(198.,-300.,40.));
#7556=VECTOR('',#7557,1.);
#7557=DIRECTION('',(0.,0.,-1.));
#7558=CARTESIAN_POINT('',(185.,-300.,40.));
#7559=CARTESIAN_POINT('',(185.,-300.,40.));
#7560=VECTOR('',#7561,1.);
#7561=DIRECTION('',(1.,0.,0.));
#7562=CARTESIAN_POINT('',(185.,-300.,30.));
#7563=CARTESIAN_POINT('',(185.,-300.,30.));
#7564=VECTOR('',#7565,1.);
#7565=DIRECTION('',(0.,0.,1.));
#7566=CARTESIAN_POINT('',(188.,-300.,30.));
#7567=CARTESIAN_POINT('',(188.,-300.,30.));
#7568=VECTOR('',#7569,1.);
#7569=DIRECTION('',(-1.,0.,0.));
#7570=CARTESIAN_POINT('',(188.,-300.,26.));
#7571=CARTESIAN_POINT('',(188.,-300.,26.));
#7572=VECTOR('',#7573,1.);
#7573=DIRECTION('',(0.,0.,1.));
#7574=CARTESIAN_POINT('',(168.,-300.,26.));
#7575=CARTESIAN_POINT('',(168.,-300.,26.));
#7576=VECTOR('',#7577,1.);
#7577=DIRECTION('',(1.,-2.84217094304038E-15,0.));
#7578=CARTESIAN_POINT('',(168.,-300.,30.));
#7579=CARTESIAN_POINT('',(168.,-300.,30.));
#7580=VECTOR('',#7581,1.);
#7581=DIRECTION('',(0.,0.,-1.));
#7582=CARTESIAN_POINT('',(171.,-300.,30.));
#7583=CARTESIAN_POINT('',(171.,-300.,30.));
#7584=VECTOR('',#7585,1.);
#7585=DIRECTION('',(-1.,0.,0.));
#7586=CARTESIAN_POINT('',(171.,-300.,40.));
#7587=CARTESIAN_POINT('',(171.,-300.,40.));
#7588=VECTOR('',#7589,1.);
#7589=DIRECTION('',(0.,0.,-1.));
#7590=CARTESIAN_POINT('',(158.,-300.,40.));
#7591=CARTESIAN_POINT('',(158.,-300.,40.));
#7592=VECTOR('',#7593,1.);
#7593=DIRECTION('',(1.,0.,0.));
#7594=CARTESIAN_POINT('',(158.,-300.,30.));
#7595=CARTESIAN_POINT('',(158.,-300.,30.));
#7596=VECTOR('',#7597,1.);
#7597=DIRECTION('',(0.,0.,1.));
#7598=CARTESIAN_POINT('',(161.,-300.,30.));
#7599=CARTESIAN_POINT('',(161.,-300.,30.));
#7600=VECTOR('',#7601,1.);
#7601=DIRECTION('',(-1.,0.,0.));
#7602=CARTESIAN_POINT('',(161.,-300.,26.));
#7603=CARTESIAN_POINT('',(161.,-300.,26.));
#7604=VECTOR('',#7605,1.);
#7605=DIRECTION('',(0.,0.,1.));
#7606=CARTESIAN_POINT('',(141.,-300.,26.));
#7607=CARTESIAN_POINT('',(141.,-300.,26.));
#7608=VECTOR('',#7609,1.);
#7609=DIRECTION('',(1.,0.,0.));
#7610=CARTESIAN_POINT('',(141.,-300.,30.));
#7611=CARTESIAN_POINT('',(141.,-300.,30.));
#7612=VECTOR('',#7613,1.);
#7613=DIRECTION('',(0.,0.,-1.));
#7614=CARTESIAN_POINT('',(144.,-300.,30.));
#7615=CARTESIAN_POINT('',(144.,-300.,30.));
#7616=VECTOR('',#7617,1.);
#7617=DIRECTION('',(-1.,0.,0.));
#7618=CARTESIAN_POINT('',(144.,-300.,40.));
#7619=CARTESIAN_POINT('',(144.,-300.,40.));
#7620=VECTOR('',#7621,1.);
#7621=DIRECTION('',(0.,0.,-1.));
#7622=CARTESIAN_POINT('',(131.,-300.,40.));
#7623=CARTESIAN_POINT('',(131.,-300.,40.));
#7624=VECTOR('',#7625,1.);
#7625=DIRECTION('',(1.,0.,0.));
#7626=CARTESIAN_POINT('',(131.,-300.,30.));
#7627=CARTESIAN_POINT('',(131.,-300.,30.));
#7628=VECTOR('',#7629,1.);
#7629=DIRECTION('',(0.,0.,1.));
#7630=CARTESIAN_POINT('',(134.,-300.,30.));
#7631=CARTESIAN_POINT('',(134.,-300.,30.));
#7632=VECTOR('',#7633,1.);
#7633=DIRECTION('',(-1.,0.,0.));
#7634=CARTESIAN_POINT('',(134.,-300.,26.));
#7635=CARTESIAN_POINT('',(134.,-300.,26.));
#7636=VECTOR('',#7637,1.);
#7637=DIRECTION('',(0.,0.,1.));
#7638=CARTESIAN_POINT('',(114.,-300.,26.));
#7639=CARTESIAN_POINT('',(114.,-300.,26.));
#7640=VECTOR('',#7641,1.);
#7641=DIRECTION('',(1.,0.,0.));
#7642=CARTESIAN_POINT('',(114.,-300.,30.));
#7643=CARTESIAN_POINT('',(114.,-300.,30.));
#7644=VECTOR('',#7645,1.);
#7645=DIRECTION('',(0.,0.,-1.));
#7646=CARTESIAN_POINT('',(117.,-300.,30.));
#7647=CARTESIAN_POINT('',(117.,-300.,30.));
#7648=VECTOR('',#7649,1.);
#7649=DIRECTION('',(-1.,0.,0.));
#7650=CARTESIAN_POINT('',(117.,-300.,40.));
#7651=CARTESIAN_POINT('',(117.,-300.,40.));
#7652=VECTOR('',#7653,1.);
#7653=DIRECTION('',(0.,0.,-1.));
#7654=CARTESIAN_POINT('',(104.,-300.,40.));
#7655=CARTESIAN_POINT('',(104.,-300.,40.));
#7656=VECTOR('',#7657,1.);
#7657=DIRECTION('',(1.,0.,0.));
#7658=CARTESIAN_POINT('',(104.,-300.,30.));
#7659=CARTESIAN_POINT('',(104.,-300.,30.));
#7660=VECTOR('',#7661,1.);
#7661=DIRECTION('',(0.,0.,1.));
#7662=CARTESIAN_POINT('',(107.,-300.,30.));
#7663=CARTESIAN_POINT('',(107.,-300.,30.));
#7664=VECTOR('',#7665,1.);
#7665=DIRECTION('',(-1.,0.,0.));
#7666=CARTESIAN_POINT('',(107.,-300.,26.));
#7667=CARTESIAN_POINT('',(107.,-300.,26.));
#7668=VECTOR('',#7669,1.);
#7669=DIRECTION('',(0.,0.,1.));
#7670=CARTESIAN_POINT('',(87.,-300.,26.));
#7671=CARTESIAN_POINT('',(86.9999999999999,-300.,26.));
#7672=VECTOR('',#7673,1.);
#7673=DIRECTION('',(1.,0.,0.));
#7674=CARTESIAN_POINT('',(87.,-300.,30.));
#7675=CARTESIAN_POINT('',(87.,-300.,30.));
#7676=VECTOR('',#7677,1.);
#7677=DIRECTION('',(0.,0.,-1.));
#7678=CARTESIAN_POINT('',(90.,-300.,30.));
#7679=CARTESIAN_POINT('',(90.0000000000001,-300.,30.));
#7680=VECTOR('',#7681,1.);
#7681=DIRECTION('',(-1.,0.,0.));
#7682=CARTESIAN_POINT('',(90.,-300.,40.));
#7683=CARTESIAN_POINT('',(90.,-300.,40.));
#7684=VECTOR('',#7685,1.);
#7685=DIRECTION('',(0.,0.,-1.));
#7686=CARTESIAN_POINT('',(76.9999999999999,-300.,40.));
#7687=CARTESIAN_POINT('',(76.9999999999999,-300.,40.));
#7688=VECTOR('',#7689,1.);
#7689=DIRECTION('',(1.,0.,0.));
#7690=CARTESIAN_POINT('',(76.9999999999999,-300.,30.));
#7691=CARTESIAN_POINT('',(76.9999999999999,-300.,30.));
#7692=VECTOR('',#7693,1.);
#7693=DIRECTION('',(0.,0.,1.));
#7694=CARTESIAN_POINT('',(79.9999999999999,-300.,30.));
#7695=CARTESIAN_POINT('',(80.0000000000001,-300.,30.));
#7696=VECTOR('',#7697,1.);
#7697=DIRECTION('',(-1.,0.,0.));
#7698=CARTESIAN_POINT('',(79.9999999999999,-300.,26.));
#7699=CARTESIAN_POINT('',(79.9999999999999,-300.,26.));
#7700=VECTOR('',#7701,1.);
#7701=DIRECTION('',(0.,0.,1.));
#7702=CARTESIAN_POINT('',(59.9999999999999,-300.,26.));
#7703=CARTESIAN_POINT('',(59.9999999999999,-300.,26.));
#7704=VECTOR('',#7705,1.);
#7705=DIRECTION('',(1.,0.,0.));
#7706=CARTESIAN_POINT('',(59.9999999999999,-300.,30.));
#7707=CARTESIAN_POINT('',(59.9999999999999,-300.,30.));
#7708=VECTOR('',#7709,1.);
#7709=DIRECTION('',(0.,0.,-1.));
#7710=CARTESIAN_POINT('',(62.9999999999999,-300.,30.));
#7711=CARTESIAN_POINT('',(63.0000000000001,-300.,30.));
#7712=VECTOR('',#7713,1.);
#7713=DIRECTION('',(-1.,0.,0.));
#7714=CARTESIAN_POINT('',(62.9999999999999,-300.,40.));
#7715=CARTESIAN_POINT('',(62.9999999999999,-300.,40.));
#7716=VECTOR('',#7717,1.);
#7717=DIRECTION('',(0.,0.,-1.));
#7718=CARTESIAN_POINT('',(49.9999999999999,-300.,40.));
#7719=CARTESIAN_POINT('',(49.9999999999999,-300.,40.));
#7720=VECTOR('',#7721,1.);
#7721=DIRECTION('',(1.,0.,0.));
#7722=CARTESIAN_POINT('',(49.9999999999999,-300.,30.));
#7723=CARTESIAN_POINT('',(49.9999999999999,-300.,30.));
#7724=VECTOR('',#7725,1.);
#7725=DIRECTION('',(0.,0.,1.));
#7726=CARTESIAN_POINT('',(52.9999999999999,-300.,30.));
#7727=CARTESIAN_POINT('',(53.0000000000001,-300.,30.));
#7728=VECTOR('',#7729,1.);
#7729=DIRECTION('',(-1.,0.,0.));
#7730=CARTESIAN_POINT('',(52.9999999999999,-300.,26.));
#7731=CARTESIAN_POINT('',(52.9999999999999,-300.,26.));
#7732=VECTOR('',#7733,1.);
#7733=DIRECTION('',(0.,0.,1.));
#7734=CARTESIAN_POINT('',(32.9999999999999,-300.,26.));
#7735=CARTESIAN_POINT('',(32.9999999999999,-300.,26.));
#7736=VECTOR('',#7737,1.);
#7737=DIRECTION('',(1.,0.,3.55271367880048E-16));
#7738=CARTESIAN_POINT('',(32.9999999999999,-300.,30.));
#7739=CARTESIAN_POINT('',(32.9999999999999,-300.,30.));
#7740=VECTOR('',#7741,1.);
#7741=DIRECTION('',(0.,0.,-1.));
#7742=CARTESIAN_POINT('',(35.9999999999999,-300.,30.));
#7743=CARTESIAN_POINT('',(36.0000000000001,-300.,30.));
#7744=VECTOR('',#7745,1.);
#7745=DIRECTION('',(-1.,0.,0.));
#7746=CARTESIAN_POINT('',(35.9999999999999,-300.,40.));
#7747=CARTESIAN_POINT('',(35.9999999999999,-300.,40.));
#7748=VECTOR('',#7749,1.);
#7749=DIRECTION('',(0.,0.,-1.));
#7750=CARTESIAN_POINT('',(22.9999999999999,-300.,40.));
#7751=CARTESIAN_POINT('',(22.9999999999999,-300.,40.));
#7752=VECTOR('',#7753,1.);
#7753=DIRECTION('',(1.,0.,0.));
#7754=CARTESIAN_POINT('',(22.9999999999999,-300.,30.));
#7755=CARTESIAN_POINT('',(22.9999999999999,-300.,30.));
#7756=VECTOR('',#7757,1.);
#7757=DIRECTION('',(0.,0.,1.));
#7758=CARTESIAN_POINT('',(25.9999999999999,-300.,30.));
#7759=CARTESIAN_POINT('',(26.0000000000001,-300.,30.));
#7760=VECTOR('',#7761,1.);
#7761=DIRECTION('',(-1.,0.,0.));
#7762=CARTESIAN_POINT('',(25.9999999999999,-300.,26.));
#7763=CARTESIAN_POINT('',(25.9999999999999,-300.,26.));
#7764=VECTOR('',#7765,1.);
#7765=DIRECTION('',(0.,0.,1.));
#7766=CARTESIAN_POINT('',(5.99999999999994,-300.,26.));
#7767=CARTESIAN_POINT('',(5.99999999999994,-300.,26.));
#7768=VECTOR('',#7769,1.);
#7769=DIRECTION('',(1.,0.,0.));
#7770=CARTESIAN_POINT('',(5.99999999999994,-300.,30.));
#7771=CARTESIAN_POINT('',(5.99999999999994,-300.,30.));
#7772=VECTOR('',#7773,1.);
#7773=DIRECTION('',(0.,0.,-1.));
#7774=CARTESIAN_POINT('',(8.99999999999994,-300.,30.));
#7775=CARTESIAN_POINT('',(9.00000000000006,-300.,30.));
#7776=VECTOR('',#7777,1.);
#7777=DIRECTION('',(-1.,0.,0.));
#7778=CARTESIAN_POINT('',(8.99999999999985,-300.,40.));
#7779=CARTESIAN_POINT('',(8.99999999999994,-300.,40.));
#7780=VECTOR('',#7781,1.);
#7781=DIRECTION('',(1.77635683940025E-16,0.,-1.));
#7782=CARTESIAN_POINT('',(-4.00000000000009,-300.,40.));
#7783=CARTESIAN_POINT('',(-4.00000000000009,-300.,40.));
#7784=VECTOR('',#7785,1.);
#7785=DIRECTION('',(1.,0.,0.));
#7786=CARTESIAN_POINT('',(-4.00000000000006,-300.,30.));
#7787=CARTESIAN_POINT('',(-4.00000000000006,-300.,30.));
#7788=VECTOR('',#7789,1.);
#7789=DIRECTION('',(-8.88178419700125E-17,0.,1.));
#7790=CARTESIAN_POINT('',(-1.00000000000006,-300.,30.));
#7791=CARTESIAN_POINT('',(-0.999999999999943,-300.,30.));
#7792=VECTOR('',#7793,1.);
#7793=DIRECTION('',(-1.,0.,0.));
#7794=CARTESIAN_POINT('',(-1.00000000000006,-300.,26.));
#7795=CARTESIAN_POINT('',(-1.00000000000006,-300.,26.));
#7796=VECTOR('',#7797,1.);
#7797=DIRECTION('',(-5.55111512312578E-17,0.,1.));
#7798=CARTESIAN_POINT('',(-21.0000000000001,-300.,26.));
#7799=CARTESIAN_POINT('',(-21.0000000000001,-300.,26.));
#7800=VECTOR('',#7801,1.);
#7801=DIRECTION('',(1.,0.,0.));
#7802=CARTESIAN_POINT('',(-21.0000000000001,-300.,30.));
#7803=CARTESIAN_POINT('',(-21.0000000000001,-300.,30.));
#7804=VECTOR('',#7805,1.);
#7805=DIRECTION('',(0.,0.,-1.));
#7806=CARTESIAN_POINT('',(-18.0000000000001,-300.,30.));
#7807=CARTESIAN_POINT('',(-17.9999999999999,-300.,30.));
#7808=VECTOR('',#7809,1.);
#7809=DIRECTION('',(-1.,0.,0.));
#7810=CARTESIAN_POINT('',(-18.0000000000002,-300.,40.));
#7811=CARTESIAN_POINT('',(-18.0000000000001,-300.,40.));
#7812=VECTOR('',#7813,1.);
#7813=DIRECTION('',(0.,0.,-1.));
#7814=CARTESIAN_POINT('',(-31.0000000000001,-300.,40.));
#7815=CARTESIAN_POINT('',(-31.0000000000001,-300.,40.));
#7816=VECTOR('',#7817,1.);
#7817=DIRECTION('',(1.,0.,0.));
#7818=CARTESIAN_POINT('',(-31.0000000000001,-300.,30.));
#7819=CARTESIAN_POINT('',(-31.0000000000001,-300.,30.));
#7820=VECTOR('',#7821,1.);
#7821=DIRECTION('',(0.,0.,1.));
#7822=CARTESIAN_POINT('',(-28.0000000000001,-300.,30.));
#7823=CARTESIAN_POINT('',(-27.9999999999999,-300.,30.));
#7824=VECTOR('',#7825,1.);
#7825=DIRECTION('',(-1.,0.,0.));
#7826=CARTESIAN_POINT('',(-28.0000000000001,-300.,26.));
#7827=CARTESIAN_POINT('',(-28.0000000000001,-300.,26.));
#7828=VECTOR('',#7829,1.);
#7829=DIRECTION('',(0.,0.,1.));
#7830=CARTESIAN_POINT('',(-48.0000000000001,-300.,26.));
#7831=CARTESIAN_POINT('',(-48.0000000000001,-300.,26.));
#7832=VECTOR('',#7833,1.);
#7833=DIRECTION('',(1.,0.,0.));
#7834=CARTESIAN_POINT('',(-48.0000000000001,-300.,30.));
#7835=CARTESIAN_POINT('',(-48.0000000000001,-300.,30.));
#7836=VECTOR('',#7837,1.);
#7837=DIRECTION('',(0.,0.,-1.));
#7838=CARTESIAN_POINT('',(-45.0000000000001,-300.,30.));
#7839=CARTESIAN_POINT('',(-44.9999999999999,-300.,30.));
#7840=VECTOR('',#7841,1.);
#7841=DIRECTION('',(-1.,0.,0.));
#7842=CARTESIAN_POINT('',(-45.0000000000001,-300.,40.));
#7843=CARTESIAN_POINT('',(-45.0000000000001,-300.,40.));
#7844=VECTOR('',#7845,1.);
#7845=DIRECTION('',(0.,0.,-1.));
#7846=CARTESIAN_POINT('',(-58.0000000000001,-300.,40.));
#7847=CARTESIAN_POINT('',(-58.0000000000001,-300.,40.));
#7848=VECTOR('',#7849,1.);
#7849=DIRECTION('',(1.,0.,0.));
#7850=CARTESIAN_POINT('',(-58.0000000000001,-300.,30.));
#7851=CARTESIAN_POINT('',(-58.0000000000001,-300.,30.));
#7852=VECTOR('',#7853,1.);
#7853=DIRECTION('',(0.,0.,1.));
#7854=CARTESIAN_POINT('',(-55.0000000000001,-300.,30.));
#7855=CARTESIAN_POINT('',(-54.9999999999999,-300.,30.));
#7856=VECTOR('',#7857,1.);
#7857=DIRECTION('',(-1.,0.,0.));
#7858=CARTESIAN_POINT('',(-55.0000000000001,-300.,26.));
#7859=CARTESIAN_POINT('',(-55.0000000000001,-300.,26.));
#7860=VECTOR('',#7861,1.);
#7861=DIRECTION('',(0.,0.,1.));
#7862=CARTESIAN_POINT('',(-75.0000000000001,-300.,26.));
#7863=CARTESIAN_POINT('',(-75.0000000000001,-300.,26.));
#7864=VECTOR('',#7865,1.);
#7865=DIRECTION('',(1.,0.,0.));
#7866=CARTESIAN_POINT('',(-75.0000000000001,-300.,30.));
#7867=CARTESIAN_POINT('',(-75.0000000000001,-300.,30.));
#7868=VECTOR('',#7869,1.);
#7869=DIRECTION('',(0.,0.,-1.));
#7870=CARTESIAN_POINT('',(-72.0000000000001,-300.,30.));
#7871=CARTESIAN_POINT('',(-71.9999999999999,-300.,30.));
#7872=VECTOR('',#7873,1.);
#7873=DIRECTION('',(-1.,0.,0.));
#7874=CARTESIAN_POINT('',(-72.0000000000001,-300.,40.));
#7875=CARTESIAN_POINT('',(-72.0000000000001,-300.,40.));
#7876=VECTOR('',#7877,1.);
#7877=DIRECTION('',(0.,0.,-1.));
#7878=CARTESIAN_POINT('',(-85.0000000000001,-300.,40.));
#7879=CARTESIAN_POINT('',(-85.0000000000001,-300.,40.));
#7880=VECTOR('',#7881,1.);
#7881=DIRECTION('',(1.,0.,0.));
#7882=CARTESIAN_POINT('',(-85.0000000000001,-300.,30.));
#7883=CARTESIAN_POINT('',(-85.0000000000001,-300.,30.));
#7884=VECTOR('',#7885,1.);
#7885=DIRECTION('',(0.,0.,1.));
#7886=CARTESIAN_POINT('',(-82.0000000000001,-300.,30.));
#7887=CARTESIAN_POINT('',(-81.9999999999999,-300.,30.));
#7888=VECTOR('',#7889,1.);
#7889=DIRECTION('',(-1.,0.,0.));
#7890=CARTESIAN_POINT('',(-82.0000000000001,-300.,26.));
#7891=CARTESIAN_POINT('',(-82.0000000000001,-300.,26.));
#7892=VECTOR('',#7893,1.);
#7893=DIRECTION('',(0.,0.,1.));
#7894=CARTESIAN_POINT('',(-102.,-300.,26.));
#7895=CARTESIAN_POINT('',(-102.,-300.,26.));
#7896=VECTOR('',#7897,1.);
#7897=DIRECTION('',(1.,0.,3.55271367880048E-16));
#7898=CARTESIAN_POINT('',(-102.,-300.,30.));
#7899=CARTESIAN_POINT('',(-102.,-300.,30.));
#7900=VECTOR('',#7901,1.);
#7901=DIRECTION('',(0.,0.,-1.));
#7902=CARTESIAN_POINT('',(-99.0000000000001,-300.,30.));
#7903=CARTESIAN_POINT('',(-98.9999999999999,-300.,30.));
#7904=VECTOR('',#7905,1.);
#7905=DIRECTION('',(-1.,0.,0.));
#7906=CARTESIAN_POINT('',(-99.0000000000001,-300.,40.));
#7907=CARTESIAN_POINT('',(-99.0000000000001,-300.,40.));
#7908=VECTOR('',#7909,1.);
#7909=DIRECTION('',(0.,0.,-1.));
#7910=CARTESIAN_POINT('',(-112.,-300.,40.));
#7911=CARTESIAN_POINT('',(-112.,-300.,40.));
#7912=VECTOR('',#7913,1.);
#7913=DIRECTION('',(1.,0.,0.));
#7914=CARTESIAN_POINT('',(-112.,-300.,30.));
#7915=CARTESIAN_POINT('',(-112.,-300.,30.));
#7916=VECTOR('',#7917,1.);
#7917=DIRECTION('',(0.,0.,1.));
#7918=CARTESIAN_POINT('',(-109.,-300.,30.));
#7919=CARTESIAN_POINT('',(-109.,-300.,30.));
#7920=VECTOR('',#7921,1.);
#7921=DIRECTION('',(-1.,0.,0.));
#7922=CARTESIAN_POINT('',(-109.,-300.,26.));
#7923=CARTESIAN_POINT('',(-109.,-300.,26.));
#7924=VECTOR('',#7925,1.);
#7925=DIRECTION('',(0.,0.,1.));
#7926=CARTESIAN_POINT('',(-129.,-300.,26.));
#7927=CARTESIAN_POINT('',(-129.,-300.,26.));
#7928=VECTOR('',#7929,1.);
#7929=DIRECTION('',(1.,0.,3.55271367880048E-16));
#7930=CARTESIAN_POINT('',(-129.,-300.,30.));
#7931=CARTESIAN_POINT('',(-129.,-300.,30.));
#7932=VECTOR('',#7933,1.);
#7933=DIRECTION('',(0.,0.,-1.));
#7934=CARTESIAN_POINT('',(-126.,-300.,30.));
#7935=CARTESIAN_POINT('',(-126.,-300.,30.));
#7936=VECTOR('',#7937,1.);
#7937=DIRECTION('',(-1.,0.,0.));
#7938=CARTESIAN_POINT('',(-126.,-300.,40.));
#7939=CARTESIAN_POINT('',(-126.,-300.,40.));
#7940=VECTOR('',#7941,1.);
#7941=DIRECTION('',(0.,0.,-1.));
#7942=CARTESIAN_POINT('',(-139.,-300.,40.));
#7943=CARTESIAN_POINT('',(-139.,-300.,40.));
#7944=VECTOR('',#7945,1.);
#7945=DIRECTION('',(1.,0.,0.));
#7946=CARTESIAN_POINT('',(-139.,-300.,30.));
#7947=CARTESIAN_POINT('',(-139.,-300.,30.));
#7948=VECTOR('',#7949,1.);
#7949=DIRECTION('',(0.,0.,1.));
#7950=CARTESIAN_POINT('',(-136.,-300.,30.));
#7951=CARTESIAN_POINT('',(-136.,-300.,30.));
#7952=VECTOR('',#7953,1.);
#7953=DIRECTION('',(-1.,0.,0.));
#7954=CARTESIAN_POINT('',(-136.,-300.,26.));
#7955=CARTESIAN_POINT('',(-136.,-300.,26.));
#7956=VECTOR('',#7957,1.);
#7957=DIRECTION('',(0.,0.,1.));
#7958=CARTESIAN_POINT('',(-156.,-300.,26.));
#7959=CARTESIAN_POINT('',(-156.,-300.,26.));
#7960=VECTOR('',#7961,1.);
#7961=DIRECTION('',(1.,0.,0.));
#7962=CARTESIAN_POINT('',(-156.,-300.,30.));
#7963=CARTESIAN_POINT('',(-156.,-300.,30.));
#7964=VECTOR('',#7965,1.);
#7965=DIRECTION('',(0.,0.,-1.));
#7966=CARTESIAN_POINT('',(-153.,-300.,30.));
#7967=CARTESIAN_POINT('',(-153.,-300.,30.));
#7968=VECTOR('',#7969,1.);
#7969=DIRECTION('',(-1.,0.,0.));
#7970=CARTESIAN_POINT('',(-153.,-300.,40.));
#7971=CARTESIAN_POINT('',(-153.,-300.,40.));
#7972=VECTOR('',#7973,1.);
#7973=DIRECTION('',(0.,0.,-1.));
#7974=CARTESIAN_POINT('',(-166.,-300.,40.));
#7975=CARTESIAN_POINT('',(-166.,-300.,40.));
#7976=VECTOR('',#7977,1.);
#7977=DIRECTION('',(1.,0.,0.));
#7978=CARTESIAN_POINT('',(-166.,-300.,30.));
#7979=CARTESIAN_POINT('',(-166.,-300.,30.));
#7980=VECTOR('',#7981,1.);
#7981=DIRECTION('',(0.,0.,1.));
#7982=CARTESIAN_POINT('',(-163.,-300.,30.));
#7983=CARTESIAN_POINT('',(-163.,-300.,30.));
#7984=VECTOR('',#7985,1.);
#7985=DIRECTION('',(-1.,0.,0.));
#7986=CARTESIAN_POINT('',(-163.,-300.,26.));
#7987=CARTESIAN_POINT('',(-163.,-300.,26.));
#7988=VECTOR('',#7989,1.);
#7989=DIRECTION('',(0.,0.,1.));
#7990=CARTESIAN_POINT('',(-183.,-300.,26.));
#7991=CARTESIAN_POINT('',(-183.,-300.,26.));
#7992=VECTOR('',#7993,1.);
#7993=DIRECTION('',(1.,-2.84217094304038E-15,0.));
#7994=CARTESIAN_POINT('',(-183.,-300.,30.));
#7995=CARTESIAN_POINT('',(-183.,-300.,30.));
#7996=VECTOR('',#7997,1.);
#7997=DIRECTION('',(0.,0.,-1.));
#7998=CARTESIAN_POINT('',(-180.,-300.,30.));
#7999=CARTESIAN_POINT('',(-180.,-300.,30.));
#8000=VECTOR('',#8001,1.);
#8001=DIRECTION('',(-1.,1.89478062869353E-14,0.));
#8002=CARTESIAN_POINT('',(-180.,-300.,40.));
#8003=CARTESIAN_POINT('',(-180.,-300.,40.));
#8004=VECTOR('',#8005,1.);
#8005=DIRECTION('',(0.,0.,-1.));
#8006=CARTESIAN_POINT('',(-193.,-300.,40.));
#8007=CARTESIAN_POINT('',(-193.,-300.,40.));
#8008=VECTOR('',#8009,1.);
#8009=DIRECTION('',(1.,0.,0.));
#8010=CARTESIAN_POINT('',(-193.,-300.,30.));
#8011=CARTESIAN_POINT('',(-193.,-300.,30.));
#8012=VECTOR('',#8013,1.);
#8013=DIRECTION('',(0.,0.,1.));
#8014=CARTESIAN_POINT('',(-190.,-300.,30.));
#8015=CARTESIAN_POINT('',(-190.,-300.,30.));
#8016=VECTOR('',#8017,1.);
#8017=DIRECTION('',(-1.,0.,0.));
#8018=CARTESIAN_POINT('',(-190.,-300.,26.));
#8019=CARTESIAN_POINT('',(-190.,-300.,26.));
#8020=VECTOR('',#8021,1.);
#8021=DIRECTION('',(0.,0.,1.));
#8022=CARTESIAN_POINT('',(-210.,-300.,26.));
#8023=CARTESIAN_POINT('',(-210.,-300.,26.));
#8024=VECTOR('',#8025,1.);
#8025=DIRECTION('',(1.,0.,0.));
#8026=CARTESIAN_POINT('',(-210.,-300.,30.));
#8027=CARTESIAN_POINT('',(-210.,-300.,30.));
#8028=VECTOR('',#8029,1.);
#8029=DIRECTION('',(0.,0.,-1.));
#8030=CARTESIAN_POINT('',(-207.,-300.,30.));
#8031=CARTESIAN_POINT('',(-207.,-300.,30.));
#8032=VECTOR('',#8033,1.);
#8033=DIRECTION('',(-1.,0.,0.));
#8034=CARTESIAN_POINT('',(-207.,-300.,40.));
#8035=CARTESIAN_POINT('',(-207.,-300.,40.));
#8036=VECTOR('',#8037,1.);
#8037=DIRECTION('',(0.,0.,-1.));
#8038=CARTESIAN_POINT('',(-220.,-300.,40.));
#8039=CARTESIAN_POINT('',(-220.,-300.,40.));
#8040=VECTOR('',#8041,1.);
#8041=DIRECTION('',(1.,0.,0.));
#8042=CARTESIAN_POINT('',(-220.,-300.,30.));
#8043=CARTESIAN_POINT('',(-220.,-300.,30.));
#8044=VECTOR('',#8045,1.);
#8045=DIRECTION('',(0.,0.,1.));
#8046=CARTESIAN_POINT('',(-217.,-300.,30.));
#8047=CARTESIAN_POINT('',(-217.,-300.,30.));
#8048=VECTOR('',#8049,1.);
#8049=DIRECTION('',(-1.,0.,0.));
#8050=CARTESIAN_POINT('',(-217.,-300.,26.));
#8051=CARTESIAN_POINT('',(-217.,-300.,26.));
#8052=VECTOR('',#8053,1.);
#8053=DIRECTION('',(0.,0.,1.));
#8054=CARTESIAN_POINT('',(-237.,-300.,26.));
#8055=CARTESIAN_POINT('',(-237.,-300.,26.));
#8056=VECTOR('',#8057,1.);
#8057=DIRECTION('',(1.,0.,0.));
#8058=CARTESIAN_POINT('',(-237.,-300.,30.));
#8059=CARTESIAN_POINT('',(-237.,-300.,30.));
#8060=VECTOR('',#8061,1.);
#8061=DIRECTION('',(0.,0.,-1.));
#8062=CARTESIAN_POINT('',(-234.,-300.,30.));
#8063=CARTESIAN_POINT('',(-234.,-300.,30.));
#8064=VECTOR('',#8065,1.);
#8065=DIRECTION('',(-1.,0.,0.));
#8066=CARTESIAN_POINT('',(-234.,-300.,40.));
#8067=CARTESIAN_POINT('',(-234.,-300.,40.));
#8068=VECTOR('',#8069,1.);
#8069=DIRECTION('',(0.,0.,-1.));
#8070=CARTESIAN_POINT('',(-247.,-300.,40.));
#8071=CARTESIAN_POINT('',(-247.,-300.,40.));
#8072=VECTOR('',#8073,1.);
#8073=DIRECTION('',(1.,0.,0.));
#8074=CARTESIAN_POINT('',(-247.,-300.,30.));
#8075=CARTESIAN_POINT('',(-247.,-300.,30.));
#8076=VECTOR('',#8077,1.);
#8077=DIRECTION('',(0.,0.,1.));
#8078=CARTESIAN_POINT('',(-244.,-300.,30.));
#8079=CARTESIAN_POINT('',(-244.,-300.,30.));
#8080=VECTOR('',#8081,1.);
#8081=DIRECTION('',(-1.,0.,0.));
#8082=CARTESIAN_POINT('',(-244.,-300.,26.));
#8083=CARTESIAN_POINT('',(-244.,-300.,26.));
#8084=VECTOR('',#8085,1.);
#8085=DIRECTION('',(0.,0.,1.));
#8086=CARTESIAN_POINT('',(-264.,-300.,26.));
#8087=CARTESIAN_POINT('',(-264.,-300.,26.));
#8088=VECTOR('',#8089,1.);
#8089=DIRECTION('',(1.,0.,3.55271367880048E-16));
#8090=CARTESIAN_POINT('',(-264.,-300.,30.));
#8091=CARTESIAN_POINT('',(-264.,-300.,30.));
#8092=VECTOR('',#8093,1.);
#8093=DIRECTION('',(0.,0.,-1.));
#8094=CARTESIAN_POINT('',(-261.,-300.,30.));
#8095=CARTESIAN_POINT('',(-261.,-300.,30.));
#8096=VECTOR('',#8097,1.);
#8097=DIRECTION('',(-1.,0.,0.));
#8098=CARTESIAN_POINT('',(-261.,-300.,40.));
#8099=CARTESIAN_POINT('',(-261.,-300.,40.));
#8100=VECTOR('',#8101,1.);
#8101=DIRECTION('',(0.,0.,-1.));
#8102=CARTESIAN_POINT('',(-274.,-300.,40.));
#8103=CARTESIAN_POINT('',(-274.,-300.,40.));
#8104=VECTOR('',#8105,1.);
#8105=DIRECTION('',(1.,0.,0.));
#8106=CARTESIAN_POINT('',(-274.,-300.,30.));
#8107=CARTESIAN_POINT('',(-274.,-300.,30.));
#8108=VECTOR('',#8109,1.);
#8109=DIRECTION('',(0.,0.,1.));
#8110=CARTESIAN_POINT('',(-271.,-300.,30.));
#8111=CARTESIAN_POINT('',(-271.,-300.,30.));
#8112=VECTOR('',#8113,1.);
#8113=DIRECTION('',(-1.,0.,0.));
#8114=CARTESIAN_POINT('',(-271.,-300.,26.));
#8115=CARTESIAN_POINT('',(-271.,-300.,26.));
#8116=VECTOR('',#8117,1.);
#8117=DIRECTION('',(0.,0.,1.));
#8118=CARTESIAN_POINT('',(-291.,-300.,26.));
#8119=CARTESIAN_POINT('',(-291.,-300.,26.));
#8120=VECTOR('',#8121,1.);
#8121=DIRECTION('',(1.,0.,3.55271367880048E-16));
#8122=CARTESIAN_POINT('',(-291.,-300.,30.));
#8123=CARTESIAN_POINT('',(-291.,-300.,30.));
#8124=VECTOR('',#8125,1.);
#8125=DIRECTION('',(0.,0.,-1.));
#8126=CARTESIAN_POINT('',(-288.,-300.,30.));
#8127=CARTESIAN_POINT('',(-288.,-300.,30.));
#8128=VECTOR('',#8129,1.);
#8129=DIRECTION('',(-1.,0.,0.));
#8130=CARTESIAN_POINT('',(-288.,-300.,40.));
#8131=CARTESIAN_POINT('',(-288.,-300.,40.));
#8132=VECTOR('',#8133,1.);
#8133=DIRECTION('',(0.,0.,-1.));
#8134=CARTESIAN_POINT('',(-301.,-300.,40.));
#8135=CARTESIAN_POINT('',(-301.,-300.,40.));
#8136=VECTOR('',#8137,1.);
#8137=DIRECTION('',(1.,0.,0.));
#8138=CARTESIAN_POINT('',(-301.,-300.,30.));
#8139=CARTESIAN_POINT('',(-301.,-300.,30.));
#8140=VECTOR('',#8141,1.);
#8141=DIRECTION('',(0.,0.,1.));
#8142=CARTESIAN_POINT('',(-298.,-300.,30.));
#8143=CARTESIAN_POINT('',(-298.,-300.,30.));
#8144=VECTOR('',#8145,1.);
#8145=DIRECTION('',(-1.,0.,0.));
#8146=CARTESIAN_POINT('',(-298.,-300.,26.));
#8147=CARTESIAN_POINT('',(-298.,-300.,26.));
#8148=VECTOR('',#8149,1.);
#8149=DIRECTION('',(0.,0.,1.));
#8150=CARTESIAN_POINT('',(-318.,-300.,26.));
#8151=CARTESIAN_POINT('',(-318.,-300.,26.));
#8152=VECTOR('',#8153,1.);
#8153=DIRECTION('',(1.,0.,0.));
#8154=CARTESIAN_POINT('',(-318.,-300.,30.));
#8155=CARTESIAN_POINT('',(-318.,-300.,30.));
#8156=VECTOR('',#8157,1.);
#8157=DIRECTION('',(0.,0.,-1.));
#8158=CARTESIAN_POINT('',(-315.,-300.,30.));
#8159=CARTESIAN_POINT('',(-315.,-300.,30.));
#8160=VECTOR('',#8161,1.);
#8161=DIRECTION('',(-1.,0.,0.));
#8162=CARTESIAN_POINT('',(-315.,-300.,40.));
#8163=CARTESIAN_POINT('',(-315.,-300.,40.));
#8164=VECTOR('',#8165,1.);
#8165=DIRECTION('',(0.,0.,-1.));
#8166=CARTESIAN_POINT('',(-328.,-300.,40.));
#8167=CARTESIAN_POINT('',(-328.,-300.,40.));
#8168=VECTOR('',#8169,1.);
#8169=DIRECTION('',(1.,0.,0.));
#8170=CARTESIAN_POINT('',(-328.,-300.,30.));
#8171=CARTESIAN_POINT('',(-328.,-300.,30.));
#8172=VECTOR('',#8173,1.);
#8173=DIRECTION('',(0.,0.,1.));
#8174=CARTESIAN_POINT('',(-325.,-300.,30.));
#8175=CARTESIAN_POINT('',(-325.,-300.,30.));
#8176=VECTOR('',#8177,1.);
#8177=DIRECTION('',(-1.,0.,0.));
#8178=CARTESIAN_POINT('',(-325.,-300.,26.));
#8179=CARTESIAN_POINT('',(-325.,-300.,26.));
#8180=VECTOR('',#8181,1.);
#8181=DIRECTION('',(0.,0.,1.));
#8182=CARTESIAN_POINT('',(-345.,-300.,26.));
#8183=CARTESIAN_POINT('',(-345.,-300.,26.));
#8184=VECTOR('',#8185,1.);
#8185=DIRECTION('',(1.,0.,0.));
#8186=CARTESIAN_POINT('',(-345.,-300.,30.));
#8187=CARTESIAN_POINT('',(-345.,-300.,30.));
#8188=VECTOR('',#8189,1.);
#8189=DIRECTION('',(0.,0.,-1.));
#8190=CARTESIAN_POINT('',(-342.,-300.,30.));
#8191=CARTESIAN_POINT('',(-342.,-300.,30.));
#8192=VECTOR('',#8193,1.);
#8193=DIRECTION('',(-1.,0.,0.));
#8194=CARTESIAN_POINT('',(-342.,-300.,40.));
#8195=CARTESIAN_POINT('',(-342.,-300.,40.));
#8196=VECTOR('',#8197,1.);
#8197=DIRECTION('',(0.,0.,-1.));
#8198=CARTESIAN_POINT('',(-360.,-300.,40.));
#8199=CARTESIAN_POINT('',(-360.,-300.,40.));
#8200=VECTOR('',#8201,1.);
#8201=DIRECTION('',(1.,0.,0.));
#8202=CARTESIAN_POINT('',(-360.,-300.,-40.));
#8203=CARTESIAN_POINT('',(-360.,-300.,-40.));
#8204=VECTOR('',#8205,1.);
#8205=DIRECTION('',(0.,0.,1.));
#8206=CARTESIAN_POINT('',(360.,-300.,-40.));
#8207=CARTESIAN_POINT('',(-360.,-300.,-40.));
#8208=VECTOR('',#8209,1.);
#8209=DIRECTION('',(1.,-1.57898385724467E-16,0.));
#8210=CARTESIAN_POINT('',(360.,-300.,40.));
#8211=CARTESIAN_POINT('',(360.,-300.,-40.));
#8212=VECTOR('',#8213,1.);
#8213=DIRECTION('',(0.,0.,1.));
#8214=CARTESIAN_POINT('',(347.,-300.,40.));
#8215=CARTESIAN_POINT('',(347.,-300.,40.));
#8216=VECTOR('',#8217,1.);
#8217=DIRECTION('',(1.,0.,0.));
#8218=CARTESIAN_POINT('',(347.,-300.,30.));
#8219=CARTESIAN_POINT('',(347.,-300.,30.));
#8220=VECTOR('',#8221,1.);
#8221=DIRECTION('',(0.,0.,1.));
#8222=CARTESIAN_POINT('',(350.,-300.,30.));
#8223=CARTESIAN_POINT('',(350.,-300.,30.));
#8224=VECTOR('',#8225,1.);
#8225=DIRECTION('',(-1.,0.,0.));
#8226=CARTESIAN_POINT('',(350.,-300.,26.));
#8227=CARTESIAN_POINT('',(350.,-300.,26.));
#8228=VECTOR('',#8229,1.);
#8229=DIRECTION('',(0.,0.,1.));
#8230=CARTESIAN_POINT('',(330.,-300.,26.));
#8231=CARTESIAN_POINT('',(330.,-300.,26.));
#8232=VECTOR('',#8233,1.);
#8233=DIRECTION('',(1.,0.,0.));
#8234=CARTESIAN_POINT('',(330.,-300.,30.));
#8235=CARTESIAN_POINT('',(330.,-300.,30.));
#8236=VECTOR('',#8237,1.);
#8237=DIRECTION('',(0.,0.,-1.));
#8238=CARTESIAN_POINT('',(333.,-300.,30.));
#8239=CARTESIAN_POINT('',(333.,-300.,30.));
#8240=VECTOR('',#8241,1.);
#8241=DIRECTION('',(-1.,0.,0.));
#8242=CARTESIAN_POINT('',(333.,-300.,40.));
#8243=CARTESIAN_POINT('',(333.,-300.,40.));
#8244=VECTOR('',#8245,1.);
#8245=DIRECTION('',(0.,0.,-1.));
#8246=CARTESIAN_POINT('',(320.,-300.,40.));
#8247=CARTESIAN_POINT('',(320.,-300.,40.));
#8248=VECTOR('',#8249,1.);
#8249=DIRECTION('',(1.,0.,0.));
#8250=CARTESIAN_POINT('',(320.,-300.,30.));
#8251=VECTOR('',#8252,1.);
#8252=DIRECTION('',(0.,0.,1.));
#8253=CARTESIAN_POINT('',(323.,300.,30.));
#8254=CARTESIAN_POINT('',(320.,300.,30.));
#8255=CARTESIAN_POINT('',(320.,300.,30.));
#8256=VECTOR('',#8257,1.);
#8257=DIRECTION('',(1.,0.,0.));
#8258=CARTESIAN_POINT('',(320.,300.,40.));
#8259=CARTESIAN_POINT('',(320.,300.,40.));
#8260=VECTOR('',#8261,1.);
#8261=DIRECTION('',(0.,0.,-1.));
#8262=CARTESIAN_POINT('',(333.,300.,40.));
#8263=CARTESIAN_POINT('',(333.,300.,40.));
#8264=VECTOR('',#8265,1.);
#8265=DIRECTION('',(-1.,0.,0.));
#8266=CARTESIAN_POINT('',(333.,300.,30.));
#8267=CARTESIAN_POINT('',(333.,300.,30.));
#8268=VECTOR('',#8269,1.);
#8269=DIRECTION('',(0.,0.,1.));
#8270=CARTESIAN_POINT('',(330.,300.,30.));
#8271=CARTESIAN_POINT('',(330.,300.,30.));
#8272=VECTOR('',#8273,1.);
#8273=DIRECTION('',(1.,0.,0.));
#8274=CARTESIAN_POINT('',(330.,300.,26.));
#8275=CARTESIAN_POINT('',(330.,300.,26.));
#8276=VECTOR('',#8277,1.);
#8277=DIRECTION('',(0.,0.,1.));
#8278=CARTESIAN_POINT('',(350.,300.,26.));
#8279=CARTESIAN_POINT('',(350.,300.,26.));
#8280=VECTOR('',#8281,1.);
#8281=DIRECTION('',(-1.,0.,0.));
#8282=CARTESIAN_POINT('',(350.,300.,30.));
#8283=CARTESIAN_POINT('',(350.,300.,30.));
#8284=VECTOR('',#8285,1.);
#8285=DIRECTION('',(0.,0.,-1.));
#8286=CARTESIAN_POINT('',(347.,300.,30.));
#8287=CARTESIAN_POINT('',(347.,300.,30.));
#8288=VECTOR('',#8289,1.);
#8289=DIRECTION('',(1.,0.,0.));
#8290=CARTESIAN_POINT('',(347.,300.,40.));
#8291=CARTESIAN_POINT('',(347.,300.,40.));
#8292=VECTOR('',#8293,1.);
#8293=DIRECTION('',(0.,0.,-1.));
#8294=CARTESIAN_POINT('',(360.,300.,40.));
#8295=CARTESIAN_POINT('',(360.,300.,40.));
#8296=VECTOR('',#8297,1.);
#8297=DIRECTION('',(-1.,0.,0.));
#8298=CARTESIAN_POINT('',(360.,300.,-40.));
#8299=CARTESIAN_POINT('',(360.,300.,-40.));
#8300=VECTOR('',#8301,1.);
#8301=DIRECTION('',(0.,0.,1.));
#8302=CARTESIAN_POINT('',(-360.,300.,-40.));
#8303=CARTESIAN_POINT('',(360.,300.,-40.));
#8304=VECTOR('',#8305,1.);
#8305=DIRECTION('',(-1.,1.57898385724467E-16,0.));
#8306=CARTESIAN_POINT('',(-360.,300.,40.));
#8307=CARTESIAN_POINT('',(-360.,300.,-40.));
#8308=VECTOR('',#8309,1.);
#8309=DIRECTION('',(0.,0.,1.));
#8310=CARTESIAN_POINT('',(-342.,300.,40.));
#8311=CARTESIAN_POINT('',(-342.,300.,40.));
#8312=VECTOR('',#8313,1.);
#8313=DIRECTION('',(-1.,0.,0.));
#8314=CARTESIAN_POINT('',(-342.,300.,30.));
#8315=CARTESIAN_POINT('',(-342.,300.,30.));
#8316=VECTOR('',#8317,1.);
#8317=DIRECTION('',(0.,0.,1.));
#8318=CARTESIAN_POINT('',(-345.,300.,30.));
#8319=CARTESIAN_POINT('',(-345.,300.,30.));
#8320=VECTOR('',#8321,1.);
#8321=DIRECTION('',(1.,0.,0.));
#8322=CARTESIAN_POINT('',(-345.,300.,26.));
#8323=CARTESIAN_POINT('',(-345.,300.,26.));
#8324=VECTOR('',#8325,1.);
#8325=DIRECTION('',(0.,0.,1.));
#8326=CARTESIAN_POINT('',(-325.,300.,26.));
#8327=CARTESIAN_POINT('',(-325.,300.,26.));
#8328=VECTOR('',#8329,1.);
#8329=DIRECTION('',(-1.,0.,-3.55271367880048E-16));
#8330=CARTESIAN_POINT('',(-325.,300.,30.));
#8331=CARTESIAN_POINT('',(-325.,300.,30.));
#8332=VECTOR('',#8333,1.);
#8333=DIRECTION('',(0.,0.,-1.));
#8334=CARTESIAN_POINT('',(-328.,300.,30.));
#8335=CARTESIAN_POINT('',(-328.,300.,30.));
#8336=VECTOR('',#8337,1.);
#8337=DIRECTION('',(1.,0.,0.));
#8338=CARTESIAN_POINT('',(-328.,300.,40.));
#8339=CARTESIAN_POINT('',(-328.,300.,40.));
#8340=VECTOR('',#8341,1.);
#8341=DIRECTION('',(0.,0.,-1.));
#8342=CARTESIAN_POINT('',(-315.,300.,40.));
#8343=CARTESIAN_POINT('',(-315.,300.,40.));
#8344=VECTOR('',#8345,1.);
#8345=DIRECTION('',(-1.,0.,0.));
#8346=CARTESIAN_POINT('',(-315.,300.,30.));
#8347=CARTESIAN_POINT('',(-315.,300.,30.));
#8348=VECTOR('',#8349,1.);
#8349=DIRECTION('',(0.,0.,1.));
#8350=CARTESIAN_POINT('',(-318.,300.,30.));
#8351=CARTESIAN_POINT('',(-318.,300.,30.));
#8352=VECTOR('',#8353,1.);
#8353=DIRECTION('',(1.,0.,0.));
#8354=CARTESIAN_POINT('',(-318.,300.,26.));
#8355=CARTESIAN_POINT('',(-318.,300.,26.));
#8356=VECTOR('',#8357,1.);
#8357=DIRECTION('',(0.,0.,1.));
#8358=CARTESIAN_POINT('',(-298.,300.,26.));
#8359=CARTESIAN_POINT('',(-298.,300.,26.));
#8360=VECTOR('',#8361,1.);
#8361=DIRECTION('',(-1.,0.,0.));
#8362=CARTESIAN_POINT('',(-298.,300.,30.));
#8363=CARTESIAN_POINT('',(-298.,300.,30.));
#8364=VECTOR('',#8365,1.);
#8365=DIRECTION('',(0.,0.,-1.));
#8366=CARTESIAN_POINT('',(-301.,300.,30.));
#8367=CARTESIAN_POINT('',(-301.,300.,30.));
#8368=VECTOR('',#8369,1.);
#8369=DIRECTION('',(1.,0.,0.));
#8370=CARTESIAN_POINT('',(-301.,300.,40.));
#8371=CARTESIAN_POINT('',(-301.,300.,40.));
#8372=VECTOR('',#8373,1.);
#8373=DIRECTION('',(0.,0.,-1.));
#8374=CARTESIAN_POINT('',(-288.,300.,40.));
#8375=CARTESIAN_POINT('',(-288.,300.,40.));
#8376=VECTOR('',#8377,1.);
#8377=DIRECTION('',(-1.,0.,0.));
#8378=CARTESIAN_POINT('',(-288.,300.,30.));
#8379=CARTESIAN_POINT('',(-288.,300.,30.));
#8380=VECTOR('',#8381,1.);
#8381=DIRECTION('',(0.,0.,1.));
#8382=CARTESIAN_POINT('',(-291.,300.,30.));
#8383=CARTESIAN_POINT('',(-291.,300.,30.));
#8384=VECTOR('',#8385,1.);
#8385=DIRECTION('',(1.,0.,0.));
#8386=CARTESIAN_POINT('',(-291.,300.,26.));
#8387=CARTESIAN_POINT('',(-291.,300.,26.));
#8388=VECTOR('',#8389,1.);
#8389=DIRECTION('',(0.,0.,1.));
#8390=CARTESIAN_POINT('',(-271.,300.,26.));
#8391=CARTESIAN_POINT('',(-271.,300.,26.));
#8392=VECTOR('',#8393,1.);
#8393=DIRECTION('',(-1.,0.,0.));
#8394=CARTESIAN_POINT('',(-271.,300.,30.));
#8395=CARTESIAN_POINT('',(-271.,300.,30.));
#8396=VECTOR('',#8397,1.);
#8397=DIRECTION('',(0.,0.,-1.));
#8398=CARTESIAN_POINT('',(-274.,300.,30.));
#8399=CARTESIAN_POINT('',(-274.,300.,30.));
#8400=VECTOR('',#8401,1.);
#8401=DIRECTION('',(1.,0.,0.));
#8402=CARTESIAN_POINT('',(-274.,300.,40.));
#8403=CARTESIAN_POINT('',(-274.,300.,40.));
#8404=VECTOR('',#8405,1.);
#8405=DIRECTION('',(0.,0.,-1.));
#8406=CARTESIAN_POINT('',(-261.,300.,40.));
#8407=CARTESIAN_POINT('',(-261.,300.,40.));
#8408=VECTOR('',#8409,1.);
#8409=DIRECTION('',(-1.,0.,0.));
#8410=CARTESIAN_POINT('',(-261.,300.,30.));
#8411=CARTESIAN_POINT('',(-261.,300.,30.));
#8412=VECTOR('',#8413,1.);
#8413=DIRECTION('',(0.,0.,1.));
#8414=CARTESIAN_POINT('',(-264.,300.,30.));
#8415=CARTESIAN_POINT('',(-264.,300.,30.));
#8416=VECTOR('',#8417,1.);
#8417=DIRECTION('',(1.,0.,0.));
#8418=CARTESIAN_POINT('',(-264.,300.,26.));
#8419=CARTESIAN_POINT('',(-264.,300.,26.));
#8420=VECTOR('',#8421,1.);
#8421=DIRECTION('',(0.,0.,1.));
#8422=CARTESIAN_POINT('',(-244.,300.,26.));
#8423=CARTESIAN_POINT('',(-244.,300.,26.));
#8424=VECTOR('',#8425,1.);
#8425=DIRECTION('',(-1.,0.,0.));
#8426=CARTESIAN_POINT('',(-244.,300.,30.));
#8427=CARTESIAN_POINT('',(-244.,300.,30.));
#8428=VECTOR('',#8429,1.);
#8429=DIRECTION('',(0.,0.,-1.));
#8430=CARTESIAN_POINT('',(-247.,300.,30.));
#8431=CARTESIAN_POINT('',(-247.,300.,30.));
#8432=VECTOR('',#8433,1.);
#8433=DIRECTION('',(1.,0.,0.));
#8434=CARTESIAN_POINT('',(-247.,300.,40.));
#8435=CARTESIAN_POINT('',(-247.,300.,40.));
#8436=VECTOR('',#8437,1.);
#8437=DIRECTION('',(0.,0.,-1.));
#8438=CARTESIAN_POINT('',(-234.,300.,40.));
#8439=CARTESIAN_POINT('',(-234.,300.,40.));
#8440=VECTOR('',#8441,1.);
#8441=DIRECTION('',(-1.,0.,0.));
#8442=CARTESIAN_POINT('',(-234.,300.,30.));
#8443=CARTESIAN_POINT('',(-234.,300.,30.));
#8444=VECTOR('',#8445,1.);
#8445=DIRECTION('',(0.,0.,1.));
#8446=CARTESIAN_POINT('',(-237.,300.,30.));
#8447=CARTESIAN_POINT('',(-237.,300.,30.));
#8448=VECTOR('',#8449,1.);
#8449=DIRECTION('',(1.,0.,0.));
#8450=CARTESIAN_POINT('',(-237.,300.,26.));
#8451=CARTESIAN_POINT('',(-237.,300.,26.));
#8452=VECTOR('',#8453,1.);
#8453=DIRECTION('',(0.,0.,1.));
#8454=CARTESIAN_POINT('',(-217.,300.,26.));
#8455=CARTESIAN_POINT('',(-217.,300.,26.));
#8456=VECTOR('',#8457,1.);
#8457=DIRECTION('',(-1.,0.,0.));
#8458=CARTESIAN_POINT('',(-217.,300.,30.));
#8459=CARTESIAN_POINT('',(-217.,300.,30.));
#8460=VECTOR('',#8461,1.);
#8461=DIRECTION('',(0.,0.,-1.));
#8462=CARTESIAN_POINT('',(-220.,300.,30.));
#8463=CARTESIAN_POINT('',(-220.,300.,30.));
#8464=VECTOR('',#8465,1.);
#8465=DIRECTION('',(1.,0.,0.));
#8466=CARTESIAN_POINT('',(-220.,300.,40.));
#8467=CARTESIAN_POINT('',(-220.,300.,40.));
#8468=VECTOR('',#8469,1.);
#8469=DIRECTION('',(0.,0.,-1.));
#8470=CARTESIAN_POINT('',(-207.,300.,40.));
#8471=CARTESIAN_POINT('',(-207.,300.,40.));
#8472=VECTOR('',#8473,1.);
#8473=DIRECTION('',(-1.,0.,0.));
#8474=CARTESIAN_POINT('',(-207.,300.,30.));
#8475=CARTESIAN_POINT('',(-207.,300.,30.));
#8476=VECTOR('',#8477,1.);
#8477=DIRECTION('',(0.,0.,1.));
#8478=CARTESIAN_POINT('',(-210.,300.,30.));
#8479=CARTESIAN_POINT('',(-210.,300.,30.));
#8480=VECTOR('',#8481,1.);
#8481=DIRECTION('',(1.,0.,0.));
#8482=CARTESIAN_POINT('',(-210.,300.,26.));
#8483=CARTESIAN_POINT('',(-210.,300.,26.));
#8484=VECTOR('',#8485,1.);
#8485=DIRECTION('',(0.,0.,1.));
#8486=CARTESIAN_POINT('',(-190.,300.,26.));
#8487=CARTESIAN_POINT('',(-190.,300.,26.));
#8488=VECTOR('',#8489,1.);
#8489=DIRECTION('',(-1.,0.,-3.55271367880048E-16));
#8490=CARTESIAN_POINT('',(-190.,300.,30.));
#8491=CARTESIAN_POINT('',(-190.,300.,30.));
#8492=VECTOR('',#8493,1.);
#8493=DIRECTION('',(0.,0.,-1.));
#8494=CARTESIAN_POINT('',(-193.,300.,30.));
#8495=CARTESIAN_POINT('',(-193.,300.,30.));
#8496=VECTOR('',#8497,1.);
#8497=DIRECTION('',(1.,0.,0.));
#8498=CARTESIAN_POINT('',(-193.,300.,40.));
#8499=CARTESIAN_POINT('',(-193.,300.,40.));
#8500=VECTOR('',#8501,1.);
#8501=DIRECTION('',(0.,0.,-1.));
#8502=CARTESIAN_POINT('',(-180.,300.,40.));
#8503=CARTESIAN_POINT('',(-180.,300.,40.));
#8504=VECTOR('',#8505,1.);
#8505=DIRECTION('',(-1.,0.,0.));
#8506=CARTESIAN_POINT('',(-180.,300.,30.));
#8507=CARTESIAN_POINT('',(-180.,300.,30.));
#8508=VECTOR('',#8509,1.);
#8509=DIRECTION('',(0.,0.,1.));
#8510=CARTESIAN_POINT('',(-183.,300.,30.));
#8511=CARTESIAN_POINT('',(-183.,300.,30.));
#8512=VECTOR('',#8513,1.);
#8513=DIRECTION('',(1.,-3.78956125738706E-14,0.));
#8514=CARTESIAN_POINT('',(-183.,300.,26.));
#8515=CARTESIAN_POINT('',(-183.,300.,26.));
#8516=VECTOR('',#8517,1.);
#8517=DIRECTION('',(0.,0.,1.));
#8518=CARTESIAN_POINT('',(-163.,300.,26.));
#8519=CARTESIAN_POINT('',(-163.,300.,26.));
#8520=VECTOR('',#8521,1.);
#8521=DIRECTION('',(-1.,5.68434188608077E-15,-3.55271367880048E-16));
#8522=CARTESIAN_POINT('',(-163.,300.,30.));
#8523=CARTESIAN_POINT('',(-163.,300.,30.));
#8524=VECTOR('',#8525,1.);
#8525=DIRECTION('',(0.,0.,-1.));
#8526=CARTESIAN_POINT('',(-166.,300.,30.));
#8527=CARTESIAN_POINT('',(-166.,300.,30.));
#8528=VECTOR('',#8529,1.);
#8529=DIRECTION('',(1.,0.,0.));
#8530=CARTESIAN_POINT('',(-166.,300.,40.));
#8531=CARTESIAN_POINT('',(-166.,300.,40.));
#8532=VECTOR('',#8533,1.);
#8533=DIRECTION('',(0.,0.,-1.));
#8534=CARTESIAN_POINT('',(-153.,300.,40.));
#8535=CARTESIAN_POINT('',(-153.,300.,40.));
#8536=VECTOR('',#8537,1.);
#8537=DIRECTION('',(-1.,0.,0.));
#8538=CARTESIAN_POINT('',(-153.,300.,30.));
#8539=CARTESIAN_POINT('',(-153.,300.,30.));
#8540=VECTOR('',#8541,1.);
#8541=DIRECTION('',(0.,0.,1.));
#8542=CARTESIAN_POINT('',(-156.,300.,30.));
#8543=CARTESIAN_POINT('',(-156.,300.,30.));
#8544=VECTOR('',#8545,1.);
#8545=DIRECTION('',(1.,0.,0.));
#8546=CARTESIAN_POINT('',(-156.,300.,26.));
#8547=CARTESIAN_POINT('',(-156.,300.,26.));
#8548=VECTOR('',#8549,1.);
#8549=DIRECTION('',(0.,0.,1.));
#8550=CARTESIAN_POINT('',(-136.,300.,26.));
#8551=CARTESIAN_POINT('',(-136.,300.,26.));
#8552=VECTOR('',#8553,1.);
#8553=DIRECTION('',(-1.,0.,0.));
#8554=CARTESIAN_POINT('',(-136.,300.,30.));
#8555=CARTESIAN_POINT('',(-136.,300.,30.));
#8556=VECTOR('',#8557,1.);
#8557=DIRECTION('',(0.,0.,-1.));
#8558=CARTESIAN_POINT('',(-139.,300.,30.));
#8559=CARTESIAN_POINT('',(-139.,300.,30.));
#8560=VECTOR('',#8561,1.);
#8561=DIRECTION('',(1.,0.,0.));
#8562=CARTESIAN_POINT('',(-139.,300.,40.));
#8563=CARTESIAN_POINT('',(-139.,300.,40.));
#8564=VECTOR('',#8565,1.);
#8565=DIRECTION('',(0.,0.,-1.));
#8566=CARTESIAN_POINT('',(-126.,300.,40.));
#8567=CARTESIAN_POINT('',(-126.,300.,40.));
#8568=VECTOR('',#8569,1.);
#8569=DIRECTION('',(-1.,0.,0.));
#8570=CARTESIAN_POINT('',(-126.,300.,30.));
#8571=CARTESIAN_POINT('',(-126.,300.,30.));
#8572=VECTOR('',#8573,1.);
#8573=DIRECTION('',(0.,0.,1.));
#8574=CARTESIAN_POINT('',(-129.,300.,30.));
#8575=CARTESIAN_POINT('',(-129.,300.,30.));
#8576=VECTOR('',#8577,1.);
#8577=DIRECTION('',(1.,0.,0.));
#8578=CARTESIAN_POINT('',(-129.,300.,26.));
#8579=CARTESIAN_POINT('',(-129.,300.,26.));
#8580=VECTOR('',#8581,1.);
#8581=DIRECTION('',(0.,0.,1.));
#8582=CARTESIAN_POINT('',(-109.,300.,26.));
#8583=CARTESIAN_POINT('',(-109.,300.,26.));
#8584=VECTOR('',#8585,1.);
#8585=DIRECTION('',(-1.,0.,0.));
#8586=CARTESIAN_POINT('',(-109.,300.,30.));
#8587=CARTESIAN_POINT('',(-109.,300.,30.));
#8588=VECTOR('',#8589,1.);
#8589=DIRECTION('',(0.,0.,-1.));
#8590=CARTESIAN_POINT('',(-112.,300.,30.));
#8591=CARTESIAN_POINT('',(-112.,300.,30.));
#8592=VECTOR('',#8593,1.);
#8593=DIRECTION('',(1.,0.,0.));
#8594=CARTESIAN_POINT('',(-112.,300.,40.));
#8595=CARTESIAN_POINT('',(-112.,300.,40.));
#8596=VECTOR('',#8597,1.);
#8597=DIRECTION('',(0.,0.,-1.));
#8598=CARTESIAN_POINT('',(-98.9999999999999,300.,40.));
#8599=CARTESIAN_POINT('',(-98.9999999999999,300.,40.));
#8600=VECTOR('',#8601,1.);
#8601=DIRECTION('',(-1.,0.,5.46571335200077E-16));
#8602=CARTESIAN_POINT('',(-98.9999999999999,300.,30.));
#8603=CARTESIAN_POINT('',(-98.9999999999999,300.,30.));
#8604=VECTOR('',#8605,1.);
#8605=DIRECTION('',(0.,0.,1.));
#8606=CARTESIAN_POINT('',(-102.,300.,30.));
#8607=CARTESIAN_POINT('',(-102.,300.,30.));
#8608=VECTOR('',#8609,1.);
#8609=DIRECTION('',(1.,0.,0.));
#8610=CARTESIAN_POINT('',(-102.,300.,26.));
#8611=CARTESIAN_POINT('',(-102.,300.,26.));
#8612=VECTOR('',#8613,1.);
#8613=DIRECTION('',(0.,0.,1.));
#8614=CARTESIAN_POINT('',(-81.9999999999999,300.,26.));
#8615=CARTESIAN_POINT('',(-81.9999999999999,300.,26.));
#8616=VECTOR('',#8617,1.);
#8617=DIRECTION('',(-1.,0.,0.));
#8618=CARTESIAN_POINT('',(-81.9999999999999,300.,30.));
#8619=CARTESIAN_POINT('',(-81.9999999999999,300.,30.));
#8620=VECTOR('',#8621,1.);
#8621=DIRECTION('',(0.,0.,-1.));
#8622=CARTESIAN_POINT('',(-84.9999999999999,300.,30.));
#8623=CARTESIAN_POINT('',(-85.0000000000001,300.,30.));
#8624=VECTOR('',#8625,1.);
#8625=DIRECTION('',(1.,0.,0.));
#8626=CARTESIAN_POINT('',(-84.9999999999999,300.,40.));
#8627=CARTESIAN_POINT('',(-84.9999999999999,300.,40.));
#8628=VECTOR('',#8629,1.);
#8629=DIRECTION('',(0.,0.,-1.));
#8630=CARTESIAN_POINT('',(-71.9999999999999,300.,40.));
#8631=CARTESIAN_POINT('',(-71.9999999999999,300.,40.));
#8632=VECTOR('',#8633,1.);
#8633=DIRECTION('',(-1.,0.,5.46571335200077E-16));
#8634=CARTESIAN_POINT('',(-71.9999999999999,300.,30.));
#8635=CARTESIAN_POINT('',(-71.9999999999999,300.,30.));
#8636=VECTOR('',#8637,1.);
#8637=DIRECTION('',(0.,0.,1.));
#8638=CARTESIAN_POINT('',(-74.9999999999999,300.,30.));
#8639=CARTESIAN_POINT('',(-75.0000000000001,300.,30.));
#8640=VECTOR('',#8641,1.);
#8641=DIRECTION('',(1.,0.,0.));
#8642=CARTESIAN_POINT('',(-74.9999999999999,300.,26.));
#8643=CARTESIAN_POINT('',(-74.9999999999999,300.,26.));
#8644=VECTOR('',#8645,1.);
#8645=DIRECTION('',(0.,0.,1.));
#8646=CARTESIAN_POINT('',(-54.9999999999999,300.,26.));
#8647=CARTESIAN_POINT('',(-54.9999999999999,300.,26.));
#8648=VECTOR('',#8649,1.);
#8649=DIRECTION('',(-1.,0.,0.));
#8650=CARTESIAN_POINT('',(-55.,300.,30.));
#8651=CARTESIAN_POINT('',(-54.9999999999999,300.,30.));
#8652=VECTOR('',#8653,1.);
#8653=DIRECTION('',(0.,0.,-1.));
#8654=CARTESIAN_POINT('',(-58.,300.,30.));
#8655=CARTESIAN_POINT('',(-58.0000000000001,300.,30.));
#8656=VECTOR('',#8657,1.);
#8657=DIRECTION('',(1.,0.,0.));
#8658=CARTESIAN_POINT('',(-57.9999999999999,300.,40.));
#8659=CARTESIAN_POINT('',(-57.9999999999999,300.,40.));
#8660=VECTOR('',#8661,1.);
#8661=DIRECTION('',(0.,0.,-1.));
#8662=CARTESIAN_POINT('',(-44.9999999999999,300.,40.));
#8663=CARTESIAN_POINT('',(-44.9999999999999,300.,40.));
#8664=VECTOR('',#8665,1.);
#8665=DIRECTION('',(-1.,0.,5.46571335200077E-16));
#8666=CARTESIAN_POINT('',(-45.,300.,30.));
#8667=CARTESIAN_POINT('',(-44.9999999999999,300.,30.));
#8668=VECTOR('',#8669,1.);
#8669=DIRECTION('',(0.,0.,1.));
#8670=CARTESIAN_POINT('',(-48.,300.,30.));
#8671=CARTESIAN_POINT('',(-48.0000000000001,300.,30.));
#8672=VECTOR('',#8673,1.);
#8673=DIRECTION('',(1.,0.,0.));
#8674=CARTESIAN_POINT('',(-47.9999999999999,300.,26.));
#8675=CARTESIAN_POINT('',(-47.9999999999999,300.,26.));
#8676=VECTOR('',#8677,1.);
#8677=DIRECTION('',(0.,0.,1.));
#8678=CARTESIAN_POINT('',(-27.9999999999999,300.,26.));
#8679=CARTESIAN_POINT('',(-27.9999999999999,300.,26.));
#8680=VECTOR('',#8681,1.);
#8681=DIRECTION('',(-1.,0.,-3.55271367880048E-16));
#8682=CARTESIAN_POINT('',(-27.9999999999999,300.,30.));
#8683=CARTESIAN_POINT('',(-27.9999999999999,300.,30.));
#8684=VECTOR('',#8685,1.);
#8685=DIRECTION('',(0.,0.,-1.));
#8686=CARTESIAN_POINT('',(-30.9999999999999,300.,30.));
#8687=CARTESIAN_POINT('',(-31.0000000000001,300.,30.));
#8688=VECTOR('',#8689,1.);
#8689=DIRECTION('',(1.,0.,0.));
#8690=CARTESIAN_POINT('',(-30.9999999999999,300.,40.));
#8691=CARTESIAN_POINT('',(-30.9999999999999,300.,40.));
#8692=VECTOR('',#8693,1.);
#8693=DIRECTION('',(0.,0.,-1.));
#8694=CARTESIAN_POINT('',(-17.9999999999999,300.,40.));
#8695=CARTESIAN_POINT('',(-17.9999999999999,300.,40.));
#8696=VECTOR('',#8697,1.);
#8697=DIRECTION('',(-1.,0.,5.46571335200077E-16));
#8698=CARTESIAN_POINT('',(-17.9999999999999,300.,30.));
#8699=CARTESIAN_POINT('',(-17.9999999999999,300.,30.));
#8700=VECTOR('',#8701,1.);
#8701=DIRECTION('',(0.,0.,1.));
#8702=CARTESIAN_POINT('',(-20.9999999999999,300.,30.));
#8703=CARTESIAN_POINT('',(-21.0000000000001,300.,30.));
#8704=VECTOR('',#8705,1.);
#8705=DIRECTION('',(1.,0.,0.));
#8706=CARTESIAN_POINT('',(-20.9999999999999,300.,26.));
#8707=CARTESIAN_POINT('',(-20.9999999999999,300.,26.));
#8708=VECTOR('',#8709,1.);
#8709=DIRECTION('',(0.,0.,1.));
#8710=CARTESIAN_POINT('',(-0.999999999999946,300.,26.));
#8711=CARTESIAN_POINT('',(-0.999999999999943,300.,26.));
#8712=VECTOR('',#8713,1.);
#8713=DIRECTION('',(-1.,0.,-3.55271367880048E-16));
#8714=CARTESIAN_POINT('',(-0.999999999999947,300.,30.));
#8715=CARTESIAN_POINT('',(-0.999999999999945,300.,30.));
#8716=VECTOR('',#8717,1.);
#8717=DIRECTION('',(5.55111512312578E-17,0.,-1.));
#8718=CARTESIAN_POINT('',(-3.99999999999995,300.,30.));
#8719=CARTESIAN_POINT('',(-4.00000000000006,300.,30.));
#8720=VECTOR('',#8721,1.);
#8721=DIRECTION('',(1.,0.,0.));
#8722=CARTESIAN_POINT('',(-3.99999999999995,300.,40.));
#8723=CARTESIAN_POINT('',(-3.99999999999995,300.,40.));
#8724=VECTOR('',#8725,1.);
#8725=DIRECTION('',(8.88178419700125E-17,0.,-1.));
#8726=CARTESIAN_POINT('',(9.00000000000006,300.,40.));
#8727=CARTESIAN_POINT('',(9.00000000000006,300.,40.));
#8728=VECTOR('',#8729,1.);
#8729=DIRECTION('',(-1.,0.,0.));
#8730=CARTESIAN_POINT('',(9.00000000000005,300.,30.));
#8731=CARTESIAN_POINT('',(9.00000000000006,300.,30.));
#8732=VECTOR('',#8733,1.);
#8733=DIRECTION('',(-1.77635683940025E-16,0.,1.));
#8734=CARTESIAN_POINT('',(6.00000000000005,300.,30.));
#8735=CARTESIAN_POINT('',(5.99999999999994,300.,30.));
#8736=VECTOR('',#8737,1.);
#8737=DIRECTION('',(1.,0.,0.));
#8738=CARTESIAN_POINT('',(6.00000000000005,300.,26.));
#8739=CARTESIAN_POINT('',(6.00000000000006,300.,26.));
#8740=VECTOR('',#8741,1.);
#8741=DIRECTION('',(0.,0.,1.));
#8742=CARTESIAN_POINT('',(26.0000000000001,300.,26.));
#8743=CARTESIAN_POINT('',(26.0000000000001,300.,26.));
#8744=VECTOR('',#8745,1.);
#8745=DIRECTION('',(-1.,0.,0.));
#8746=CARTESIAN_POINT('',(26.0000000000001,300.,30.));
#8747=CARTESIAN_POINT('',(26.0000000000001,300.,30.));
#8748=VECTOR('',#8749,1.);
#8749=DIRECTION('',(0.,0.,-1.));
#8750=CARTESIAN_POINT('',(23.0000000000001,300.,30.));
#8751=CARTESIAN_POINT('',(22.9999999999999,300.,30.));
#8752=VECTOR('',#8753,1.);
#8753=DIRECTION('',(1.,0.,0.));
#8754=CARTESIAN_POINT('',(23.0000000000001,300.,40.));
#8755=CARTESIAN_POINT('',(23.0000000000001,300.,40.));
#8756=VECTOR('',#8757,1.);
#8757=DIRECTION('',(0.,0.,-1.));
#8758=CARTESIAN_POINT('',(36.0000000000001,300.,40.));
#8759=CARTESIAN_POINT('',(36.0000000000001,300.,40.));
#8760=VECTOR('',#8761,1.);
#8761=DIRECTION('',(-1.,0.,0.));
#8762=CARTESIAN_POINT('',(36.,300.,30.));
#8763=CARTESIAN_POINT('',(36.0000000000001,300.,30.));
#8764=VECTOR('',#8765,1.);
#8765=DIRECTION('',(0.,0.,1.));
#8766=CARTESIAN_POINT('',(33.,300.,30.));
#8767=CARTESIAN_POINT('',(32.9999999999999,300.,30.));
#8768=VECTOR('',#8769,1.);
#8769=DIRECTION('',(1.,0.,0.));
#8770=CARTESIAN_POINT('',(33.0000000000001,300.,26.));
#8771=CARTESIAN_POINT('',(33.0000000000001,300.,26.));
#8772=VECTOR('',#8773,1.);
#8773=DIRECTION('',(0.,0.,1.));
#8774=CARTESIAN_POINT('',(53.0000000000001,300.,26.));
#8775=CARTESIAN_POINT('',(53.0000000000001,300.,26.));
#8776=VECTOR('',#8777,1.);
#8777=DIRECTION('',(-1.,0.,0.));
#8778=CARTESIAN_POINT('',(53.,300.,30.));
#8779=CARTESIAN_POINT('',(53.0000000000001,300.,30.));
#8780=VECTOR('',#8781,1.);
#8781=DIRECTION('',(0.,0.,-1.));
#8782=CARTESIAN_POINT('',(50.,300.,30.));
#8783=CARTESIAN_POINT('',(49.9999999999999,300.,30.));
#8784=VECTOR('',#8785,1.);
#8785=DIRECTION('',(1.,0.,0.));
#8786=CARTESIAN_POINT('',(50.0000000000001,300.,40.));
#8787=CARTESIAN_POINT('',(50.0000000000001,300.,40.));
#8788=VECTOR('',#8789,1.);
#8789=DIRECTION('',(0.,0.,-1.));
#8790=CARTESIAN_POINT('',(63.0000000000001,300.,40.));
#8791=CARTESIAN_POINT('',(63.0000000000001,300.,40.));
#8792=VECTOR('',#8793,1.);
#8793=DIRECTION('',(-1.,0.,5.46571335200077E-16));
#8794=CARTESIAN_POINT('',(63.,300.,30.));
#8795=CARTESIAN_POINT('',(63.0000000000001,300.,30.));
#8796=VECTOR('',#8797,1.);
#8797=DIRECTION('',(0.,0.,1.));
#8798=CARTESIAN_POINT('',(60.,300.,30.));
#8799=CARTESIAN_POINT('',(59.9999999999999,300.,30.));
#8800=VECTOR('',#8801,1.);
#8801=DIRECTION('',(1.,0.,0.));
#8802=CARTESIAN_POINT('',(60.0000000000001,300.,26.));
#8803=CARTESIAN_POINT('',(60.0000000000001,300.,26.));
#8804=VECTOR('',#8805,1.);
#8805=DIRECTION('',(0.,0.,1.));
#8806=CARTESIAN_POINT('',(80.0000000000001,300.,26.));
#8807=CARTESIAN_POINT('',(80.0000000000001,300.,26.));
#8808=VECTOR('',#8809,1.);
#8809=DIRECTION('',(-1.,0.,0.));
#8810=CARTESIAN_POINT('',(80.0000000000001,300.,30.));
#8811=CARTESIAN_POINT('',(80.0000000000001,300.,30.));
#8812=VECTOR('',#8813,1.);
#8813=DIRECTION('',(0.,0.,-1.));
#8814=CARTESIAN_POINT('',(77.0000000000001,300.,30.));
#8815=CARTESIAN_POINT('',(76.9999999999999,300.,30.));
#8816=VECTOR('',#8817,1.);
#8817=DIRECTION('',(1.,0.,0.));
#8818=CARTESIAN_POINT('',(77.0000000000001,300.,40.));
#8819=CARTESIAN_POINT('',(77.0000000000001,300.,40.));
#8820=VECTOR('',#8821,1.);
#8821=DIRECTION('',(0.,0.,-1.));
#8822=CARTESIAN_POINT('',(90.0000000000001,300.,40.));
#8823=CARTESIAN_POINT('',(90.0000000000001,300.,40.));
#8824=VECTOR('',#8825,1.);
#8825=DIRECTION('',(-1.,0.,-5.46571335200077E-16));
#8826=CARTESIAN_POINT('',(90.0000000000001,300.,30.));
#8827=CARTESIAN_POINT('',(90.0000000000001,300.,30.));
#8828=VECTOR('',#8829,1.);
#8829=DIRECTION('',(0.,0.,1.));
#8830=CARTESIAN_POINT('',(87.0000000000001,300.,30.));
#8831=CARTESIAN_POINT('',(86.9999999999999,300.,30.));
#8832=VECTOR('',#8833,1.);
#8833=DIRECTION('',(1.,0.,0.));
#8834=CARTESIAN_POINT('',(87.0000000000001,300.,26.));
#8835=CARTESIAN_POINT('',(87.0000000000001,300.,26.));
#8836=VECTOR('',#8837,1.);
#8837=DIRECTION('',(0.,0.,1.));
#8838=CARTESIAN_POINT('',(107.,300.,26.));
#8839=CARTESIAN_POINT('',(107.,300.,26.));
#8840=VECTOR('',#8841,1.);
#8841=DIRECTION('',(-1.,0.,0.));
#8842=CARTESIAN_POINT('',(107.,300.,30.));
#8843=CARTESIAN_POINT('',(107.,300.,30.));
#8844=VECTOR('',#8845,1.);
#8845=DIRECTION('',(0.,0.,-1.));
#8846=CARTESIAN_POINT('',(104.,300.,30.));
#8847=CARTESIAN_POINT('',(104.,300.,30.));
#8848=VECTOR('',#8849,1.);
#8849=DIRECTION('',(1.,0.,0.));
#8850=CARTESIAN_POINT('',(104.,300.,40.));
#8851=CARTESIAN_POINT('',(104.,300.,40.));
#8852=VECTOR('',#8853,1.);
#8853=DIRECTION('',(0.,0.,-1.));
#8854=CARTESIAN_POINT('',(117.,300.,40.));
#8855=CARTESIAN_POINT('',(117.,300.,40.));
#8856=VECTOR('',#8857,1.);
#8857=DIRECTION('',(-1.,0.,0.));
#8858=CARTESIAN_POINT('',(117.,300.,30.));
#8859=CARTESIAN_POINT('',(117.,300.,30.));
#8860=VECTOR('',#8861,1.);
#8861=DIRECTION('',(0.,0.,1.));
#8862=CARTESIAN_POINT('',(114.,300.,30.));
#8863=CARTESIAN_POINT('',(114.,300.,30.));
#8864=VECTOR('',#8865,1.);
#8865=DIRECTION('',(1.,0.,0.));
#8866=CARTESIAN_POINT('',(114.,300.,26.));
#8867=CARTESIAN_POINT('',(114.,300.,26.));
#8868=VECTOR('',#8869,1.);
#8869=DIRECTION('',(0.,0.,1.));
#8870=CARTESIAN_POINT('',(134.,300.,26.));
#8871=CARTESIAN_POINT('',(134.,300.,26.));
#8872=VECTOR('',#8873,1.);
#8873=DIRECTION('',(-1.,0.,-3.55271367880049E-16));
#8874=CARTESIAN_POINT('',(134.,300.,30.));
#8875=CARTESIAN_POINT('',(134.,300.,30.));
#8876=VECTOR('',#8877,1.);
#8877=DIRECTION('',(0.,0.,-1.));
#8878=CARTESIAN_POINT('',(131.,300.,30.));
#8879=CARTESIAN_POINT('',(131.,300.,30.));
#8880=VECTOR('',#8881,1.);
#8881=DIRECTION('',(1.,0.,0.));
#8882=CARTESIAN_POINT('',(131.,300.,40.));
#8883=CARTESIAN_POINT('',(131.,300.,40.));
#8884=VECTOR('',#8885,1.);
#8885=DIRECTION('',(0.,0.,-1.));
#8886=CARTESIAN_POINT('',(144.,300.,40.));
#8887=CARTESIAN_POINT('',(144.,300.,40.));
#8888=VECTOR('',#8889,1.);
#8889=DIRECTION('',(-1.,0.,0.));
#8890=CARTESIAN_POINT('',(144.,300.,30.));
#8891=CARTESIAN_POINT('',(144.,300.,30.));
#8892=VECTOR('',#8893,1.);
#8893=DIRECTION('',(0.,0.,1.));
#8894=CARTESIAN_POINT('',(141.,300.,30.));
#8895=CARTESIAN_POINT('',(141.,300.,30.));
#8896=VECTOR('',#8897,1.);
#8897=DIRECTION('',(1.,0.,0.));
#8898=CARTESIAN_POINT('',(141.,300.,26.));
#8899=CARTESIAN_POINT('',(141.,300.,26.));
#8900=VECTOR('',#8901,1.);
#8901=DIRECTION('',(0.,0.,1.));
#8902=CARTESIAN_POINT('',(161.,300.,26.));
#8903=CARTESIAN_POINT('',(161.,300.,26.));
#8904=VECTOR('',#8905,1.);
#8905=DIRECTION('',(-1.,0.,0.));
#8906=CARTESIAN_POINT('',(161.,300.,30.));
#8907=CARTESIAN_POINT('',(161.,300.,30.));
#8908=VECTOR('',#8909,1.);
#8909=DIRECTION('',(0.,0.,-1.));
#8910=CARTESIAN_POINT('',(158.,300.,30.));
#8911=CARTESIAN_POINT('',(158.,300.,30.));
#8912=VECTOR('',#8913,1.);
#8913=DIRECTION('',(1.,0.,0.));
#8914=CARTESIAN_POINT('',(158.,300.,40.));
#8915=CARTESIAN_POINT('',(158.,300.,40.));
#8916=VECTOR('',#8917,1.);
#8917=DIRECTION('',(0.,0.,-1.));
#8918=CARTESIAN_POINT('',(171.,300.,40.));
#8919=CARTESIAN_POINT('',(171.,300.,40.));
#8920=VECTOR('',#8921,1.);
#8921=DIRECTION('',(-1.,0.,0.));
#8922=CARTESIAN_POINT('',(171.,300.,30.));
#8923=CARTESIAN_POINT('',(171.,300.,30.));
#8924=VECTOR('',#8925,1.);
#8925=DIRECTION('',(0.,0.,1.));
#8926=CARTESIAN_POINT('',(168.,300.,30.));
#8927=CARTESIAN_POINT('',(168.,300.,30.));
#8928=VECTOR('',#8929,1.);
#8929=DIRECTION('',(1.,0.,0.));
#8930=CARTESIAN_POINT('',(168.,300.,26.));
#8931=CARTESIAN_POINT('',(168.,300.,26.));
#8932=VECTOR('',#8933,1.);
#8933=DIRECTION('',(0.,0.,1.));
#8934=CARTESIAN_POINT('',(188.,300.,26.));
#8935=CARTESIAN_POINT('',(188.,300.,26.));
#8936=VECTOR('',#8937,1.);
#8937=DIRECTION('',(-1.,2.84217094304039E-15,0.));
#8938=CARTESIAN_POINT('',(188.,300.,30.));
#8939=CARTESIAN_POINT('',(188.,300.,30.));
#8940=VECTOR('',#8941,1.);
#8941=DIRECTION('',(0.,0.,-1.));
#8942=CARTESIAN_POINT('',(185.,300.,30.));
#8943=CARTESIAN_POINT('',(185.,300.,30.));
#8944=VECTOR('',#8945,1.);
#8945=DIRECTION('',(1.,0.,0.));
#8946=CARTESIAN_POINT('',(185.,300.,40.));
#8947=CARTESIAN_POINT('',(185.,300.,40.));
#8948=VECTOR('',#8949,1.);
#8949=DIRECTION('',(0.,0.,-1.));
#8950=CARTESIAN_POINT('',(198.,300.,40.));
#8951=CARTESIAN_POINT('',(198.,300.,40.));
#8952=VECTOR('',#8953,1.);
#8953=DIRECTION('',(-1.,0.,0.));
#8954=CARTESIAN_POINT('',(198.,300.,30.));
#8955=CARTESIAN_POINT('',(198.,300.,30.));
#8956=VECTOR('',#8957,1.);
#8957=DIRECTION('',(0.,0.,1.));
#8958=CARTESIAN_POINT('',(195.,300.,30.));
#8959=CARTESIAN_POINT('',(195.,300.,30.));
#8960=VECTOR('',#8961,1.);
#8961=DIRECTION('',(1.,0.,0.));
#8962=CARTESIAN_POINT('',(195.,300.,26.));
#8963=CARTESIAN_POINT('',(195.,300.,26.));
#8964=VECTOR('',#8965,1.);
#8965=DIRECTION('',(0.,0.,1.));
#8966=CARTESIAN_POINT('',(215.,300.,26.));
#8967=CARTESIAN_POINT('',(215.,300.,26.));
#8968=VECTOR('',#8969,1.);
#8969=DIRECTION('',(-1.,0.,0.));
#8970=CARTESIAN_POINT('',(215.,300.,30.));
#8971=CARTESIAN_POINT('',(215.,300.,30.));
#8972=VECTOR('',#8973,1.);
#8973=DIRECTION('',(0.,0.,-1.));
#8974=CARTESIAN_POINT('',(212.,300.,30.));
#8975=CARTESIAN_POINT('',(212.,300.,30.));
#8976=VECTOR('',#8977,1.);
#8977=DIRECTION('',(1.,0.,0.));
#8978=CARTESIAN_POINT('',(212.,300.,40.));
#8979=CARTESIAN_POINT('',(212.,300.,40.));
#8980=VECTOR('',#8981,1.);
#8981=DIRECTION('',(0.,0.,-1.));
#8982=CARTESIAN_POINT('',(225.,300.,40.));
#8983=CARTESIAN_POINT('',(225.,300.,40.));
#8984=VECTOR('',#8985,1.);
#8985=DIRECTION('',(-1.,0.,0.));
#8986=CARTESIAN_POINT('',(225.,300.,30.));
#8987=CARTESIAN_POINT('',(225.,300.,30.));
#8988=VECTOR('',#8989,1.);
#8989=DIRECTION('',(0.,0.,1.));
#8990=CARTESIAN_POINT('',(222.,300.,30.));
#8991=CARTESIAN_POINT('',(222.,300.,30.));
#8992=VECTOR('',#8993,1.);
#8993=DIRECTION('',(1.,0.,0.));
#8994=CARTESIAN_POINT('',(222.,300.,26.));
#8995=CARTESIAN_POINT('',(222.,300.,26.));
#8996=VECTOR('',#8997,1.);
#8997=DIRECTION('',(0.,0.,1.));
#8998=CARTESIAN_POINT('',(242.,300.,26.));
#8999=CARTESIAN_POINT('',(242.,300.,26.));
#9000=VECTOR('',#9001,1.);
#9001=DIRECTION('',(-1.,0.,0.));
#9002=CARTESIAN_POINT('',(242.,300.,30.));
#9003=CARTESIAN_POINT('',(242.,300.,30.));
#9004=VECTOR('',#9005,1.);
#9005=DIRECTION('',(0.,0.,-1.));
#9006=CARTESIAN_POINT('',(239.,300.,30.));
#9007=CARTESIAN_POINT('',(239.,300.,30.));
#9008=VECTOR('',#9009,1.);
#9009=DIRECTION('',(1.,0.,0.));
#9010=CARTESIAN_POINT('',(239.,300.,40.));
#9011=CARTESIAN_POINT('',(239.,300.,40.));
#9012=VECTOR('',#9013,1.);
#9013=DIRECTION('',(0.,0.,-1.));
#9014=CARTESIAN_POINT('',(252.,300.,40.));
#9015=CARTESIAN_POINT('',(252.,300.,40.));
#9016=VECTOR('',#9017,1.);
#9017=DIRECTION('',(-1.,0.,0.));
#9018=CARTESIAN_POINT('',(252.,300.,30.));
#9019=CARTESIAN_POINT('',(252.,300.,30.));
#9020=VECTOR('',#9021,1.);
#9021=DIRECTION('',(0.,0.,1.));
#9022=CARTESIAN_POINT('',(249.,300.,30.));
#9023=CARTESIAN_POINT('',(249.,300.,30.));
#9024=VECTOR('',#9025,1.);
#9025=DIRECTION('',(1.,0.,0.));
#9026=CARTESIAN_POINT('',(249.,300.,26.));
#9027=CARTESIAN_POINT('',(249.,300.,26.));
#9028=VECTOR('',#9029,1.);
#9029=DIRECTION('',(0.,0.,1.));
#9030=CARTESIAN_POINT('',(269.,300.,26.));
#9031=CARTESIAN_POINT('',(269.,300.,26.));
#9032=VECTOR('',#9033,1.);
#9033=DIRECTION('',(-1.,0.,0.));
#9034=CARTESIAN_POINT('',(269.,300.,30.));
#9035=CARTESIAN_POINT('',(269.,300.,30.));
#9036=VECTOR('',#9037,1.);
#9037=DIRECTION('',(0.,0.,-1.));
#9038=CARTESIAN_POINT('',(266.,300.,30.));
#9039=CARTESIAN_POINT('',(266.,300.,30.));
#9040=VECTOR('',#9041,1.);
#9041=DIRECTION('',(1.,0.,0.));
#9042=CARTESIAN_POINT('',(266.,300.,40.));
#9043=CARTESIAN_POINT('',(266.,300.,40.));
#9044=VECTOR('',#9045,1.);
#9045=DIRECTION('',(0.,0.,-1.));
#9046=CARTESIAN_POINT('',(279.,300.,40.));
#9047=CARTESIAN_POINT('',(279.,300.,40.));
#9048=VECTOR('',#9049,1.);
#9049=DIRECTION('',(-1.,0.,0.));
#9050=CARTESIAN_POINT('',(279.,300.,30.));
#9051=CARTESIAN_POINT('',(279.,300.,30.));
#9052=VECTOR('',#9053,1.);
#9053=DIRECTION('',(0.,0.,1.));
#9054=CARTESIAN_POINT('',(276.,300.,30.));
#9055=CARTESIAN_POINT('',(276.,300.,30.));
#9056=VECTOR('',#9057,1.);
#9057=DIRECTION('',(1.,0.,0.));
#9058=CARTESIAN_POINT('',(276.,300.,26.));
#9059=CARTESIAN_POINT('',(276.,300.,26.));
#9060=VECTOR('',#9061,1.);
#9061=DIRECTION('',(0.,0.,1.));
#9062=CARTESIAN_POINT('',(296.,300.,26.));
#9063=CARTESIAN_POINT('',(296.,300.,26.));
#9064=VECTOR('',#9065,1.);
#9065=DIRECTION('',(-1.,0.,-3.55271367880048E-16));
#9066=CARTESIAN_POINT('',(296.,300.,30.));
#9067=CARTESIAN_POINT('',(296.,300.,30.));
#9068=VECTOR('',#9069,1.);
#9069=DIRECTION('',(0.,0.,-1.));
#9070=CARTESIAN_POINT('',(293.,300.,30.));
#9071=CARTESIAN_POINT('',(293.,300.,30.));
#9072=VECTOR('',#9073,1.);
#9073=DIRECTION('',(1.,0.,0.));
#9074=CARTESIAN_POINT('',(293.,300.,40.));
#9075=CARTESIAN_POINT('',(293.,300.,40.));
#9076=VECTOR('',#9077,1.);
#9077=DIRECTION('',(0.,0.,-1.));
#9078=CARTESIAN_POINT('',(306.,300.,40.));
#9079=CARTESIAN_POINT('',(306.,300.,40.));
#9080=VECTOR('',#9081,1.);
#9081=DIRECTION('',(-1.,0.,0.));
#9082=CARTESIAN_POINT('',(306.,300.,30.));
#9083=CARTESIAN_POINT('',(306.,300.,30.));
#9084=VECTOR('',#9085,1.);
#9085=DIRECTION('',(0.,0.,1.));
#9086=CARTESIAN_POINT('',(303.,300.,30.));
#9087=CARTESIAN_POINT('',(303.,300.,30.));
#9088=VECTOR('',#9089,1.);
#9089=DIRECTION('',(1.,0.,0.));
#9090=CARTESIAN_POINT('',(303.,300.,26.));
#9091=CARTESIAN_POINT('',(303.,300.,26.));
#9092=VECTOR('',#9093,1.);
#9093=DIRECTION('',(0.,0.,1.));
#9094=CARTESIAN_POINT('',(323.,300.,26.));
#9095=CARTESIAN_POINT('',(323.,300.,26.));
#9096=VECTOR('',#9097,1.);
#9097=DIRECTION('',(-1.,0.,0.));
#9098=CARTESIAN_POINT('',(323.,300.,30.));
#9099=VECTOR('',#9100,1.);
#9100=DIRECTION('',(0.,0.,-1.));
#9101=CARTESIAN_POINT('',(306.,300.,40.));
#9102=VECTOR('',#9103,1.);
#9103=DIRECTION('',(-2.8421709430404E-16,-1.,0.));
#9104=CARTESIAN_POINT('',(293.,-300.,40.));
#9105=VECTOR('',#9106,1.);
#9106=DIRECTION('',(2.8421709430404E-16,1.,0.));
#9107=CARTESIAN_POINT('',(320.,-300.,40.));
#9108=VECTOR('',#9109,1.);
#9109=DIRECTION('',(2.8421709430404E-16,1.,0.));
#9110=CARTESIAN_POINT('',(333.,300.,40.));
#9111=VECTOR('',#9112,1.);
#9112=DIRECTION('',(-2.8421709430404E-16,-1.,0.));
#9113=CARTESIAN_POINT('',(279.,300.,40.));
#9114=VECTOR('',#9115,1.);
#9115=DIRECTION('',(-2.8421709430404E-16,-1.,0.));
#9116=CARTESIAN_POINT('',(266.,-300.,40.));
#9117=VECTOR('',#9118,1.);
#9118=DIRECTION('',(2.8421709430404E-16,1.,0.));
#9119=CARTESIAN_POINT('',(252.,300.,40.));
#9120=VECTOR('',#9121,1.);
#9121=DIRECTION('',(-1.8947806286936E-16,-1.,0.));
#9122=CARTESIAN_POINT('',(239.,-300.,40.));
#9123=VECTOR('',#9124,1.);
#9124=DIRECTION('',(1.8947806286936E-16,1.,0.));
#9125=CARTESIAN_POINT('',(225.,300.,40.));
#9126=VECTOR('',#9127,1.);
#9127=DIRECTION('',(-1.8947806286936E-16,-1.,0.));
#9128=CARTESIAN_POINT('',(212.,-300.,40.));
#9129=VECTOR('',#9130,1.);
#9130=DIRECTION('',(9.473903143468E-17,1.,0.));
#9131=CARTESIAN_POINT('',(198.,300.,40.));
#9132=VECTOR('',#9133,1.);
#9133=DIRECTION('',(-9.473903143468E-17,-1.,0.));
#9134=CARTESIAN_POINT('',(185.,-300.,40.));
#9135=VECTOR('',#9136,1.);
#9136=DIRECTION('',(9.473903143468E-17,1.,0.));
#9137=CARTESIAN_POINT('',(171.,300.,40.));
#9138=VECTOR('',#9139,1.);
#9139=DIRECTION('',(-9.473903143468E-17,-1.,0.));
#9140=CARTESIAN_POINT('',(158.,-300.,40.));
#9141=VECTOR('',#9142,1.);
#9142=DIRECTION('',(9.473903143468E-17,1.,0.));
#9143=CARTESIAN_POINT('',(144.,300.,40.));
#9144=VECTOR('',#9145,1.);
#9145=DIRECTION('',(-9.473903143468E-17,-1.,0.));
#9146=CARTESIAN_POINT('',(131.,-300.,40.));
#9147=VECTOR('',#9148,1.);
#9148=DIRECTION('',(9.473903143468E-17,1.,0.));
#9149=CARTESIAN_POINT('',(117.,300.,40.));
#9150=VECTOR('',#9151,1.);
#9151=DIRECTION('',(-1.4210854715202E-16,-1.,0.));
#9152=CARTESIAN_POINT('',(104.,-300.,40.));
#9153=VECTOR('',#9154,1.);
#9154=DIRECTION('',(1.4210854715202E-16,1.,0.));
#9155=CARTESIAN_POINT('',(90.0000000000001,300.,40.));
#9156=VECTOR('',#9157,1.);
#9157=DIRECTION('',(-1.4210854715202E-16,-1.,0.));
#9158=CARTESIAN_POINT('',(76.9999999999999,-300.,40.));
#9159=VECTOR('',#9160,1.);
#9160=DIRECTION('',(1.8947806286936E-16,1.,0.));
#9161=CARTESIAN_POINT('',(63.,300.,40.));
#9162=VECTOR('',#9163,1.);
#9163=DIRECTION('',(-1.77635683940025E-16,-1.,0.));
#9164=CARTESIAN_POINT('',(49.9999999999999,-300.,40.));
#9165=VECTOR('',#9166,1.);
#9166=DIRECTION('',(1.77635683940025E-16,1.,0.));
#9167=CARTESIAN_POINT('',(36.,300.,40.));
#9168=VECTOR('',#9169,1.);
#9169=DIRECTION('',(-1.77635683940025E-16,-1.,0.));
#9170=CARTESIAN_POINT('',(22.9999999999999,-300.,40.));
#9171=VECTOR('',#9172,1.);
#9172=DIRECTION('',(1.83556873404693E-16,1.,0.));
#9173=CARTESIAN_POINT('',(9.00000000000005,300.,40.));
#9174=VECTOR('',#9175,1.);
#9175=DIRECTION('',(-1.92438657601694E-16,-1.,0.));
#9176=CARTESIAN_POINT('',(-4.00000000000006,-300.,40.));
#9177=VECTOR('',#9178,1.);
#9178=DIRECTION('',(1.90958360235527E-16,1.,0.));
#9179=CARTESIAN_POINT('',(-18.,300.,40.));
#9180=VECTOR('',#9181,1.);
#9181=DIRECTION('',(-1.83556873404693E-16,-1.,0.));
#9182=CARTESIAN_POINT('',(-31.0000000000001,-300.,40.));
#9183=VECTOR('',#9184,1.);
#9184=DIRECTION('',(1.83556873404693E-16,1.,0.));
#9185=CARTESIAN_POINT('',(-45.,300.,40.));
#9186=VECTOR('',#9187,1.);
#9187=DIRECTION('',(-1.77635683940025E-16,-1.,0.));
#9188=CARTESIAN_POINT('',(-58.0000000000001,-300.,40.));
#9189=VECTOR('',#9190,1.);
#9190=DIRECTION('',(1.77635683940025E-16,1.,0.));
#9191=CARTESIAN_POINT('',(-71.9999999999999,300.,40.));
#9192=VECTOR('',#9193,1.);
#9193=DIRECTION('',(-1.8947806286936E-16,-1.,0.));
#9194=CARTESIAN_POINT('',(-85.0000000000001,-300.,40.));
#9195=VECTOR('',#9196,1.);
#9196=DIRECTION('',(1.8947806286936E-16,1.,0.));
#9197=CARTESIAN_POINT('',(-98.9999999999999,300.,40.));
#9198=VECTOR('',#9199,1.);
#9199=DIRECTION('',(-1.8947806286936E-16,-1.,0.));
#9200=CARTESIAN_POINT('',(-112.,-300.,40.));
#9201=VECTOR('',#9202,1.);
#9202=DIRECTION('',(1.8947806286936E-16,1.,0.));
#9203=CARTESIAN_POINT('',(-126.,300.,40.));
#9204=VECTOR('',#9205,1.);
#9205=DIRECTION('',(-1.8947806286936E-16,-1.,0.));
#9206=CARTESIAN_POINT('',(-139.,-300.,40.));
#9207=VECTOR('',#9208,1.);
#9208=DIRECTION('',(1.8947806286936E-16,1.,0.));
#9209=CARTESIAN_POINT('',(-153.,300.,40.));
#9210=VECTOR('',#9211,1.);
#9211=DIRECTION('',(-1.8947806286936E-16,-1.,0.));
#9212=CARTESIAN_POINT('',(-166.,-300.,40.));
#9213=VECTOR('',#9214,1.);
#9214=DIRECTION('',(1.8947806286936E-16,1.,0.));
#9215=CARTESIAN_POINT('',(-180.,300.,40.));
#9216=VECTOR('',#9217,1.);
#9217=DIRECTION('',(-1.8947806286936E-16,-1.,0.));
#9218=CARTESIAN_POINT('',(-193.,-300.,40.));
#9219=VECTOR('',#9220,1.);
#9220=DIRECTION('',(1.8947806286936E-16,1.,0.));
#9221=CARTESIAN_POINT('',(-207.,300.,40.));
#9222=VECTOR('',#9223,1.);
#9223=DIRECTION('',(-1.8947806286936E-16,-1.,0.));
#9224=CARTESIAN_POINT('',(-220.,-300.,40.));
#9225=VECTOR('',#9226,1.);
#9226=DIRECTION('',(1.8947806286936E-16,1.,0.));
#9227=CARTESIAN_POINT('',(-234.,300.,40.));
#9228=VECTOR('',#9229,1.);
#9229=DIRECTION('',(-1.8947806286936E-16,-1.,0.));
#9230=CARTESIAN_POINT('',(-247.,-300.,40.));
#9231=VECTOR('',#9232,1.);
#9232=DIRECTION('',(1.8947806286936E-16,1.,0.));
#9233=CARTESIAN_POINT('',(-261.,300.,40.));
#9234=VECTOR('',#9235,1.);
#9235=DIRECTION('',(-1.8947806286936E-16,-1.,0.));
#9236=CARTESIAN_POINT('',(-274.,-300.,40.));
#9237=VECTOR('',#9238,1.);
#9238=DIRECTION('',(1.8947806286936E-16,1.,0.));
#9239=CARTESIAN_POINT('',(-288.,300.,40.));
#9240=VECTOR('',#9241,1.);
#9241=DIRECTION('',(-1.8947806286936E-16,-1.,0.));
#9242=CARTESIAN_POINT('',(-301.,-300.,40.));
#9243=VECTOR('',#9244,1.);
#9244=DIRECTION('',(1.8947806286936E-16,1.,0.));
#9245=CARTESIAN_POINT('',(-315.,300.,40.));
#9246=VECTOR('',#9247,1.);
#9247=DIRECTION('',(-1.8947806286936E-16,-1.,0.));
#9248=CARTESIAN_POINT('',(-328.,-300.,40.));
#9249=VECTOR('',#9250,1.);
#9250=DIRECTION('',(1.8947806286936E-16,1.,0.));
#9251=CARTESIAN_POINT('',(-342.,300.,40.));
#9252=VECTOR('',#9253,1.);
#9253=DIRECTION('',(-1.8947806286936E-16,-1.,0.));
#9254=CARTESIAN_POINT('',(-360.,300.,40.));
#9255=VECTOR('',#9256,1.);
#9256=DIRECTION('',(-1.8947806286936E-16,-1.,0.));
#9257=CARTESIAN_POINT('',(-328.,-300.,30.));
#9258=VECTOR('',#9259,1.);
#9259=DIRECTION('',(1.8947806286936E-16,1.,0.));
#9260=CARTESIAN_POINT('',(-342.,-300.,30.));
#9261=VECTOR('',#9262,1.);
#9262=DIRECTION('',(1.8947806286936E-16,1.,0.));
#9263=CARTESIAN_POINT('',(-345.,-300.,30.));
#9264=VECTOR('',#9265,1.);
#9265=DIRECTION('',(1.8947806286936E-16,1.,0.));
#9266=CARTESIAN_POINT('',(-345.,-300.,26.));
#9267=VECTOR('',#9268,1.);
#9268=DIRECTION('',(1.8947806286936E-16,1.,0.));
#9269=CARTESIAN_POINT('',(-325.,-300.,26.));
#9270=VECTOR('',#9271,1.);
#9271=DIRECTION('',(1.8947806286936E-16,1.,0.));
#9272=CARTESIAN_POINT('',(-325.,-300.,30.));
#9273=VECTOR('',#9274,1.);
#9274=DIRECTION('',(1.8947806286936E-16,1.,0.));
#9275=CARTESIAN_POINT('',(-301.,-300.,30.));
#9276=VECTOR('',#9277,1.);
#9277=DIRECTION('',(1.8947806286936E-16,1.,0.));
#9278=CARTESIAN_POINT('',(-315.,-300.,30.));
#9279=VECTOR('',#9280,1.);
#9280=DIRECTION('',(1.8947806286936E-16,1.,0.));
#9281=CARTESIAN_POINT('',(-318.,-300.,30.));
#9282=VECTOR('',#9283,1.);
#9283=DIRECTION('',(1.8947806286936E-16,1.,0.));
#9284=CARTESIAN_POINT('',(-318.,-300.,26.));
#9285=VECTOR('',#9286,1.);
#9286=DIRECTION('',(1.8947806286936E-16,1.,0.));
#9287=CARTESIAN_POINT('',(-298.,-300.,26.));
#9288=VECTOR('',#9289,1.);
#9289=DIRECTION('',(1.8947806286936E-16,1.,0.));
#9290=CARTESIAN_POINT('',(-298.,-300.,30.));
#9291=VECTOR('',#9292,1.);
#9292=DIRECTION('',(1.8947806286936E-16,1.,0.));
#9293=CARTESIAN_POINT('',(-274.,-300.,30.));
#9294=VECTOR('',#9295,1.);
#9295=DIRECTION('',(1.8947806286936E-16,1.,0.));
#9296=CARTESIAN_POINT('',(-288.,-300.,30.));
#9297=VECTOR('',#9298,1.);
#9298=DIRECTION('',(1.8947806286936E-16,1.,0.));
#9299=CARTESIAN_POINT('',(-291.,-300.,30.));
#9300=VECTOR('',#9301,1.);
#9301=DIRECTION('',(1.8947806286936E-16,1.,0.));
#9302=CARTESIAN_POINT('',(-291.,-300.,26.));
#9303=VECTOR('',#9304,1.);
#9304=DIRECTION('',(1.8947806286936E-16,1.,0.));
#9305=CARTESIAN_POINT('',(-271.,-300.,26.));
#9306=VECTOR('',#9307,1.);
#9307=DIRECTION('',(1.8947806286936E-16,1.,0.));
#9308=CARTESIAN_POINT('',(-271.,-300.,30.));
#9309=VECTOR('',#9310,1.);
#9310=DIRECTION('',(1.8947806286936E-16,1.,0.));
#9311=CARTESIAN_POINT('',(-247.,-300.,30.));
#9312=VECTOR('',#9313,1.);
#9313=DIRECTION('',(1.8947806286936E-16,1.,0.));
#9314=CARTESIAN_POINT('',(-261.,-300.,30.));
#9315=VECTOR('',#9316,1.);
#9316=DIRECTION('',(1.8947806286936E-16,1.,0.));
#9317=CARTESIAN_POINT('',(-264.,-300.,30.));
#9318=VECTOR('',#9319,1.);
#9319=DIRECTION('',(1.8947806286936E-16,1.,0.));
#9320=CARTESIAN_POINT('',(-264.,-300.,26.));
#9321=VECTOR('',#9322,1.);
#9322=DIRECTION('',(1.8947806286936E-16,1.,0.));
#9323=CARTESIAN_POINT('',(-244.,-300.,26.));
#9324=VECTOR('',#9325,1.);
#9325=DIRECTION('',(1.8947806286936E-16,1.,0.));
#9326=CARTESIAN_POINT('',(-244.,-300.,30.));
#9327=VECTOR('',#9328,1.);
#9328=DIRECTION('',(1.8947806286936E-16,1.,0.));
#9329=CARTESIAN_POINT('',(-220.,-300.,30.));
#9330=VECTOR('',#9331,1.);
#9331=DIRECTION('',(1.8947806286936E-16,1.,0.));
#9332=CARTESIAN_POINT('',(-234.,-300.,30.));
#9333=VECTOR('',#9334,1.);
#9334=DIRECTION('',(1.8947806286936E-16,1.,0.));
#9335=CARTESIAN_POINT('',(-237.,-300.,30.));
#9336=VECTOR('',#9337,1.);
#9337=DIRECTION('',(1.8947806286936E-16,1.,0.));
#9338=CARTESIAN_POINT('',(-237.,-300.,26.));
#9339=VECTOR('',#9340,1.);
#9340=DIRECTION('',(1.8947806286936E-16,1.,0.));
#9341=CARTESIAN_POINT('',(-217.,-300.,26.));
#9342=VECTOR('',#9343,1.);
#9343=DIRECTION('',(1.8947806286936E-16,1.,0.));
#9344=CARTESIAN_POINT('',(-217.,-300.,30.));
#9345=VECTOR('',#9346,1.);
#9346=DIRECTION('',(1.8947806286936E-16,1.,0.));
#9347=CARTESIAN_POINT('',(-193.,-300.,30.));
#9348=VECTOR('',#9349,1.);
#9349=DIRECTION('',(1.8947806286936E-16,1.,0.));
#9350=CARTESIAN_POINT('',(-207.,-300.,30.));
#9351=VECTOR('',#9352,1.);
#9352=DIRECTION('',(1.8947806286936E-16,1.,0.));
#9353=CARTESIAN_POINT('',(-210.,-300.,30.));
#9354=VECTOR('',#9355,1.);
#9355=DIRECTION('',(1.8947806286936E-16,1.,0.));
#9356=CARTESIAN_POINT('',(-210.,-300.,26.));
#9357=VECTOR('',#9358,1.);
#9358=DIRECTION('',(1.8947806286936E-16,1.,0.));
#9359=CARTESIAN_POINT('',(-190.,-300.,26.));
#9360=VECTOR('',#9361,1.);
#9361=DIRECTION('',(1.8947806286936E-16,1.,0.));
#9362=CARTESIAN_POINT('',(-190.,-300.,30.));
#9363=VECTOR('',#9364,1.);
#9364=DIRECTION('',(1.8947806286936E-16,1.,0.));
#9365=CARTESIAN_POINT('',(-166.,-300.,30.));
#9366=VECTOR('',#9367,1.);
#9367=DIRECTION('',(1.8947806286936E-16,1.,0.));
#9368=CARTESIAN_POINT('',(-180.,-300.,30.));
#9369=VECTOR('',#9370,1.);
#9370=DIRECTION('',(1.8947806286936E-16,1.,0.));
#9371=CARTESIAN_POINT('',(-183.,-300.,30.));
#9372=VECTOR('',#9373,1.);
#9373=DIRECTION('',(1.8947806286936E-16,1.,0.));
#9374=CARTESIAN_POINT('',(-183.,-300.,26.));
#9375=VECTOR('',#9376,1.);
#9376=DIRECTION('',(1.8947806286936E-16,1.,0.));
#9377=CARTESIAN_POINT('',(-163.,-300.,26.));
#9378=VECTOR('',#9379,1.);
#9379=DIRECTION('',(1.8947806286936E-16,1.,0.));
#9380=CARTESIAN_POINT('',(-163.,-300.,30.));
#9381=VECTOR('',#9382,1.);
#9382=DIRECTION('',(1.8947806286936E-16,1.,0.));
#9383=CARTESIAN_POINT('',(-139.,-300.,30.));
#9384=VECTOR('',#9385,1.);
#9385=DIRECTION('',(1.8947806286936E-16,1.,0.));
#9386=CARTESIAN_POINT('',(-153.,-300.,30.));
#9387=VECTOR('',#9388,1.);
#9388=DIRECTION('',(1.8947806286936E-16,1.,0.));
#9389=CARTESIAN_POINT('',(-156.,-300.,30.));
#9390=VECTOR('',#9391,1.);
#9391=DIRECTION('',(1.8947806286936E-16,1.,0.));
#9392=CARTESIAN_POINT('',(-156.,-300.,26.));
#9393=VECTOR('',#9394,1.);
#9394=DIRECTION('',(1.8947806286936E-16,1.,0.));
#9395=CARTESIAN_POINT('',(-136.,-300.,26.));
#9396=VECTOR('',#9397,1.);
#9397=DIRECTION('',(1.8947806286936E-16,1.,0.));
#9398=CARTESIAN_POINT('',(-136.,-300.,30.));
#9399=VECTOR('',#9400,1.);
#9400=DIRECTION('',(1.8947806286936E-16,1.,0.));
#9401=CARTESIAN_POINT('',(-112.,-300.,30.));
#9402=VECTOR('',#9403,1.);
#9403=DIRECTION('',(1.8947806286936E-16,1.,0.));
#9404=CARTESIAN_POINT('',(-126.,-300.,30.));
#9405=VECTOR('',#9406,1.);
#9406=DIRECTION('',(1.8947806286936E-16,1.,0.));
#9407=CARTESIAN_POINT('',(-129.,-300.,30.));
#9408=VECTOR('',#9409,1.);
#9409=DIRECTION('',(1.8947806286936E-16,1.,0.));
#9410=CARTESIAN_POINT('',(-129.,-300.,26.));
#9411=VECTOR('',#9412,1.);
#9412=DIRECTION('',(1.8947806286936E-16,1.,0.));
#9413=CARTESIAN_POINT('',(-109.,-300.,26.));
#9414=VECTOR('',#9415,1.);
#9415=DIRECTION('',(1.8947806286936E-16,1.,0.));
#9416=CARTESIAN_POINT('',(-109.,-300.,30.));
#9417=VECTOR('',#9418,1.);
#9418=DIRECTION('',(1.8947806286936E-16,1.,0.));
#9419=CARTESIAN_POINT('',(-85.0000000000001,-300.,30.));
#9420=VECTOR('',#9421,1.);
#9421=DIRECTION('',(1.8947806286936E-16,1.,0.));
#9422=CARTESIAN_POINT('',(-99.0000000000001,-300.,30.));
#9423=VECTOR('',#9424,1.);
#9424=DIRECTION('',(1.8947806286936E-16,1.,0.));
#9425=CARTESIAN_POINT('',(-102.,-300.,30.));
#9426=VECTOR('',#9427,1.);
#9427=DIRECTION('',(1.8947806286936E-16,1.,0.));
#9428=CARTESIAN_POINT('',(-102.,-300.,26.));
#9429=VECTOR('',#9430,1.);
#9430=DIRECTION('',(1.8947806286936E-16,1.,0.));
#9431=CARTESIAN_POINT('',(-82.0000000000001,-300.,26.));
#9432=VECTOR('',#9433,1.);
#9433=DIRECTION('',(1.8947806286936E-16,1.,0.));
#9434=CARTESIAN_POINT('',(-82.0000000000001,-300.,30.));
#9435=VECTOR('',#9436,1.);
#9436=DIRECTION('',(1.8947806286936E-16,1.,0.));
#9437=CARTESIAN_POINT('',(-58.0000000000001,-300.,30.));
#9438=VECTOR('',#9439,1.);
#9439=DIRECTION('',(1.8947806286936E-16,1.,0.));
#9440=CARTESIAN_POINT('',(-72.0000000000001,-300.,30.));
#9441=VECTOR('',#9442,1.);
#9442=DIRECTION('',(1.8947806286936E-16,1.,0.));
#9443=CARTESIAN_POINT('',(-75.0000000000001,-300.,30.));
#9444=VECTOR('',#9445,1.);
#9445=DIRECTION('',(1.8947806286936E-16,1.,0.));
#9446=CARTESIAN_POINT('',(-75.0000000000001,-300.,26.));
#9447=VECTOR('',#9448,1.);
#9448=DIRECTION('',(1.8947806286936E-16,1.,0.));
#9449=CARTESIAN_POINT('',(-55.0000000000001,-300.,26.));
#9450=VECTOR('',#9451,1.);
#9451=DIRECTION('',(1.8947806286936E-16,1.,0.));
#9452=CARTESIAN_POINT('',(-55.0000000000001,-300.,30.));
#9453=VECTOR('',#9454,1.);
#9454=DIRECTION('',(1.8947806286936E-16,1.,0.));
#9455=CARTESIAN_POINT('',(-31.0000000000001,-300.,30.));
#9456=VECTOR('',#9457,1.);
#9457=DIRECTION('',(1.8947806286936E-16,1.,0.));
#9458=CARTESIAN_POINT('',(-45.0000000000001,-300.,30.));
#9459=VECTOR('',#9460,1.);
#9460=DIRECTION('',(1.8947806286936E-16,1.,0.));
#9461=CARTESIAN_POINT('',(-48.0000000000001,-300.,30.));
#9462=VECTOR('',#9463,1.);
#9463=DIRECTION('',(1.8947806286936E-16,1.,0.));
#9464=CARTESIAN_POINT('',(-48.0000000000001,-300.,26.));
#9465=VECTOR('',#9466,1.);
#9466=DIRECTION('',(1.8947806286936E-16,1.,0.));
#9467=CARTESIAN_POINT('',(-28.0000000000001,-300.,26.));
#9468=VECTOR('',#9469,1.);
#9469=DIRECTION('',(1.8947806286936E-16,1.,0.));
#9470=CARTESIAN_POINT('',(-28.0000000000001,-300.,30.));
#9471=VECTOR('',#9472,1.);
#9472=DIRECTION('',(1.8947806286936E-16,1.,0.));
#9473=CARTESIAN_POINT('',(-4.00000000000006,-300.,30.));
#9474=VECTOR('',#9475,1.);
#9475=DIRECTION('',(1.8947806286936E-16,1.,0.));
#9476=CARTESIAN_POINT('',(-18.0000000000001,-300.,30.));
#9477=VECTOR('',#9478,1.);
#9478=DIRECTION('',(1.8947806286936E-16,1.,0.));
#9479=CARTESIAN_POINT('',(-21.0000000000001,-300.,30.));
#9480=VECTOR('',#9481,1.);
#9481=DIRECTION('',(1.8947806286936E-16,1.,0.));
#9482=CARTESIAN_POINT('',(-21.0000000000001,-300.,26.));
#9483=VECTOR('',#9484,1.);
#9484=DIRECTION('',(1.8947806286936E-16,1.,0.));
#9485=CARTESIAN_POINT('',(-1.00000000000006,-300.,26.));
#9486=VECTOR('',#9487,1.);
#9487=DIRECTION('',(1.8947806286936E-16,1.,0.));
#9488=CARTESIAN_POINT('',(-1.00000000000006,-300.,30.));
#9489=VECTOR('',#9490,1.);
#9490=DIRECTION('',(1.8947806286936E-16,1.,0.));
#9491=CARTESIAN_POINT('',(22.9999999999999,-300.,30.));
#9492=VECTOR('',#9493,1.);
#9493=DIRECTION('',(1.8947806286936E-16,1.,0.));
#9494=CARTESIAN_POINT('',(8.99999999999994,-300.,30.));
#9495=VECTOR('',#9496,1.);
#9496=DIRECTION('',(1.8947806286936E-16,1.,0.));
#9497=CARTESIAN_POINT('',(5.99999999999994,-300.,30.));
#9498=VECTOR('',#9499,1.);
#9499=DIRECTION('',(1.8947806286936E-16,1.,0.));
#9500=CARTESIAN_POINT('',(5.99999999999994,-300.,26.));
#9501=VECTOR('',#9502,1.);
#9502=DIRECTION('',(1.8947806286936E-16,1.,0.));
#9503=CARTESIAN_POINT('',(25.9999999999999,-300.,26.));
#9504=VECTOR('',#9505,1.);
#9505=DIRECTION('',(1.8947806286936E-16,1.,0.));
#9506=CARTESIAN_POINT('',(25.9999999999999,-300.,30.));
#9507=VECTOR('',#9508,1.);
#9508=DIRECTION('',(1.8947806286936E-16,1.,0.));
#9509=CARTESIAN_POINT('',(49.9999999999999,-300.,30.));
#9510=VECTOR('',#9511,1.);
#9511=DIRECTION('',(1.8947806286936E-16,1.,0.));
#9512=CARTESIAN_POINT('',(35.9999999999999,-300.,30.));
#9513=VECTOR('',#9514,1.);
#9514=DIRECTION('',(1.8947806286936E-16,1.,0.));
#9515=CARTESIAN_POINT('',(32.9999999999999,-300.,30.));
#9516=VECTOR('',#9517,1.);
#9517=DIRECTION('',(1.8947806286936E-16,1.,0.));
#9518=CARTESIAN_POINT('',(32.9999999999999,-300.,26.));
#9519=VECTOR('',#9520,1.);
#9520=DIRECTION('',(1.8947806286936E-16,1.,0.));
#9521=CARTESIAN_POINT('',(52.9999999999999,-300.,26.));
#9522=VECTOR('',#9523,1.);
#9523=DIRECTION('',(1.8947806286936E-16,1.,0.));
#9524=CARTESIAN_POINT('',(52.9999999999999,-300.,30.));
#9525=VECTOR('',#9526,1.);
#9526=DIRECTION('',(1.8947806286936E-16,1.,0.));
#9527=CARTESIAN_POINT('',(76.9999999999999,-300.,30.));
#9528=VECTOR('',#9529,1.);
#9529=DIRECTION('',(1.8947806286936E-16,1.,0.));
#9530=CARTESIAN_POINT('',(62.9999999999999,-300.,30.));
#9531=VECTOR('',#9532,1.);
#9532=DIRECTION('',(1.8947806286936E-16,1.,0.));
#9533=CARTESIAN_POINT('',(59.9999999999999,-300.,30.));
#9534=VECTOR('',#9535,1.);
#9535=DIRECTION('',(1.8947806286936E-16,1.,0.));
#9536=CARTESIAN_POINT('',(59.9999999999999,-300.,26.));
#9537=VECTOR('',#9538,1.);
#9538=DIRECTION('',(1.8947806286936E-16,1.,0.));
#9539=CARTESIAN_POINT('',(79.9999999999999,-300.,26.));
#9540=VECTOR('',#9541,1.);
#9541=DIRECTION('',(1.8947806286936E-16,1.,0.));
#9542=CARTESIAN_POINT('',(79.9999999999999,-300.,30.));
#9543=VECTOR('',#9544,1.);
#9544=DIRECTION('',(1.8947806286936E-16,1.,0.));
#9545=CARTESIAN_POINT('',(104.,-300.,30.));
#9546=VECTOR('',#9547,1.);
#9547=DIRECTION('',(1.4210854715202E-16,1.,0.));
#9548=CARTESIAN_POINT('',(90.,-300.,30.));
#9549=VECTOR('',#9550,1.);
#9550=DIRECTION('',(1.4210854715202E-16,1.,0.));
#9551=CARTESIAN_POINT('',(87.,-300.,30.));
#9552=VECTOR('',#9553,1.);
#9553=DIRECTION('',(1.4210854715202E-16,1.,0.));
#9554=CARTESIAN_POINT('',(87.,-300.,26.));
#9555=VECTOR('',#9556,1.);
#9556=DIRECTION('',(1.4210854715202E-16,1.,0.));
#9557=CARTESIAN_POINT('',(107.,-300.,26.));
#9558=VECTOR('',#9559,1.);
#9559=DIRECTION('',(1.4210854715202E-16,1.,0.));
#9560=CARTESIAN_POINT('',(107.,-300.,30.));
#9561=VECTOR('',#9562,1.);
#9562=DIRECTION('',(1.4210854715202E-16,1.,0.));
#9563=CARTESIAN_POINT('',(131.,-300.,30.));
#9564=VECTOR('',#9565,1.);
#9565=DIRECTION('',(1.4210854715202E-16,1.,0.));
#9566=CARTESIAN_POINT('',(117.,-300.,30.));
#9567=VECTOR('',#9568,1.);
#9568=DIRECTION('',(1.4210854715202E-16,1.,0.));
#9569=CARTESIAN_POINT('',(114.,-300.,30.));
#9570=VECTOR('',#9571,1.);
#9571=DIRECTION('',(1.4210854715202E-16,1.,0.));
#9572=CARTESIAN_POINT('',(114.,-300.,26.));
#9573=VECTOR('',#9574,1.);
#9574=DIRECTION('',(1.4210854715202E-16,1.,0.));
#9575=CARTESIAN_POINT('',(134.,-300.,26.));
#9576=VECTOR('',#9577,1.);
#9577=DIRECTION('',(1.4210854715202E-16,1.,0.));
#9578=CARTESIAN_POINT('',(134.,-300.,30.));
#9579=VECTOR('',#9580,1.);
#9580=DIRECTION('',(1.4210854715202E-16,1.,0.));
#9581=CARTESIAN_POINT('',(158.,-300.,30.));
#9582=VECTOR('',#9583,1.);
#9583=DIRECTION('',(1.4210854715202E-16,1.,0.));
#9584=CARTESIAN_POINT('',(144.,-300.,30.));
#9585=VECTOR('',#9586,1.);
#9586=DIRECTION('',(1.4210854715202E-16,1.,0.));
#9587=CARTESIAN_POINT('',(141.,-300.,30.));
#9588=VECTOR('',#9589,1.);
#9589=DIRECTION('',(1.4210854715202E-16,1.,0.));
#9590=CARTESIAN_POINT('',(141.,-300.,26.));
#9591=VECTOR('',#9592,1.);
#9592=DIRECTION('',(1.4210854715202E-16,1.,0.));
#9593=CARTESIAN_POINT('',(161.,-300.,26.));
#9594=VECTOR('',#9595,1.);
#9595=DIRECTION('',(1.4210854715202E-16,1.,0.));
#9596=CARTESIAN_POINT('',(161.,-300.,30.));
#9597=VECTOR('',#9598,1.);
#9598=DIRECTION('',(1.4210854715202E-16,1.,0.));
#9599=CARTESIAN_POINT('',(185.,-300.,30.));
#9600=VECTOR('',#9601,1.);
#9601=DIRECTION('',(1.4210854715202E-16,1.,0.));
#9602=CARTESIAN_POINT('',(171.,-300.,30.));
#9603=VECTOR('',#9604,1.);
#9604=DIRECTION('',(1.4210854715202E-16,1.,0.));
#9605=CARTESIAN_POINT('',(168.,-300.,30.));
#9606=VECTOR('',#9607,1.);
#9607=DIRECTION('',(1.4210854715202E-16,1.,0.));
#9608=CARTESIAN_POINT('',(168.,-300.,26.));
#9609=VECTOR('',#9610,1.);
#9610=DIRECTION('',(1.4210854715202E-16,1.,0.));
#9611=CARTESIAN_POINT('',(188.,-300.,26.));
#9612=VECTOR('',#9613,1.);
#9613=DIRECTION('',(1.4210854715202E-16,1.,0.));
#9614=CARTESIAN_POINT('',(188.,-300.,30.));
#9615=VECTOR('',#9616,1.);
#9616=DIRECTION('',(1.4210854715202E-16,1.,0.));
#9617=CARTESIAN_POINT('',(212.,-300.,30.));
#9618=VECTOR('',#9619,1.);
#9619=DIRECTION('',(1.4210854715202E-16,1.,0.));
#9620=CARTESIAN_POINT('',(198.,-300.,30.));
#9621=VECTOR('',#9622,1.);
#9622=DIRECTION('',(1.4210854715202E-16,1.,0.));
#9623=CARTESIAN_POINT('',(195.,-300.,30.));
#9624=VECTOR('',#9625,1.);
#9625=DIRECTION('',(1.4210854715202E-16,1.,0.));
#9626=CARTESIAN_POINT('',(195.,-300.,26.));
#9627=VECTOR('',#9628,1.);
#9628=DIRECTION('',(1.4210854715202E-16,1.,0.));
#9629=CARTESIAN_POINT('',(215.,-300.,26.));
#9630=VECTOR('',#9631,1.);
#9631=DIRECTION('',(1.4210854715202E-16,1.,0.));
#9632=CARTESIAN_POINT('',(215.,-300.,30.));
#9633=VECTOR('',#9634,1.);
#9634=DIRECTION('',(1.4210854715202E-16,1.,0.));
#9635=CARTESIAN_POINT('',(239.,-300.,30.));
#9636=VECTOR('',#9637,1.);
#9637=DIRECTION('',(1.8947806286936E-16,1.,0.));
#9638=CARTESIAN_POINT('',(225.,-300.,30.));
#9639=VECTOR('',#9640,1.);
#9640=DIRECTION('',(1.8947806286936E-16,1.,0.));
#9641=CARTESIAN_POINT('',(222.,-300.,30.));
#9642=VECTOR('',#9643,1.);
#9643=DIRECTION('',(1.8947806286936E-16,1.,0.));
#9644=CARTESIAN_POINT('',(222.,-300.,26.));
#9645=VECTOR('',#9646,1.);
#9646=DIRECTION('',(1.8947806286936E-16,1.,0.));
#9647=CARTESIAN_POINT('',(242.,-300.,26.));
#9648=VECTOR('',#9649,1.);
#9649=DIRECTION('',(1.8947806286936E-16,1.,0.));
#9650=CARTESIAN_POINT('',(242.,-300.,30.));
#9651=VECTOR('',#9652,1.);
#9652=DIRECTION('',(1.8947806286936E-16,1.,0.));
#9653=CARTESIAN_POINT('',(266.,-300.,30.));
#9654=VECTOR('',#9655,1.);
#9655=DIRECTION('',(1.8947806286936E-16,1.,0.));
#9656=CARTESIAN_POINT('',(252.,-300.,30.));
#9657=VECTOR('',#9658,1.);
#9658=DIRECTION('',(1.8947806286936E-16,1.,0.));
#9659=CARTESIAN_POINT('',(249.,-300.,30.));
#9660=VECTOR('',#9661,1.);
#9661=DIRECTION('',(1.8947806286936E-16,1.,0.));
#9662=CARTESIAN_POINT('',(249.,-300.,26.));
#9663=VECTOR('',#9664,1.);
#9664=DIRECTION('',(1.8947806286936E-16,1.,0.));
#9665=CARTESIAN_POINT('',(269.,-300.,26.));
#9666=VECTOR('',#9667,1.);
#9667=DIRECTION('',(1.8947806286936E-16,1.,0.));
#9668=CARTESIAN_POINT('',(269.,-300.,30.));
#9669=VECTOR('',#9670,1.);
#9670=DIRECTION('',(1.8947806286936E-16,1.,0.));
#9671=CARTESIAN_POINT('',(293.,-300.,30.));
#9672=VECTOR('',#9673,1.);
#9673=DIRECTION('',(1.8947806286936E-16,1.,0.));
#9674=CARTESIAN_POINT('',(279.,-300.,30.));
#9675=VECTOR('',#9676,1.);
#9676=DIRECTION('',(1.8947806286936E-16,1.,0.));
#9677=CARTESIAN_POINT('',(276.,-300.,30.));
#9678=VECTOR('',#9679,1.);
#9679=DIRECTION('',(1.8947806286936E-16,1.,0.));
#9680=CARTESIAN_POINT('',(276.,-300.,26.));
#9681=VECTOR('',#9682,1.);
#9682=DIRECTION('',(1.8947806286936E-16,1.,0.));
#9683=CARTESIAN_POINT('',(296.,-300.,26.));
#9684=VECTOR('',#9685,1.);
#9685=DIRECTION('',(1.8947806286936E-16,1.,0.));
#9686=CARTESIAN_POINT('',(296.,-300.,30.));
#9687=VECTOR('',#9688,1.);
#9688=DIRECTION('',(1.8947806286936E-16,1.,0.));
#9689=CARTESIAN_POINT('',(320.,-300.,30.));
#9690=VECTOR('',#9691,1.);
#9691=DIRECTION('',(1.8947806286936E-16,1.,0.));
#9692=CARTESIAN_POINT('',(306.,-300.,30.));
#9693=VECTOR('',#9694,1.);
#9694=DIRECTION('',(1.8947806286936E-16,1.,0.));
#9695=CARTESIAN_POINT('',(303.,-300.,30.));
#9696=VECTOR('',#9697,1.);
#9697=DIRECTION('',(1.8947806286936E-16,1.,0.));
#9698=CARTESIAN_POINT('',(303.,-300.,26.));
#9699=VECTOR('',#9700,1.);
#9700=DIRECTION('',(1.8947806286936E-16,1.,0.));
#9701=CARTESIAN_POINT('',(323.,-300.,26.));
#9702=VECTOR('',#9703,1.);
#9703=DIRECTION('',(1.8947806286936E-16,1.,0.));
#9704=CARTESIAN_POINT('',(323.,-300.,30.));
#9705=VECTOR('',#9706,1.);
#9706=DIRECTION('',(1.8947806286936E-16,1.,0.));
#9707=CARTESIAN_POINT('',(-360.,300.,-40.));
#9708=VECTOR('',#9709,1.);
#9709=DIRECTION('',(-1.8947806286936E-16,-1.,0.));
#9710=CARTESIAN_POINT('',(360.,-300.,-40.));
#9711=VECTOR('',#9712,1.);
#9712=DIRECTION('',(1.8947806286936E-16,1.,0.));
#9713=CARTESIAN_POINT('',(360.,-300.,40.));
#9714=VECTOR('',#9715,1.);
#9715=DIRECTION('',(1.8947806286936E-16,1.,0.));
#9716=CARTESIAN_POINT('',(347.,-300.,40.));
#9717=VECTOR('',#9718,1.);
#9718=DIRECTION('',(2.8421709430404E-16,1.,0.));
#9719=CARTESIAN_POINT('',(347.,-300.,30.));
#9720=VECTOR('',#9721,1.);
#9721=DIRECTION('',(1.8947806286936E-16,1.,0.));
#9722=CARTESIAN_POINT('',(350.,-300.,30.));
#9723=VECTOR('',#9724,1.);
#9724=DIRECTION('',(1.8947806286936E-16,1.,0.));
#9725=CARTESIAN_POINT('',(350.,-300.,26.));
#9726=VECTOR('',#9727,1.);
#9727=DIRECTION('',(1.8947806286936E-16,1.,0.));
#9728=CARTESIAN_POINT('',(330.,-300.,26.));
#9729=VECTOR('',#9730,1.);
#9730=DIRECTION('',(1.8947806286936E-16,1.,0.));
#9731=CARTESIAN_POINT('',(330.,-300.,30.));
#9732=VECTOR('',#9733,1.);
#9733=DIRECTION('',(1.8947806286936E-16,1.,0.));
#9734=CARTESIAN_POINT('',(333.,-300.,30.));
#9735=VECTOR('',#9736,1.);
#9736=DIRECTION('',(1.8947806286936E-16,1.,0.));
#9737=CARTESIAN_POINT('',(1.10218211923262E-13,-135.,600.));
#9738=AXIS2_PLACEMENT_3D('',#9739,#9740,#9741);
#9739=CARTESIAN_POINT('',(1.10218211923262E-13,-3.67394039744206E-14,600.));
#9740=DIRECTION('',(1.83697019872103E-16,-6.12323399573677E-17,1.));
#9741=DIRECTION('',(-1.12481983699639E-32,-1.,-6.12323399573677E-17));
#9742=CARTESIAN_POINT('',(1.74994914386025E-14,-135.,95.2627944143368));
#9743=AXIS2_PLACEMENT_3D('',#9744,#9745,#9746);
#9744=CARTESIAN_POINT('',(1.74994914386025E-14,-5.83316381286749E-15,95.2627944143368));
#9745=DIRECTION('',(1.83697019872103E-16,-6.12323399573677E-17,1.));
#9746=DIRECTION('',(1.01583402700808E-31,-1.,-6.12323399573677E-17));
#9747=CARTESIAN_POINT('',(-8.99855869597115E-31,-80.,-4.89858719658941E-15));
#9748=AXIS2_PLACEMENT_3D('',#9749,#9750,#9751);
#9749=CARTESIAN_POINT('',(-1.26217744835362E-29,0.,0.));
#9750=DIRECTION('',(1.83697019872103E-16,-6.12323399573677E-17,1.));
#9751=DIRECTION('',(1.46523982674238E-31,-1.,-6.12323399573677E-17));
#9752=DRAUGHTING_MODEL('NONE',(#9759),#8);
#9753=DRAUGHTING_MODEL('NONE',(#9868,#9977,#10086),#8);
#9754=PLANE('',#9755);
#9755=AXIS2_PLACEMENT_3D('',#9756,#9757,#9758);
#9756=CARTESIAN_POINT('',(333.,-300.,40.));
#9757=DIRECTION('',(0.,0.,1.));
#9758=DIRECTION('',(-1.,1.22464679914735E-16,0.));
#9759=ANNOTATION_PLANE('',(#9760),#9754,(#9791));
#9760=PRESENTATION_STYLE_ASSIGNMENT((#9762));
#9761=COLOUR_RGB('',0.,0.,0.);
#9762=CURVE_STYLE('',#9763,POSITIVE_LENGTH_MEASURE(0.1),#9761);
#9763=PRE_DEFINED_CURVE_FONT('continuous');
#9764=EXTERNALLY_DEFINED_TEXT_FONT(IDENTIFIER(''),#9765);
#9765=EXTERNAL_SOURCE(IDENTIFIER('GOST type A'));
#9766=TEXT_LITERAL_WITH_EXTENT('','13',#9768,'',.LEFT.,#9764,#9767);
#9767=PLANAR_EXTENT('',6.7147912979126,7.13581323623657);
#9768=AXIS2_PLACEMENT_3D('',#9769,#9770,#9771);
#9769=CARTESIAN_POINT('',(323.142604351044,192.216491523451,40.));
#9770=DIRECTION('',(0.,0.,1.));
#9771=DIRECTION('',(1.,-2.44929359829471E-16,0.));
#9772=(ANNOTATION_OCCURRENCE()ANNOTATION_TEXT_OCCURRENCE()DRAUGHTING_ANNOTATION_OCCURRENCE(
)GEOMETRIC_REPRESENTATION_ITEM()REPRESENTATION_ITEM('')STYLED_ITEM((#9773),#9766));
#9773=PRESENTATION_STYLE_ASSIGNMENT((#9774));
#9774=TEXT_STYLE_WITH_BOX_CHARACTERISTICS('',#9775,(BOX_SLANT_ANGLE(0.),BOX_ROTATE_ANGLE(
0.)));
#9775=TEXT_STYLE_FOR_DEFINED_FONT(#9776);
#9776=COLOUR_RGB('',0.,0.,0.);
#9777=EXTERNALLY_DEFINED_TEXT_FONT(IDENTIFIER(''),#9778);
#9778=EXTERNAL_SOURCE(IDENTIFIER(''));
#9779=AXIS2_PLACEMENT_3D('',#9780,#9781,#9782);
#9780=CARTESIAN_POINT('',(333.,-300.,40.));
#9781=DIRECTION('',(0.,0.,1.));
#9782=DIRECTION('',(-1.,1.22464679914735E-16,0.));
#9783=(DIMENSION_TEXT_ASSOCIATIVITY()REPRESENTATION_ITEM('')GEOMETRIC_REPRESENTATION_ITEM(
)TEXT_LITERAL('',#9779,'',.UNSPECIFIED.,#9777)MAPPED_ITEM(#9858,$));
#9784=(ANNOTATION_OCCURRENCE()ANNOTATION_TEXT_OCCURRENCE()DRAUGHTING_ANNOTATION_OCCURRENCE(
)GEOMETRIC_REPRESENTATION_ITEM()REPRESENTATION_ITEM('')STYLED_ITEM((#9785),#9783));
#9785=PRESENTATION_STYLE_ASSIGNMENT((#9786));
#9786=TEXT_STYLE_WITH_BOX_CHARACTERISTICS('',#9787,(BOX_SLANT_ANGLE(0.),BOX_ROTATE_ANGLE(
0.)));
#9787=TEXT_STYLE_FOR_DEFINED_FONT(#9788);
#9788=COLOUR_RGB('',0.,0.,0.);
#9789=REPRESENTATION_CONTEXT('NONE','NONE');
#9790=LINEAR_DIMENSION('\X2\041B0438043D04350439043D044B0439\X0\ \X2\044004300437043C04350440\X0\:1',
(#9772,#9784,#9797,#9807,#9817,#9822,#9834));
#9791=ANNOTATION_OCCURRENCE('',(#9792),#9790);
#9792=PRESENTATION_STYLE_ASSIGNMENT((#9794));
#9793=COLOUR_RGB('',0.,0.,0.);
#9794=CURVE_STYLE('',#9795,POSITIVE_LENGTH_MEASURE(0.1),#9793);
#9795=PRE_DEFINED_CURVE_FONT('continuous');
#9796=POLYLINE('',(#10190,#10191));
#9797=PROJECTION_CURVE('',(#9798),#9796);
#9798=PRESENTATION_STYLE_ASSIGNMENT((#9800));
#9799=COLOUR_RGB('',0.,0.,0.);
#9800=CURVE_STYLE('',#9801,POSITIVE_LENGTH_MEASURE(0.1),#9799);
#9801=PRE_DEFINED_CURVE_FONT('continuous');
#9802=SHAPE_ASPECT('','',#128,.F.);
#9803=PROPERTY_DEFINITION('NONE','NONE',#9802);
#9804=PROPERTY_DEFINITION_REPRESENTATION(#9803,#9805);
#9805=REPRESENTATION('NONE',(#9796),#9789);
#9806=POLYLINE('',(#10192,#10193));
#9807=PROJECTION_CURVE('',(#9808),#9806);
#9808=PRESENTATION_STYLE_ASSIGNMENT((#9810));
#9809=COLOUR_RGB('',0.,0.,0.);
#9810=CURVE_STYLE('',#9811,POSITIVE_LENGTH_MEASURE(0.1),#9809);
#9811=PRE_DEFINED_CURVE_FONT('continuous');
#9812=SHAPE_ASPECT('','',#128,.F.);
#9813=PROPERTY_DEFINITION('NONE','NONE',#9812);
#9814=PROPERTY_DEFINITION_REPRESENTATION(#9813,#9815);
#9815=REPRESENTATION('NONE',(#9806),#9789);
#9816=POLYLINE('',(#10194,#10195));
#9817=DIMENSION_CURVE('',(#9818),#9816);
#9818=PRESENTATION_STYLE_ASSIGNMENT((#9820));
#9819=COLOUR_RGB('',0.,0.,0.);
#9820=CURVE_STYLE('',#9821,POSITIVE_LENGTH_MEASURE(0.1),#9819);
#9821=PRE_DEFINED_CURVE_FONT('continuous');
#9822=TERMINATOR_SYMBOL('',(#9823),#9827,#9817);
#9823=PRESENTATION_STYLE_ASSIGNMENT((#9825));
#9824=COLOUR_RGB('',0.,0.,0.);
#9825=CURVE_STYLE('',#9826,POSITIVE_LENGTH_MEASURE(0.1),#9824);
#9826=PRE_DEFINED_CURVE_FONT('continuous');
#9827=DEFINED_SYMBOL('',#9828,#9829);
#9828=PRE_DEFINED_TERMINATOR_SYMBOL('filled arrow');
#9829=SYMBOL_TARGET('',#9830,0.325,0.325);
#9830=AXIS2_PLACEMENT_3D('',#9831,#9832,#9833);
#9831=CARTESIAN_POINT('',(333.,189.681907954878,40.));
#9832=DIRECTION('',(0.,0.,1.));
#9833=DIRECTION('',(-1.,0.,0.));
#9834=TERMINATOR_SYMBOL('',(#9835),#9839,#9817);
#9835=PRESENTATION_STYLE_ASSIGNMENT((#9837));
#9836=COLOUR_RGB('',0.,0.,0.);
#9837=CURVE_STYLE('',#9838,POSITIVE_LENGTH_MEASURE(0.1),#9836);
#9838=PRE_DEFINED_CURVE_FONT('continuous');
#9839=DEFINED_SYMBOL('',#9840,#9841);
#9840=PRE_DEFINED_TERMINATOR_SYMBOL('filled arrow');
#9841=SYMBOL_TARGET('',#9842,0.325,0.325);
#9842=AXIS2_PLACEMENT_3D('',#9843,#9844,#9845);
#9843=CARTESIAN_POINT('',(320.,189.681907954878,40.));
#9844=DIRECTION('',(0.,0.,1.));
#9845=DIRECTION('',(1.,0.,0.));
#9846=SHAPE_DIMENSION_REPRESENTATION('NONE',(#9857),#8);
#9847=SHAPE_ASPECT('','',#128,.F.);
#9848=PROPERTY_DEFINITION('NONE','NONE',#9847);
#9849=PROPERTY_DEFINITION_REPRESENTATION(#9848,#9850);
#9850=REPRESENTATION('NONE',($),#8);
#9851=SHAPE_ASPECT('','',#128,.F.);
#9852=PROPERTY_DEFINITION('NONE','NONE',#9851);
#9853=PROPERTY_DEFINITION_REPRESENTATION(#9852,#9854);
#9854=REPRESENTATION('NONE',($),#8);
#9855=DIMENSIONAL_LOCATION('linear distance','',#9851,#9847);
#9856=DIMENSIONAL_CHARACTERISTIC_REPRESENTATION(#9855,#9846);
#9857=(LENGTH_MEASURE_WITH_UNIT()MEASURE_REPRESENTATION_ITEM()MEASURE_WITH_UNIT(
LENGTH_MEASURE(13.),#9)REPRESENTATION_ITEM('linear distance'));
#9858=REPRESENTATION_MAP($,#9846);
#9859=SHAPE_ASPECT_ASSOCIATIVITY('','',#9847,#9802);
#9860=SHAPE_ASPECT_ASSOCIATIVITY('','',#9851,#9812);
#9861=SHAPE_ASPECT('','',#128,.F.);
#9862=DRAUGHTING_MODEL_ITEM_ASSOCIATION('','',#9861,#9752,#9791);
#9863=PLANE('',#9864);
#9864=AXIS2_PLACEMENT_3D('',#9865,#9866,#9867);
#9865=CARTESIAN_POINT('',(360.,150.,200.));
#9866=DIRECTION('',(1.,-1.8947806286936E-16,0.));
#9867=DIRECTION('',(-1.8947806286936E-16,-1.,6.12323399573677E-17));
#9868=ANNOTATION_PLANE('',(#9869),#9863,(#9900));
#9869=PRESENTATION_STYLE_ASSIGNMENT((#9871));
#9870=COLOUR_RGB('',0.,0.,0.);
#9871=CURVE_STYLE('',#9872,POSITIVE_LENGTH_MEASURE(0.1),#9870);
#9872=PRE_DEFINED_CURVE_FONT('continuous');
#9873=EXTERNALLY_DEFINED_TEXT_FONT(IDENTIFIER(''),#9874);
#9874=EXTERNAL_SOURCE(IDENTIFIER('GOST type A'));
#9875=TEXT_LITERAL_WITH_EXTENT('','560',#9877,'',.LEFT.,#9873,#9876);
#9876=PLANAR_EXTENT('',10.9481239318848,7.13581323623657);
#9877=AXIS2_PLACEMENT_3D('',#9878,#9879,#9880);
#9878=CARTESIAN_POINT('',(360.,-5.52593803405762,541.293458114631));
#9879=DIRECTION('',(1.,-1.8947806286936E-16,0.));
#9880=DIRECTION('',(-1.8947806286936E-16,-1.,6.12323399573677E-17));
#9881=(ANNOTATION_OCCURRENCE()ANNOTATION_TEXT_OCCURRENCE()DRAUGHTING_ANNOTATION_OCCURRENCE(
)GEOMETRIC_REPRESENTATION_ITEM()REPRESENTATION_ITEM('')STYLED_ITEM((#9882),#9875));
#9882=PRESENTATION_STYLE_ASSIGNMENT((#9883));
#9883=TEXT_STYLE_WITH_BOX_CHARACTERISTICS('',#9884,(BOX_SLANT_ANGLE(0.),BOX_ROTATE_ANGLE(
0.)));
#9884=TEXT_STYLE_FOR_DEFINED_FONT(#9885);
#9885=COLOUR_RGB('',0.,0.,0.);
#9886=EXTERNALLY_DEFINED_TEXT_FONT(IDENTIFIER(''),#9887);
#9887=EXTERNAL_SOURCE(IDENTIFIER(''));
#9888=AXIS2_PLACEMENT_3D('',#9889,#9890,#9891);
#9889=CARTESIAN_POINT('',(360.,150.,200.));
#9890=DIRECTION('',(1.,-1.8947806286936E-16,0.));
#9891=DIRECTION('',(-1.8947806286936E-16,-1.,6.12323399573677E-17));
#9892=(DIMENSION_TEXT_ASSOCIATIVITY()REPRESENTATION_ITEM('')GEOMETRIC_REPRESENTATION_ITEM(
)TEXT_LITERAL('',#9888,'',.UNSPECIFIED.,#9886)MAPPED_ITEM(#9967,$));
#9893=(ANNOTATION_OCCURRENCE()ANNOTATION_TEXT_OCCURRENCE()DRAUGHTING_ANNOTATION_OCCURRENCE(
)GEOMETRIC_REPRESENTATION_ITEM()REPRESENTATION_ITEM('')STYLED_ITEM((#9894),#9892));
#9894=PRESENTATION_STYLE_ASSIGNMENT((#9895));
#9895=TEXT_STYLE_WITH_BOX_CHARACTERISTICS('',#9896,(BOX_SLANT_ANGLE(0.),BOX_ROTATE_ANGLE(
0.)));
#9896=TEXT_STYLE_FOR_DEFINED_FONT(#9897);
#9897=COLOUR_RGB('',0.,0.,0.);
#9898=REPRESENTATION_CONTEXT('NONE','NONE');
#9899=LINEAR_DIMENSION('\X2\041B0438043D04350439043D044B0439\X0\ \X2\044004300437043C04350440\X0\:3',
(#9881,#9893,#9906,#9916,#9926,#9931,#9943));
#9900=ANNOTATION_OCCURRENCE('',(#9901),#9899);
#9901=PRESENTATION_STYLE_ASSIGNMENT((#9903));
#9902=COLOUR_RGB('',0.,0.,0.);
#9903=CURVE_STYLE('',#9904,POSITIVE_LENGTH_MEASURE(0.1),#9902);
#9904=PRE_DEFINED_CURVE_FONT('continuous');
#9905=POLYLINE('',(#10196,#10197));
#9906=PROJECTION_CURVE('',(#9907),#9905);
#9907=PRESENTATION_STYLE_ASSIGNMENT((#9909));
#9908=COLOUR_RGB('',0.,0.,0.);
#9909=CURVE_STYLE('',#9910,POSITIVE_LENGTH_MEASURE(0.1),#9908);
#9910=PRE_DEFINED_CURVE_FONT('continuous');
#9911=SHAPE_ASPECT('','',#13,.F.);
#9912=PROPERTY_DEFINITION('NONE','NONE',#9911);
#9913=PROPERTY_DEFINITION_REPRESENTATION(#9912,#9914);
#9914=REPRESENTATION('NONE',(#9905),#9898);
#9915=POLYLINE('',(#10198,#10199));
#9916=PROJECTION_CURVE('',(#9917),#9915);
#9917=PRESENTATION_STYLE_ASSIGNMENT((#9919));
#9918=COLOUR_RGB('',0.,0.,0.);
#9919=CURVE_STYLE('',#9920,POSITIVE_LENGTH_MEASURE(0.1),#9918);
#9920=PRE_DEFINED_CURVE_FONT('continuous');
#9921=SHAPE_ASPECT('','',#13,.F.);
#9922=PROPERTY_DEFINITION('NONE','NONE',#9921);
#9923=PROPERTY_DEFINITION_REPRESENTATION(#9922,#9924);
#9924=REPRESENTATION('NONE',(#9915),#9898);
#9925=POLYLINE('',(#10200,#10201));
#9926=DIMENSION_CURVE('',(#9927),#9925);
#9927=PRESENTATION_STYLE_ASSIGNMENT((#9929));
#9928=COLOUR_RGB('',0.,0.,0.);
#9929=CURVE_STYLE('',#9930,POSITIVE_LENGTH_MEASURE(0.1),#9928);
#9930=PRE_DEFINED_CURVE_FONT('continuous');
#9931=TERMINATOR_SYMBOL('',(#9932),#9936,#9926);
#9932=PRESENTATION_STYLE_ASSIGNMENT((#9934));
#9933=COLOUR_RGB('',0.,0.,0.);
#9934=CURVE_STYLE('',#9935,POSITIVE_LENGTH_MEASURE(0.1),#9933);
#9935=PRE_DEFINED_CURVE_FONT('continuous');
#9936=DEFINED_SYMBOL('',#9937,#9938);
#9937=PRE_DEFINED_TERMINATOR_SYMBOL('filled arrow');
#9938=SYMBOL_TARGET('',#9939,14.,14.);
#9939=AXIS2_PLACEMENT_3D('',#9940,#9941,#9942);
#9940=CARTESIAN_POINT('',(360.,150.,543.828041683204));
#9941=DIRECTION('',(1.,-1.8947806286936E-16,0.));
#9942=DIRECTION('',(-1.8947806286936E-16,-1.,0.));
#9943=TERMINATOR_SYMBOL('',(#9944),#9948,#9926);
#9944=PRESENTATION_STYLE_ASSIGNMENT((#9946));
#9945=COLOUR_RGB('',0.,0.,0.);
#9946=CURVE_STYLE('',#9947,POSITIVE_LENGTH_MEASURE(0.1),#9945);
#9947=PRE_DEFINED_CURVE_FONT('continuous');
#9948=DEFINED_SYMBOL('',#9949,#9950);
#9949=PRE_DEFINED_TERMINATOR_SYMBOL('filled arrow');
#9950=SYMBOL_TARGET('',#9951,14.,14.);
#9951=AXIS2_PLACEMENT_3D('',#9952,#9953,#9954);
#9952=CARTESIAN_POINT('',(360.,-410.,543.828041683204));
#9953=DIRECTION('',(1.,-1.8947806286936E-16,0.));
#9954=DIRECTION('',(1.8947806286936E-16,1.,0.));
#9955=SHAPE_DIMENSION_REPRESENTATION('NONE',(#9966),#8);
#9956=SHAPE_ASPECT('','',#13,.F.);
#9957=PROPERTY_DEFINITION('NONE','NONE',#9956);
#9958=PROPERTY_DEFINITION_REPRESENTATION(#9957,#9959);
#9959=REPRESENTATION('NONE',($),#8);
#9960=SHAPE_ASPECT('','',#13,.F.);
#9961=PROPERTY_DEFINITION('NONE','NONE',#9960);
#9962=PROPERTY_DEFINITION_REPRESENTATION(#9961,#9963);
#9963=REPRESENTATION('NONE',($),#8);
#9964=DIMENSIONAL_LOCATION('linear distance','',#9960,#9956);
#9965=DIMENSIONAL_CHARACTERISTIC_REPRESENTATION(#9964,#9955);
#9966=(LENGTH_MEASURE_WITH_UNIT()MEASURE_REPRESENTATION_ITEM()MEASURE_WITH_UNIT(
LENGTH_MEASURE(560.),#9)REPRESENTATION_ITEM('linear distance'));
#9967=REPRESENTATION_MAP($,#9955);
#9968=SHAPE_ASPECT_ASSOCIATIVITY('','',#9956,#9911);
#9969=SHAPE_ASPECT_ASSOCIATIVITY('','',#9960,#9921);
#9970=SHAPE_ASPECT('','',#13,.F.);
#9971=DRAUGHTING_MODEL_ITEM_ASSOCIATION('','',#9970,#9753,#9900);
#9972=PLANE('',#9973);
#9973=AXIS2_PLACEMENT_3D('',#9974,#9975,#9976);
#9974=CARTESIAN_POINT('',(360.,-410.,300.));
#9975=DIRECTION('',(1.,-1.8947806286936E-16,0.));
#9976=DIRECTION('',(1.8947806286936E-16,1.,-1.83697019872103E-16));
#9977=ANNOTATION_PLANE('',(#9978),#9972,(#10009));
#9978=PRESENTATION_STYLE_ASSIGNMENT((#9980));
#9979=COLOUR_RGB('',0.,0.,0.);
#9980=CURVE_STYLE('',#9981,POSITIVE_LENGTH_MEASURE(0.1),#9979);
#9981=PRE_DEFINED_CURVE_FONT('continuous');
#9982=EXTERNALLY_DEFINED_TEXT_FONT(IDENTIFIER(''),#9983);
#9983=EXTERNAL_SOURCE(IDENTIFIER('GOST type A'));
#9984=TEXT_LITERAL_WITH_EXTENT('','600',#9986,'',.LEFT.,#9982,#9985);
#9985=PLANAR_EXTENT('',11.3449993133545,7.13581323623657);
#9986=AXIS2_PLACEMENT_3D('',#9987,#9988,#9989);
#9987=CARTESIAN_POINT('',(360.,-155.327500343323,450.79399232178));
#9988=DIRECTION('',(1.,-1.8947806286936E-16,0.));
#9989=DIRECTION('',(-1.8947806286936E-16,-1.,3.06161699786838E-16));
#9990=(ANNOTATION_OCCURRENCE()ANNOTATION_TEXT_OCCURRENCE()DRAUGHTING_ANNOTATION_OCCURRENCE(
)GEOMETRIC_REPRESENTATION_ITEM()REPRESENTATION_ITEM('')STYLED_ITEM((#9991),#9984));
#9991=PRESENTATION_STYLE_ASSIGNMENT((#9992));
#9992=TEXT_STYLE_WITH_BOX_CHARACTERISTICS('',#9993,(BOX_SLANT_ANGLE(0.),BOX_ROTATE_ANGLE(
0.)));
#9993=TEXT_STYLE_FOR_DEFINED_FONT(#9994);
#9994=COLOUR_RGB('',0.,0.,0.);
#9995=EXTERNALLY_DEFINED_TEXT_FONT(IDENTIFIER(''),#9996);
#9996=EXTERNAL_SOURCE(IDENTIFIER(''));
#9997=AXIS2_PLACEMENT_3D('',#9998,#9999,#10000);
#9998=CARTESIAN_POINT('',(360.,-410.,300.));
#9999=DIRECTION('',(1.,-1.8947806286936E-16,0.));
#10000=DIRECTION('',(1.8947806286936E-16,1.,-1.83697019872103E-16));
#10001=(DIMENSION_TEXT_ASSOCIATIVITY()REPRESENTATION_ITEM('')GEOMETRIC_REPRESENTATION_ITEM(
)TEXT_LITERAL('',#9997,'',.UNSPECIFIED.,#9995)MAPPED_ITEM(#10076,$));
#10002=(ANNOTATION_OCCURRENCE()ANNOTATION_TEXT_OCCURRENCE()DRAUGHTING_ANNOTATION_OCCURRENCE(
)GEOMETRIC_REPRESENTATION_ITEM()REPRESENTATION_ITEM('')STYLED_ITEM((#10003),#10001));
#10003=PRESENTATION_STYLE_ASSIGNMENT((#10004));
#10004=TEXT_STYLE_WITH_BOX_CHARACTERISTICS('',#10005,(BOX_SLANT_ANGLE(0.),BOX_ROTATE_ANGLE(
0.)));
#10005=TEXT_STYLE_FOR_DEFINED_FONT(#10006);
#10006=COLOUR_RGB('',0.,0.,0.);
#10007=REPRESENTATION_CONTEXT('NONE','NONE');
#10008=LINEAR_DIMENSION('\X2\041B0438043D04350439043D044B0439\X0\ \X2\044004300437043C04350440\X0\:2',
(#9990,#10002,#10015,#10025,#10035,#10040,#10052));
#10009=ANNOTATION_OCCURRENCE('',(#10010),#10008);
#10010=PRESENTATION_STYLE_ASSIGNMENT((#10012));
#10011=COLOUR_RGB('',0.,0.,0.);
#10012=CURVE_STYLE('',#10013,POSITIVE_LENGTH_MEASURE(0.1),#10011);
#10013=PRE_DEFINED_CURVE_FONT('continuous');
#10014=POLYLINE('',(#10202,#10203));
#10015=PROJECTION_CURVE('',(#10016),#10014);
#10016=PRESENTATION_STYLE_ASSIGNMENT((#10018));
#10017=COLOUR_RGB('',0.,0.,0.);
#10018=CURVE_STYLE('',#10019,POSITIVE_LENGTH_MEASURE(0.1),#10017);
#10019=PRE_DEFINED_CURVE_FONT('continuous');
#10020=SHAPE_ASPECT('','',#13,.F.);
#10021=PROPERTY_DEFINITION('NONE','NONE',#10020);
#10022=PROPERTY_DEFINITION_REPRESENTATION(#10021,#10023);
#10023=REPRESENTATION('NONE',(#10014),#10007);
#10024=POLYLINE('',(#10204,#10205));
#10025=PROJECTION_CURVE('',(#10026),#10024);
#10026=PRESENTATION_STYLE_ASSIGNMENT((#10028));
#10027=COLOUR_RGB('',0.,0.,0.);
#10028=CURVE_STYLE('',#10029,POSITIVE_LENGTH_MEASURE(0.1),#10027);
#10029=PRE_DEFINED_CURVE_FONT('continuous');
#10030=SHAPE_ASPECT('','',#13,.F.);
#10031=PROPERTY_DEFINITION('NONE','NONE',#10030);
#10032=PROPERTY_DEFINITION_REPRESENTATION(#10031,#10033);
#10033=REPRESENTATION('NONE',(#10024),#10007);
#10034=POLYLINE('',(#10206,#10207));
#10035=DIMENSION_CURVE('',(#10036),#10034);
#10036=PRESENTATION_STYLE_ASSIGNMENT((#10038));
#10037=COLOUR_RGB('',0.,0.,0.);
#10038=CURVE_STYLE('',#10039,POSITIVE_LENGTH_MEASURE(0.1),#10037);
#10039=PRE_DEFINED_CURVE_FONT('continuous');
#10040=TERMINATOR_SYMBOL('',(#10041),#10045,#10035);
#10041=PRESENTATION_STYLE_ASSIGNMENT((#10043));
#10042=COLOUR_RGB('',0.,0.,0.);
#10043=CURVE_STYLE('',#10044,POSITIVE_LENGTH_MEASURE(0.1),#10042);
#10044=PRE_DEFINED_CURVE_FONT('continuous');
#10045=DEFINED_SYMBOL('',#10046,#10047);
#10046=PRE_DEFINED_TERMINATOR_SYMBOL('filled arrow');
#10047=SYMBOL_TARGET('',#10048,15.,15.);
#10048=AXIS2_PLACEMENT_3D('',#10049,#10050,#10051);
#10049=CARTESIAN_POINT('',(360.,-410.,453.328575890353));
#10050=DIRECTION('',(1.,-1.8947806286936E-16,0.));
#10051=DIRECTION('',(1.8947806286936E-16,1.,-1.8947806286936E-16));
#10052=TERMINATOR_SYMBOL('',(#10053),#10057,#10035);
#10053=PRESENTATION_STYLE_ASSIGNMENT((#10055));
#10054=COLOUR_RGB('',0.,0.,0.);
#10055=CURVE_STYLE('',#10056,POSITIVE_LENGTH_MEASURE(0.1),#10054);
#10056=PRE_DEFINED_CURVE_FONT('continuous');
#10057=DEFINED_SYMBOL('',#10058,#10059);
#10058=PRE_DEFINED_TERMINATOR_SYMBOL('filled arrow');
#10059=SYMBOL_TARGET('',#10060,15.,15.);
#10060=AXIS2_PLACEMENT_3D('',#10061,#10062,#10063);
#10061=CARTESIAN_POINT('',(360.,190.,453.328575890353));
#10062=DIRECTION('',(1.,-1.8947806286936E-16,0.));
#10063=DIRECTION('',(-1.8947806286936E-16,-1.,1.8947806286936E-16));
#10064=SHAPE_DIMENSION_REPRESENTATION('NONE',(#10075),#8);
#10065=SHAPE_ASPECT('','',#13,.F.);
#10066=PROPERTY_DEFINITION('NONE','NONE',#10065);
#10067=PROPERTY_DEFINITION_REPRESENTATION(#10066,#10068);
#10068=REPRESENTATION('NONE',($),#8);
#10069=SHAPE_ASPECT('','',#13,.F.);
#10070=PROPERTY_DEFINITION('NONE','NONE',#10069);
#10071=PROPERTY_DEFINITION_REPRESENTATION(#10070,#10072);
#10072=REPRESENTATION('NONE',($),#8);
#10073=DIMENSIONAL_LOCATION('linear distance','',#10069,#10065);
#10074=DIMENSIONAL_CHARACTERISTIC_REPRESENTATION(#10073,#10064);
#10075=(LENGTH_MEASURE_WITH_UNIT()MEASURE_REPRESENTATION_ITEM()MEASURE_WITH_UNIT(
LENGTH_MEASURE(600.),#9)REPRESENTATION_ITEM('linear distance'));
#10076=REPRESENTATION_MAP($,#10064);
#10077=SHAPE_ASPECT_ASSOCIATIVITY('','',#10065,#10020);
#10078=SHAPE_ASPECT_ASSOCIATIVITY('','',#10069,#10030);
#10079=SHAPE_ASPECT('','',#13,.F.);
#10080=DRAUGHTING_MODEL_ITEM_ASSOCIATION('','',#10079,#9753,#10009);
#10081=PLANE('',#10082);
#10082=AXIS2_PLACEMENT_3D('',#10083,#10084,#10085);
#10083=CARTESIAN_POINT('',(-360.,190.,300.));
#10084=DIRECTION('',(1.57898385724467E-16,1.,0.));
#10085=DIRECTION('',(1.,-1.57898385724467E-16,0.));
#10086=ANNOTATION_PLANE('',(#10087),#10081,(#10118));
#10087=PRESENTATION_STYLE_ASSIGNMENT((#10089));
#10088=COLOUR_RGB('',0.,0.,0.);
#10089=CURVE_STYLE('',#10090,POSITIVE_LENGTH_MEASURE(0.1),#10088);
#10090=PRE_DEFINED_CURVE_FONT('continuous');
#10091=EXTERNALLY_DEFINED_TEXT_FONT(IDENTIFIER(''),#10092);
#10092=EXTERNAL_SOURCE(IDENTIFIER('GOST type A'));
#10093=TEXT_LITERAL_WITH_EXTENT('','720',#10095,'',.LEFT.,#10091,#10094);
#10094=PLANAR_EXTENT('',11.3449993133545,7.13581323623657);
#10095=AXIS2_PLACEMENT_3D('',#10096,#10097,#10098);
#10096=CARTESIAN_POINT('',(104.327500343323,190.,490.834673439257));
#10097=DIRECTION('',(1.57898385724467E-16,1.,0.));
#10098=DIRECTION('',(1.,-1.57898385724467E-16,0.));
#10099=(ANNOTATION_OCCURRENCE()ANNOTATION_TEXT_OCCURRENCE()DRAUGHTING_ANNOTATION_OCCURRENCE(
)GEOMETRIC_REPRESENTATION_ITEM()REPRESENTATION_ITEM('')STYLED_ITEM((#10100),#10093));
#10100=PRESENTATION_STYLE_ASSIGNMENT((#10101));
#10101=TEXT_STYLE_WITH_BOX_CHARACTERISTICS('',#10102,(BOX_SLANT_ANGLE(0.),BOX_ROTATE_ANGLE(
0.)));
#10102=TEXT_STYLE_FOR_DEFINED_FONT(#10103);
#10103=COLOUR_RGB('',0.,0.,0.);
#10104=EXTERNALLY_DEFINED_TEXT_FONT(IDENTIFIER(''),#10105);
#10105=EXTERNAL_SOURCE(IDENTIFIER(''));
#10106=AXIS2_PLACEMENT_3D('',#10107,#10108,#10109);
#10107=CARTESIAN_POINT('',(-360.,190.,300.));
#10108=DIRECTION('',(1.57898385724467E-16,1.,0.));
#10109=DIRECTION('',(1.,-1.57898385724467E-16,0.));
#10110=(DIMENSION_TEXT_ASSOCIATIVITY()REPRESENTATION_ITEM('')GEOMETRIC_REPRESENTATION_ITEM(
)TEXT_LITERAL('',#10106,'',.UNSPECIFIED.,#10104)MAPPED_ITEM(#10185,$));
#10111=(ANNOTATION_OCCURRENCE()ANNOTATION_TEXT_OCCURRENCE()DRAUGHTING_ANNOTATION_OCCURRENCE(
)GEOMETRIC_REPRESENTATION_ITEM()REPRESENTATION_ITEM('')STYLED_ITEM((#10112),#10110));
#10112=PRESENTATION_STYLE_ASSIGNMENT((#10113));
#10113=TEXT_STYLE_WITH_BOX_CHARACTERISTICS('',#10114,(BOX_SLANT_ANGLE(0.),BOX_ROTATE_ANGLE(
0.)));
#10114=TEXT_STYLE_FOR_DEFINED_FONT(#10115);
#10115=COLOUR_RGB('',0.,0.,0.);
#10116=REPRESENTATION_CONTEXT('NONE','NONE');
#10117=LINEAR_DIMENSION('\X2\041B0438043D04350439043D044B0439\X0\ \X2\044004300437043C04350440\X0\:1',
(#10099,#10111,#10124,#10134,#10144,#10149,#10161));
#10118=ANNOTATION_OCCURRENCE('',(#10119),#10117);
#10119=PRESENTATION_STYLE_ASSIGNMENT((#10121));
#10120=COLOUR_RGB('',0.,0.,0.);
#10121=CURVE_STYLE('',#10122,POSITIVE_LENGTH_MEASURE(0.1),#10120);
#10122=PRE_DEFINED_CURVE_FONT('continuous');
#10123=POLYLINE('',(#10208,#10209));
#10124=PROJECTION_CURVE('',(#10125),#10123);
#10125=PRESENTATION_STYLE_ASSIGNMENT((#10127));
#10126=COLOUR_RGB('',0.,0.,0.);
#10127=CURVE_STYLE('',#10128,POSITIVE_LENGTH_MEASURE(0.1),#10126);
#10128=PRE_DEFINED_CURVE_FONT('continuous');
#10129=SHAPE_ASPECT('','',#13,.F.);
#10130=PROPERTY_DEFINITION('NONE','NONE',#10129);
#10131=PROPERTY_DEFINITION_REPRESENTATION(#10130,#10132);
#10132=REPRESENTATION('NONE',(#10123),#10116);
#10133=POLYLINE('',(#10210,#10211));
#10134=PROJECTION_CURVE('',(#10135),#10133);
#10135=PRESENTATION_STYLE_ASSIGNMENT((#10137));
#10136=COLOUR_RGB('',0.,0.,0.);
#10137=CURVE_STYLE('',#10138,POSITIVE_LENGTH_MEASURE(0.1),#10136);
#10138=PRE_DEFINED_CURVE_FONT('continuous');
#10139=SHAPE_ASPECT('','',#13,.F.);
#10140=PROPERTY_DEFINITION('NONE','NONE',#10139);
#10141=PROPERTY_DEFINITION_REPRESENTATION(#10140,#10142);
#10142=REPRESENTATION('NONE',(#10133),#10116);
#10143=POLYLINE('',(#10212,#10213));
#10144=DIMENSION_CURVE('',(#10145),#10143);
#10145=PRESENTATION_STYLE_ASSIGNMENT((#10147));
#10146=COLOUR_RGB('',0.,0.,0.);
#10147=CURVE_STYLE('',#10148,POSITIVE_LENGTH_MEASURE(0.1),#10146);
#10148=PRE_DEFINED_CURVE_FONT('continuous');
#10149=TERMINATOR_SYMBOL('',(#10150),#10154,#10144);
#10150=PRESENTATION_STYLE_ASSIGNMENT((#10152));
#10151=COLOUR_RGB('',0.,0.,0.);
#10152=CURVE_STYLE('',#10153,POSITIVE_LENGTH_MEASURE(0.1),#10151);
#10153=PRE_DEFINED_CURVE_FONT('continuous');
#10154=DEFINED_SYMBOL('',#10155,#10156);
#10155=PRE_DEFINED_TERMINATOR_SYMBOL('filled arrow');
#10156=SYMBOL_TARGET('',#10157,18.,18.);
#10157=AXIS2_PLACEMENT_3D('',#10158,#10159,#10160);
#10158=CARTESIAN_POINT('',(-360.,190.,493.36925700783));
#10159=DIRECTION('',(1.57898385724467E-16,1.,0.));
#10160=DIRECTION('',(1.,-1.57898385724467E-16,0.));
#10161=TERMINATOR_SYMBOL('',(#10162),#10166,#10144);
#10162=PRESENTATION_STYLE_ASSIGNMENT((#10164));
#10163=COLOUR_RGB('',0.,0.,0.);
#10164=CURVE_STYLE('',#10165,POSITIVE_LENGTH_MEASURE(0.1),#10163);
#10165=PRE_DEFINED_CURVE_FONT('continuous');
#10166=DEFINED_SYMBOL('',#10167,#10168);
#10167=PRE_DEFINED_TERMINATOR_SYMBOL('filled arrow');
#10168=SYMBOL_TARGET('',#10169,18.,18.);
#10169=AXIS2_PLACEMENT_3D('',#10170,#10171,#10172);
#10170=CARTESIAN_POINT('',(360.,190.,493.36925700783));
#10171=DIRECTION('',(1.57898385724467E-16,1.,0.));
#10172=DIRECTION('',(-1.,1.57898385724467E-16,0.));
#10173=SHAPE_DIMENSION_REPRESENTATION('NONE',(#10184),#8);
#10174=SHAPE_ASPECT('','',#13,.F.);
#10175=PROPERTY_DEFINITION('NONE','NONE',#10174);
#10176=PROPERTY_DEFINITION_REPRESENTATION(#10175,#10177);
#10177=REPRESENTATION('NONE',($),#8);
#10178=SHAPE_ASPECT('','',#13,.F.);
#10179=PROPERTY_DEFINITION('NONE','NONE',#10178);
#10180=PROPERTY_DEFINITION_REPRESENTATION(#10179,#10181);
#10181=REPRESENTATION('NONE',($),#8);
#10182=DIMENSIONAL_LOCATION('linear distance','',#10178,#10174);
#10183=DIMENSIONAL_CHARACTERISTIC_REPRESENTATION(#10182,#10173);
#10184=(LENGTH_MEASURE_WITH_UNIT()MEASURE_REPRESENTATION_ITEM()MEASURE_WITH_UNIT(
LENGTH_MEASURE(720.),#9)REPRESENTATION_ITEM('linear distance'));
#10185=REPRESENTATION_MAP($,#10173);
#10186=SHAPE_ASPECT_ASSOCIATIVITY('','',#10174,#10129);
#10187=SHAPE_ASPECT_ASSOCIATIVITY('','',#10178,#10139);
#10188=SHAPE_ASPECT('','',#13,.F.);
#10189=DRAUGHTING_MODEL_ITEM_ASSOCIATION('','',#10188,#9753,#10118);
#10190=CARTESIAN_POINT('',(333.,-300.,40.));
#10191=CARTESIAN_POINT('',(333.,191.681907954878,40.));
#10192=CARTESIAN_POINT('',(320.,-300.,40.));
#10193=CARTESIAN_POINT('',(320.,191.681907954878,40.));
#10194=CARTESIAN_POINT('',(333.,189.681907954878,40.));
#10195=CARTESIAN_POINT('',(320.,189.681907954878,40.));
#10196=CARTESIAN_POINT('',(360.,150.,200.));
#10197=CARTESIAN_POINT('',(360.,150.,545.828041683204));
#10198=CARTESIAN_POINT('',(360.,-410.,200.));
#10199=CARTESIAN_POINT('',(360.,-410.,545.828041683204));
#10200=CARTESIAN_POINT('',(360.,150.,543.828041683204));
#10201=CARTESIAN_POINT('',(360.,-410.,543.828041683204));
#10202=CARTESIAN_POINT('',(360.,-410.,300.));
#10203=CARTESIAN_POINT('',(360.,-410.,455.328575890353));
#10204=CARTESIAN_POINT('',(360.,190.,300.));
#10205=CARTESIAN_POINT('',(360.,190.,455.328575890353));
#10206=CARTESIAN_POINT('',(360.,-410.,453.328575890353));
#10207=CARTESIAN_POINT('',(360.,190.,453.328575890353));
#10208=CARTESIAN_POINT('',(-360.,190.,300.));
#10209=CARTESIAN_POINT('',(-360.,190.,495.36925700783));
#10210=CARTESIAN_POINT('',(360.,190.,300.));
#10211=CARTESIAN_POINT('',(360.,190.,495.36925700783));
#10212=CARTESIAN_POINT('',(-360.,190.,493.36925700783));
#10213=CARTESIAN_POINT('',(360.,190.,493.36925700783));
ENDSEC;
END-ISO-10303-21;
